kepid,KOI,period,transit_duration,snr,snrd_pvalue,holczer
9022166,2175.01,26.84762709953793,0.2057298182024637,41.08852140525866,0.008873917140118,False
10797460,752.02,54.41840248461351,0.0908179077823113,24.503243993667475,0.2901277548665965,False
6851425,163.01,11.119909608404216,0.0669066381252959,103.55417563280425,0.0598223045831483,False
5561278,1621.01,20.31048116399636,0.1092646388463823,42.03293029419739,0.0027433519242634,False
7761545,1472.01,85.35145502657258,0.1323896020142984,142.290076685553,6.929288953738677e-08,True
5456651,835.01,11.763069813452953,0.0590333334470769,59.33056908707737,0.0943429859587597,False
10227020,730.01,14.78725879276939,0.1305335488505838,49.9392731063512,0.0014019429821751,True
8612847,1264.01,14.131743496212646,0.0762179127518016,40.06927537084608,0.7504719344604666,False
8822216,581.02,151.86455171187828,0.1747383707999329,14.908420239668738,0.4642154949017555,False
2975770,1788.02,369.0601373021228,0.1165774849254307,15.144520993243583,0.5277529850791971,False
7373451,881.02,226.89031210226645,0.1418524398080989,36.30451056030746,3.6637359812630166e-15,False
8611257,2931.01,99.2529570223744,0.1235330641080283,17.410388630492214,0.0493840579030759,False
11288051,241.02,30.95064010764677,0.0952268924574179,30.63737011133282,0.0028566564435607,False
10353968,618.01,9.070983757642052,0.0546764118693178,65.62678550800248,0.2063865150931595,False
8120608,571.02,13.342993563158448,0.0555249971482636,44.52908691027304,0.1367087489457623,False
11656246,1532.01,18.11473185270063,0.1018914574483361,50.913229366217166,0.1715188810242847,False
6508221,416.01,18.20795644596442,0.0748739320041237,160.28773174324772,0.604447475775269,False
4644604,628.01,14.485848725364342,0.0570500265639687,56.19675730864821,0.0992776195881479,False
7303287,1353.01,125.86526727720543,0.1692352411190366,308.899306814641,4.5584691577005287e-10,True
9390653,249.01,9.549274404870014,0.0317601273715805,113.43755102412432,0.1678209994046712,False
3859079,1199.01,53.52933107673915,0.1144059689786861,35.084675582467845,0.5252210976147411,False
9141746,929.01,6.491681645794269,0.0809863216230831,539.4376433315526,0.0001106118431906,False
10843590,431.02,46.90268658400722,0.0793649841711874,36.64755838825426,0.9031597169045874,False
9607164,587.01,14.034909233876334,0.0727989041962949,70.78933139343717,0.2819982401870502,False
11027624,1439.01,394.6248967851781,0.4790114532690199,117.80655873685588,0.8208636031726354,False
5640085,448.02,43.575134480240926,0.1105231101814159,54.80942019953093,0.0,True
8282846,4015.01,133.3032365203637,0.1510358738107812,21.36207193589529,0.8409613720191842,False
11017901,1800.01,7.794302391014237,0.0164987602996951,345.0979369247577,0.2906631484359429,False
12735740,3663.01,282.5255543813336,0.204908006247932,445.54881306019104,0.0417224348807644,False
5219234,1563.01,5.487107540305473,0.0556071492964178,58.024425486952914,0.0850267829787065,False
5364071,248.01,7.203858941874449,0.0517135667112786,105.90928427846606,2.2955014555847693e-09,True
7434875,884.01,9.439463055413032,0.0576881352767134,160.4929682008656,6.283862319378386e-14,False
10130039,1909.01,12.757989686386836,0.0854613700001485,41.933441658650565,0.0013420114438221,False
11176166,5875.01,9.878847281706095,0.0573370869084207,22.577220645900496,0.056216373570661,False
9472000,2082.01,31.58887894379632,0.0701450327455185,28.975677856591183,0.5514511044246,False
9597345,711.03,124.5244780344836,0.1963980148818133,45.85871518152109,0.000236689661885,False
8009350,1569.01,13.752077456192886,0.0548331034083129,39.97251899399591,0.5490506864167422,False
5978559,2321.01,95.61150054561456,0.1520664914714132,22.20948661991841,0.393931062656592,False
7456001,1517.01,40.068658137687095,0.1194797855814816,55.18068620926013,0.9876802181048248,False
4143755,281.01,19.556614610665356,0.1643337831649483,92.31056115325995,0.5096855272529602,False
1871056,1001.02,140.1071207684388,0.3795941884340909,20.01180993180224,0.996241615684044,False
4472818,3878.01,70.96728955169395,0.1403655920343036,37.673840996008686,0.5943658352079415,False
7503885,3417.01,91.07738822580012,0.1872605642178084,18.96267991117819,0.7004659731825656,False
7870390,898.03,20.09014843029713,0.0745895839105849,37.8103839837064,0.0332502616221952,False
5881813,2744.01,109.64658631913883,0.1262862452494375,26.3333177568048,0.920585339078688,False
7021681,255.01,27.521964107905337,0.0804905321011407,91.21754588887164,2.2457624648808403e-10,False
10934674,477.01,16.543012100271913,0.0786680641245515,43.33338900102974,3.529141324731811e-07,False
8644288,137.02,14.858910035069956,0.0693245119651633,375.118902019361,0.0,True
8394721,152.02,27.402321697810287,0.140475082418447,68.31110166296553,5.918790627390536e-06,True
8311864,7016.01,384.8474538950371,0.204590635497156,10.329222516173106,0.6070873038171032,False
7131760,3407.01,92.4367829583852,0.108699233477366,16.855070436127452,3.5813332521783536e-08,False
4262581,2122.01,37.646917018892935,0.1289615241203406,31.2974253895421,0.9581232080544506,False
8805348,695.01,29.90721533056288,0.0984525724106275,76.70327253017535,0.2361582871117873,False
7663691,891.01,10.006543380849012,0.1001331376532241,76.05671662567988,0.0980557623796055,False
11673802,1894.01,5.287906547465051,0.1739201086578489,71.72935389633375,0.0002351869718302,False
7289577,1974.01,109.44518232736488,0.0764515699969833,29.91562840197711,0.8350131141253727,False
6442377,176.01,30.229079744531123,0.1321865634966415,65.66021450689122,0.5357551886312882,False
10795103,3683.01,214.31128479159293,0.3197453162645661,320.45779030772803,1.4533479562039986e-05,True
9904006,2135.01,55.186519609223765,0.1839188677118294,36.161309165305816,0.0051710731805973,False
9962455,2748.01,23.198595925077345,0.2015454523702471,32.63462131362588,0.4615285677918781,False
3641726,804.01,9.029310022426898,0.0638562985323979,59.07735635727311,0.1701920987887559,False
10577994,475.01,8.18089057811783,0.0552748628252402,53.85540211162956,0.3394390327962642,False
9757613,250.04,46.82765644981354,0.0383664142111525,31.32382539177081,0.0732902208253779,False
5871985,2703.01,213.25762923644064,0.1557388040703866,26.912273569290825,0.9784870122034164,False
5629353,6132.02,7.584409296532169,0.0759856383225404,31.19230194112386,0.3828928246046033,False
9886361,2732.03,54.281111762675806,0.1092311950881578,19.409909371496937,0.3207969309844805,False
10189546,427.03,117.0404678800572,0.1375125969591339,16.47017811654182,0.2230625111191245,False
8672910,918.01,39.643132441560965,0.122157468007007,441.9894219778585,7.64943663966733e-14,True
9451706,271.01,48.63030553838735,0.1430990391586406,54.5428302671568,1.6926082757606764e-10,False
11512246,168.02,15.274420880929949,0.125415075257231,37.4332975681944,0.2394328363774944,False
11284772,4622.01,207.24833046324065,0.1227105537737647,12.427213498351708,0.9144562713006036,False
12116489,547.01,25.30291006611917,0.0899736368851724,119.40445268945818,0.0058630396496089,False
3962243,1203.01,31.883995087374487,0.1083364935105173,31.07328985428085,0.6835810034572485,False
9643874,1457.01,8.027681168681646,0.0579485355245224,494.19469133934257,4.411712345442354e-07,False
3832474,806.02,60.32512234013711,0.1223634708506195,321.0219072286214,0.0,True
12254792,1506.01,40.42856685160685,0.1318250190336563,37.695771054172575,0.8224845783987432,False
6191521,847.01,80.87233047250301,0.2157075547387123,114.3055958764676,0.9813094248117624,False
8242434,1726.01,44.96411710215669,0.1014182103698291,69.45416006398845,0.3034586437578962,False
8628758,1279.01,14.374588714872363,0.0979663197638541,56.91665371096936,0.4125946842278939,False
10843590,431.01,18.87022289226329,0.0638418632921208,67.62156489533626,0.100222228142681,False
4757437,497.01,13.193238171106747,0.1015266541543024,60.693878496524746,4.1244733901213415e-05,False
4742414,631.01,15.458057815601688,0.1729894324290286,808.5189768394702,0.0,False
7512982,1480.01,20.381747474525547,0.0762811540054179,47.236412183662566,0.0082095424088771,False
6125481,659.01,23.205663309903,0.0863992618891933,47.04995988104175,0.3770033875510143,False
10460984,474.01,10.94577093032844,0.0606502684610669,58.72839245841544,0.1456611479960791,False
9451706,271.02,29.39331921579218,0.1430833634181857,70.08724064671625,0.0,True
11297236,1857.01,88.64401332342021,0.1549691925995657,44.64364713772156,0.707679014605829,False
7303287,1353.03,330.07197980010267,0.087806296976826,9.057592620198264,0.228016745215151,False
10271806,733.01,5.924995351200571,0.0532748063408163,77.71337866259057,3.3410129107735997e-09,False
5791986,413.02,24.67456337357597,0.0634907552764865,31.82589106156756,0.2995482112272978,False
11018648,759.02,91.77321290296422,0.1250612156533168,20.565520439572417,0.9991077619983842,False
11298298,1802.01,5.24867079514557,0.0370470240276497,96.21557835522408,0.0,True
10925104,156.03,11.776130394505545,0.0584792422619507,146.24379356273994,0.0010179492435619,False
8644288,137.01,7.641563023099764,0.0683200629136202,345.8446600813777,5.440092820663267e-15,True
10360722,4051.01,163.69251186652963,0.1387247208416762,23.03439472272194,0.350276084296824,False
3832474,806.01,143.20318495654257,0.1712233680972532,109.49400351290696,0.0,True
9715631,5706.01,425.4835556204773,0.3615747148687027,15.450099491815308,0.0164608813359361,False
7287995,877.01,5.954889819332149,0.0481806827258305,95.9608871786726,5.154966695619656e-06,False
6707835,666.01,22.24812601528465,0.0792661240907497,73.40346659599419,0.0408560867885907,False
11709124,435.03,33.04055820258845,0.068774917277251,29.33078707217229,0.7090479180299467,False
10545066,337.01,19.782986457468265,0.1120739783772134,39.94204024150496,0.7063597618006175,False
10418224,428.01,6.873166431429413,0.1358664946696305,580.6379523390721,0.0,False
6226908,4068.01,19.59727705150413,0.084171418453775,38.30295684303877,0.0130758790024178,False
7277317,674.01,16.33887859841545,0.1875800981849445,222.3433560335155,0.9862610578901426,False
10214162,1724.01,17.423995949969683,0.0877752658933733,36.11632965829791,0.9024857937335758,False
9757613,250.02,17.25118326339486,0.0397577473665258,62.36986640759028,5.551115123125784e-16,True
10290666,332.01,5.458498300547128,0.082468190525657,86.96042555331448,0.1199397864676263,False
8099138,2338.01,66.18429940536981,0.0983578832576721,21.128424614952607,0.3964803428348635,False
6504954,1790.01,130.35452764028784,0.1197092481485339,129.7279296763496,0.0036190810913226,True
9955598,1925.01,68.95830384311111,0.0635298687161053,27.96249369663516,0.4971275025041676,False
8686097,374.01,172.70291081283202,0.2312283004987262,77.23643167736353,0.5475462375799268,True
4633570,446.01,16.709204468267895,0.0517243694129791,46.56039756490176,0.0267081707271333,False
6948054,869.02,36.2759379074329,0.1049813867955089,38.34741259467483,0.1049186930751909,True
5786676,650.01,11.954745817668812,0.043085506909095,92.122811174307,0.4143221407815873,False
11074178,1889.01,14.305131316272224,0.0813300856085968,39.70202646405347,0.7827234915215594,False
11074541,345.01,29.8849280964282,0.0915516446510551,119.2624543813554,0.4912738048218726,True
7626506,150.01,8.408877137464106,0.0705222564087976,149.4732180401106,0.1714478965375534,False
8056665,89.02,207.5841368031121,0.1417342043614977,57.09479208475137,0.0006213391195519,True
10122538,2926.05,75.73014904065634,0.0856016401434752,18.15344674335989,1.683631208893033e-07,False
6587002,612.03,122.08028728813976,0.0642452958756773,27.598460337665333,0.9963953540284276,False
3098810,1878.01,40.80958295332282,0.054694372151638,41.85579082271623,0.1023213004906952,False
9892816,1955.01,15.170269012299912,0.0829441187986641,46.1661585092525,0.5871630034143439,False
4157325,1860.02,12.209452755788725,0.082854920005435,43.14189735528432,0.0003151572630724,False
4254466,2134.01,42.30065304484216,0.0890999123008933,25.204382951324572,0.431326927309009,False
8210018,2762.01,132.9958454986832,0.1468508043849383,23.09344285790542,0.6909368213843079,False
8892303,2688.01,5.424750619403439,0.0215015339500836,98.71276738946324,0.1436798742747645,False
9766437,949.01,12.53248552823752,0.0799428698930232,69.1613779659055,0.1230518720029468,False
10854768,1309.01,10.117163968469544,0.0954512918392997,43.03138784841508,0.6158704880091292,False
6541920,157.04,46.68613685120682,0.1337895604451645,52.8594108715519,0.9092626703043978,True
6606438,2860.01,103.4271785836384,0.1014422737822092,18.115298440436327,0.8944862234357209,False
8367644,1879.01,22.085493713255737,0.0408801099346717,48.99565642510141,0.2204206821799406,False
9945370,2285.01,37.94565998205984,0.0829356925853065,26.12932927800797,0.670345301695846,False
10187017,82.01,16.145683042347095,0.0733604051834615,150.46692691379417,0.9912967527908704,False
11669125,1535.01,70.69808813408032,0.1353663084614045,27.150567672394143,0.9500078293507443,False
7826659,2686.01,211.03267486922968,0.1328109653566152,58.283489729014406,0.0153873420875707,False
9391506,1410.01,15.749589664533252,0.0940051134270529,47.31846487468432,0.1309788296365317,False
10453588,2484.01,68.88607849517496,0.1232839035762733,16.68804306318822,0.7475290887835238,False
8832512,1821.01,9.976827515185011,0.0696835736056959,51.135714781649945,0.7448925794121987,False
12252424,153.01,8.925082021845974,0.0528050364235019,142.057890298323,0.4826095672451597,False
5794379,842.02,36.06586968177481,0.0873459379639512,49.40983213172845,2.5532333103317484e-07,False
9957627,592.01,39.75260093978057,0.1028689891470231,40.30943948694252,0.4691740300969486,True
2854181,2232.01,101.13237789332366,0.0876060751471957,27.59661092279339,0.8247008264827949,False
3966801,494.01,25.695825582051835,0.0798837044824851,52.65418277161485,0.9354182915711192,False
11337372,1650.02,100.827982812716,0.162845208956008,37.76011171671606,0.8012346521378866,False
10004519,1572.01,9.803207374957914,0.0892788916322451,61.54896590781502,0.0266719650626426,False
8247638,907.04,99.64182122775436,0.0899404421137212,24.137687311612485,0.6358187727606264,False
11752906,253.01,6.383159392164759,0.0357622572799513,79.05301574307515,0.0006513406030403,False
10384798,1997.01,38.50522006001484,0.1196801251682348,36.29379316353261,0.3325181539766434,False
9139084,323.01,5.835980263531173,0.0419808818712584,104.54093355309644,0.5528996556847213,False
6960913,1361.01,59.87798693260959,0.0968561921371082,43.86611497304171,0.4434084453785943,False
8008067,316.01,15.771108844003813,0.1036047128056914,95.06113048500696,0.2113109630431426,False
4852528,500.01,7.053522501188048,0.0497903409420913,103.68067261810444,1.1778400477169268e-10,True
11709124,435.02,934.0810841172296,0.3323092036322506,104.733499096886,0.94858605904086,False
9351316,2078.01,18.7842683576639,0.061764008922102,30.693963463784907,0.1741884627134391,False
4349452,244.02,6.2385322101778495,0.0729936542514246,227.8360139041911,0.0022991720318272,True
10587105,339.03,35.865775220543746,0.1420967232267141,30.95382835038697,0.5258613657883207,False
5695396,283.01,16.091968610126443,0.0586209058784642,95.99008943182127,0.0,False
9950612,719.02,28.122494078297127,0.0868468433415767,27.49625764449174,0.949285428445489,False
7102316,2028.03,142.54487582294055,0.180283070296683,14.227098030841807,0.5918508475376478,False
10337517,1165.01,7.05393383908413,0.0322061033892188,58.56604700556291,0.9059971601775144,False
7955580,1711.01,55.67359027965534,0.0771926174551592,20.42276579556797,0.1148184920826799,False
5791986,413.01,15.228944519309316,0.0508450806502994,65.62546710095235,0.0114424741162212,False
10933561,291.01,31.51778236529537,0.155572649148699,61.93913328922702,0.2109838837901412,False
6941084,2348.01,85.73551825088215,0.1540983348620924,17.961890064715455,0.8057451397670282,False
7815744,1710.01,14.204412109630834,0.080147436472518,39.750298911925285,0.9998829155993054,False
8934103,4009.01,175.1389057504798,0.2187867137977417,18.594645697245408,0.0849350810836141,False
7211141,1355.01,51.92926134984656,0.1037297831596376,84.74576266239673,0.3722908302266272,True
6428700,853.01,8.203961867448927,0.0568286570028982,52.98097784748688,0.6364511658828471,False
8711794,105.01,8.981014290707579,0.0372749669748246,201.01134618317195,0.1436330287070467,False
6428794,4054.01,169.1336101408835,0.1740751762174072,16.796655575536256,0.5888044974966941,False
8240904,1070.02,107.7211709980947,0.1624587468249551,22.11764698274949,0.2404803536991835,False
9002278,701.04,267.2811480545144,0.1587200896516989,14.580287256331248,0.0119687775290863,False
12406749,1476.01,56.35865144089463,0.1136091525885397,45.95199134718496,0.2901090204688969,True
9818462,1521.01,25.94211552716908,0.0825176701701189,27.49734822364048,0.5144889247606903,False
6786037,564.01,21.058174097924123,0.1535184552385128,54.94764358784201,0.0,True
7364176,373.01,135.1878996950439,0.1796839639464134,63.76357025552127,0.96216943510694,False
10910878,757.02,41.197291054518594,0.0943065619696898,56.131042157010704,0.0887415146611022,True
10189546,427.02,42.949494153641766,0.109574466065158,30.218677427787743,0.7023927716161572,False
5511081,1930.02,24.31101593437373,0.1806100675390637,47.95564179975084,9.214851104388801e-15,False
10015937,1720.01,59.65858315138929,0.0919040239246152,25.911931567415948,0.0554498566465438,True
9631762,588.01,10.355872270024715,0.0579205332442923,50.22414108343097,0.929259708404622,False
3219995,2314.01,18.87060351112254,0.0654891922439475,31.38739629853021,0.2544645366452213,False
7515679,3728.01,5.546084056606378,0.0456005657413875,351.30621388879183,4.271746925521569e-06,False
8678594,1261.01,133.4607499849721,0.2233807428467338,107.64990976780896,0.0199671582370173,False
10925104,156.01,8.041341714380081,0.0537362656622228,72.21796799854835,0.0716488541414795,False
11554435,63.01,9.434154406333722,0.0544017580075558,636.4641499500689,0.0,False
9517393,2076.02,219.3213323922752,0.2434194036475922,74.3834794415495,0.7692288943516639,False
5959753,226.01,8.308661868391537,0.0657661351203201,74.75938192215834,0.0100294604785582,True
11194032,348.01,28.51117922484173,0.0878605021820274,129.67463693529854,0.7065520414149067,False
10002866,723.02,28.08191319410185,0.0901507554687082,67.71161681086495,0.4556422015598531,False
11521793,352.01,27.08240296231556,0.0929323302648532,42.41187623997274,0.0883406766633624,False
10271806,733.02,11.349358062318116,0.0633787289203881,46.976949190604174,0.0341276416595156,False
3247268,1089.02,12.21828156806968,0.050721131372471,106.9120152473133,0.3544889299056436,False
10601284,749.01,5.349563067561257,0.0608793602983809,62.75143085895897,0.0572056888216413,False
8552719,1792.01,88.4066833339123,0.2440989165359975,166.3461421285231,0.8314573227501438,True
11656721,541.01,13.646182765682816,0.0687866230846308,48.12792515369396,0.5084239901577292,False
8292840,260.02,100.28279548983888,0.2211672402080254,68.92229563300741,0.0100521075507863,False
9775938,951.02,33.65277754782891,0.08005742937582,42.3973259342435,0.8728101188930542,False
10779233,1989.01,201.12010516124303,0.209201921614401,19.008398017415523,0.7606739253728223,True
10004738,1598.01,56.47583849283339,0.1112067539998239,64.36079283674343,0.2269210935156592,False
6693640,1245.01,13.71938512470935,0.1136661623164346,47.42120564992067,0.9841216620705094,False
6196457,285.01,13.748836965585287,0.123270952262167,134.15358642152802,0.0290364006528993,False
10027247,2418.01,86.82837130996135,0.1274835193700976,16.604294657814297,0.0744309690252968,False
7529266,680.01,8.600154691903894,0.1755472188067356,1007.8202135027664,0.0,False
6062088,658.02,5.370638120764154,0.0423328889219096,71.13392518737109,0.0253076821761296,False
2581316,3681.01,217.8318722229357,0.4096926437328393,643.4216830285923,1.498801083243961e-14,False
5113822,638.01,23.642353214015824,0.1268172146874741,89.53912485826709,2.6914259709798216e-10,True
5768816,3288.01,47.98705286490371,0.0999576414248891,25.36733055030743,0.5915157173229751,False
8395660,116.02,43.84444572993296,0.1308422696281818,78.82982932710463,0.5382102384471594,False
9823457,954.01,8.115289557249543,0.0586095279822188,64.66433271542097,0.1912305523841919,False
3939150,1215.01,17.324204179146687,0.1620530420664895,49.29020875275756,6.661693419118819e-09,True
9963524,720.03,18.36973709384311,0.0446486408618551,57.8149471942134,1.255070713557238e-05,True
10285631,331.01,18.684057018601397,0.135532129838481,49.07931189352399,0.6347173596670954,False
4173026,2172.02,116.58310279633686,0.1198694250455096,19.64640344968892,0.6776835563630913,False
5383248,261.01,16.238470392624905,0.0780482532334839,153.86216424532432,0.1551962633190301,False
6616218,1692.01,5.960401115302206,0.0555759697711137,165.11501888844091,9.987011218015596e-12,False
11250587,107.01,7.256965501060236,0.0989876376049525,149.43499036311852,0.0957813382669083,False
9654468,2417.01,47.70558164015236,0.1039660190110404,22.916867637021465,0.4829850927247697,False
2164169,1029.01,32.31227868964718,0.1160629118611134,33.81069117690511,0.9377880322973436,False
6786037,564.02,127.90725410306892,0.2785248855767366,149.02353902007837,0.0,True
6029239,304.01,8.51203830893652,0.0446679074885573,116.23982104048986,0.7565795501557315,False
6266741,508.02,16.66590593384118,0.0848709883204374,72.13162663324042,0.0008168468155446,False
6291837,308.01,35.59715083961149,0.1228977787632713,93.0899783144566,0.0003831866478796,True
5629353,6132.01,33.31834036104195,0.1295573869313093,80.12987568683114,0.9257837470152795,False
7445445,567.03,29.022374774199523,0.0742111905639364,44.29635241710587,0.1791742191955373,False
6541920,157.01,13.024921267542174,0.0928254339314171,115.96174637361604,0.0,True
6849310,864.02,20.050461164867222,0.0916879560242109,41.71622659776532,0.3714222878319706,False
8164257,2073.01,49.50035626560922,0.1163139064229233,28.028019998123117,0.6204290424996304,False
4164994,1320.01,10.506830108157605,0.0702905388015065,410.4370660685546,0.0010326966682933,False
6587002,612.02,47.42779431362537,0.1048410341239328,60.10221702047324,2.2490494722138266e-07,False
6058816,3500.01,73.75031743048288,0.2734875246434912,28.12701144540077,0.0312833570665311,False
6863998,867.01,16.085187344251356,0.073447221718292,57.58703862349458,0.0566051230564652,False
8394721,152.04,81.06347003887491,0.0633262355813615,19.3673858970463,0.2689871768136149,True
10329469,2271.01,55.82237854339665,0.1114422999020173,25.804620614082285,0.7258893078025874,False
9662811,1854.01,43.03426987075406,0.1244142324707454,47.52206137060795,0.347245780746223,True
10454632,1877.01,20.160359449485583,0.074606605533594,39.47689559514495,0.6218999055951885,False
8367113,575.01,24.31573542910321,0.0830575137898533,45.68677923484986,0.8431310604880384,False
11773022,620.01,45.15526945251745,0.1128960746685212,195.922209482452,0.0560660067522472,True
6678383,111.03,51.75528611396922,0.1488807077690332,100.35552779705762,0.8526785785533896,False
7458762,887.01,7.41113006721824,0.0501756237067336,51.37227937236488,0.9507591768436856,False
2854914,1113.02,83.44629591148359,0.1330875875288352,32.088409842065225,0.8929129856907267,False
11133306,276.01,41.7459829190176,0.094097760634767,96.73889888325812,0.8421060344934715,False
11623629,365.01,81.7379242838429,0.1363617141680457,89.81855764443766,3.490201784583924e-06,False
10005758,1783.01,134.47829247485618,0.0919360173800279,167.26044833279656,0.0173453742007707,True
8478994,245.01,39.79225773379242,0.0912433146087408,109.80387714543546,0.9927972500380536,False
3323887,377.01,19.271105921574712,0.1172925507275765,114.2952157164481,0.0,True
6501635,560.01,23.67515908787977,0.0886709127152702,47.97708539553875,0.0329704945467759,False
4760478,5084.01,287.3779547850768,0.3696368001166018,50.71751499325067,0.1713608724157983,False
11852982,247.01,13.81504741768037,0.0431521310237097,53.92474806188336,0.7946522307831052,False
4644952,1805.02,31.782093693610943,0.0798853770280565,38.34590629082996,0.0,False
3656121,386.01,31.1588140957368,0.1047638506880342,81.6725939552631,0.0067662355854961,False
9946525,398.01,51.846891256884405,0.0860661725564193,218.9544510393904,2.3408830429616497e-11,False
11030711,1429.01,205.9125273630045,0.2003524340134779,47.39598169116196,0.0737018957143187,True
6442340,664.01,13.137490918352205,0.0985445678555135,44.92531355618203,0.8928488870584476,False
4349452,244.01,12.720374824629436,0.0528673597488037,437.28270649435046,0.0,True
8758204,2841.01,159.3898011077077,0.1683484103171965,18.043015738028902,0.1653891414994462,False
6521045,41.01,12.815897172918795,0.1309158198839192,78.44738227823368,0.4080397092611951,False
8891684,5581.01,374.8784506711704,0.2084402248426179,14.616550064960212,0.7956492213524095,False
10094670,1984.01,22.06404372533514,0.0720155531877246,38.44430717974142,0.0683270102624805,False
11253827,2672.02,42.99235693115623,0.0948327056913501,91.4405995826746,0.0,True
11442793,351.07,124.91621696088237,0.208973153511447,20.226371765860016,0.1487552697001053,False
4636578,2025.01,17.848524809938578,0.1152387660431807,42.35595088693358,0.0418792442494692,False
12470844,790.01,8.4723777523678,0.055032976093214,47.98908505101636,0.805953176472241,False
5375194,1825.01,13.52249854432016,0.0799633625398699,55.00935001978039,0.9688522061336752,False
8738735,693.01,28.77961665783823,0.1617521336713895,30.37873405720128,0.0995421609953969,False
10002866,723.03,10.08881288568906,0.0295810018464659,90.71140428917325,0.0196663553648598,False
11807274,262.02,9.376653402113895,0.045111722526447,54.75500894488968,0.0393591776498956,True
5358241,829.03,38.55766195017559,0.1053687294267337,43.66610010995084,0.0229249194125034,True
6869184,1732.01,43.31679526179601,0.1027365241842154,24.357728233164387,0.3649091576206011,False
8226050,1910.01,34.26856114915229,0.0956019010694009,35.984505374319816,0.0010333855790566,False
7265298,2051.01,25.762711199700107,0.1408553402061848,42.231918477730645,0.7884797313665843,False
9825625,955.01,7.039016241723484,0.079691542390942,58.804152564984655,0.2234811178617965,False
7515212,679.01,31.80473007768669,0.1683914104867884,59.6324044199666,0.4109663817974992,False
9458613,707.04,13.175520876386893,0.1364208868022321,49.03282150668414,0.0841126365997926,False
5164255,824.01,15.375639600810908,0.0573108221688468,248.7429572639233,0.0,True
8490993,911.02,105.14816940292884,0.1449288413180631,14.210434585060696,0.3366456355095679,False
7347246,3014.01,86.1162032539579,0.1228214580009703,19.457140951890167,0.6690546850783716,False
7755636,1921.01,16.004913940746498,0.1328035248727424,50.423420031482266,0.0046589279273513,False
8609450,1278.02,44.34721946464754,0.1293911103495251,41.48213747236645,0.2555174572670153,False
9520838,1866.01,105.30342415803143,0.1250296866184668,33.75497094288533,0.0135195832030451,False
6425957,663.02,20.30651376230158,0.056412250520419,67.01233973754371,0.4865771476229059,False
3218908,1108.01,18.92536708594064,0.0770778629328295,43.271111589609255,0.1072685545475121,False
10460984,474.03,94.88409851957796,0.0994466308574673,33.18499257997929,0.0,True
7549209,1518.01,27.50738393122757,0.1057918756906564,34.26744404095889,0.12552392084662,False
5351250,408.02,12.560951214790984,0.0761257091440223,54.64578175109196,0.0134103164243548,False
11189311,3220.01,81.41613598269332,0.2440863175005844,45.66829420207625,1.012393343602369e-06,False
3446746,385.01,13.144982106821931,0.0740284534592305,36.69891656429179,0.2915632661175613,False
6291653,850.01,10.526294348256265,0.0456147513562681,516.194935329307,0.006779805554495,False
12206313,2714.03,184.26139275141676,0.2356561817117382,14.793955446554913,1.4392886882319544e-10,False
9909735,1779.02,11.814999720179484,0.0516121817108922,100.32003834895484,0.0273829250788288,False
8822366,1282.01,30.86398535227828,0.1694722441653906,45.75845295984979,0.7162647759094316,False
9205938,2162.01,108.59348825674633,0.162952875435141,24.51479279716414,0.7293685861927421,False
5202905,1932.01,22.824377922232944,0.1405625955884993,49.06740798760145,0.999722384030274,False
10973814,1307.01,44.85209837938323,0.0698914088302356,38.264717270123256,1.7858092551503724e-05,False
8355239,574.01,20.134908315275855,0.0731328936600505,66.7116151599667,0.7797201116433604,False
9225395,2107.01,81.31514793534379,0.1187484245739021,24.478934105411675,0.0110235367558032,False
7008211,2102.01,187.7466323527896,0.1192266021308387,19.79243541734178,0.9753250689969818,False
7603200,314.01,13.781087438878702,0.0463745770071832,94.46239646095349,0.9949824573219804,True
6037581,1916.01,20.678806165958555,0.0945079157759578,33.30111780532747,0.0032149888303176,False
7050989,312.01,11.578879267118957,0.0580826126013876,68.15475258758217,0.2850818000313436,True
9589524,468.01,22.184318084365646,0.0613839780611588,87.60813192673116,0.9630554821647208,False
6429812,2408.01,94.28916703585382,0.0826343357289039,22.91207989076507,0.7168645410416217,False
8030148,155.01,5.660669411201719,0.0935273617109454,199.8692469140445,0.1227012300317044,False
4914423,108.02,179.60869615050208,0.2681655018563784,134.01033159422477,0.9091530579948116,True
6451936,511.01,8.005788977321235,0.0630014820368329,77.65713701917048,0.0806255840054581,False
8017703,518.01,13.981777869908097,0.0597306843214763,100.22424305260958,0.002396632849366,False
9025971,3680.01,141.2415671351746,0.1275537806245283,364.626366133079,0.0001211764599089,False
10005758,1783.02,284.0667607648299,0.1503530931842938,59.074675480696285,0.5994502789492198,True
12154526,2004.01,56.18857137315501,0.1266220288130665,37.903716872257405,0.2009268897853995,False
6619815,3361.01,65.94098530335405,0.158445321797918,19.27831082294588,0.6728528893712755,False
7810483,1943.01,29.922079659821595,0.0567946138907286,38.89035471671894,0.6889392544218857,False
5351250,408.03,30.82657181400324,0.0971058259012305,33.04894130643406,0.0029103306350573,False
7115785,672.01,16.087849431678727,0.0604550984059278,57.03662836242111,0.9955892574990408,False
6587280,857.01,5.7154229280363,0.0510185368199547,70.92783793275454,0.168662520120102,False
5094751,123.02,21.22261111353222,0.1330691103421706,97.7125362262129,0.0,False
5358241,829.01,18.649322869366124,0.0896229275275701,50.4349998873821,0.5984363145588514,True
5120087,639.01,17.97980424372232,0.1145727589764575,63.69494642777911,0.7002803884957339,False
10253547,2153.01,59.98105591291454,0.1444408699835065,25.99984114901656,0.8290346425802548,False
6448890,1241.01,21.405340496156875,0.2130390809006728,40.85084328140206,0.6175507111473324,False
8240797,1809.01,13.093910453281088,0.0444585673637668,68.28988311648179,0.3992921140416581,False
9347899,935.01,20.86022533590254,0.1049431439761095,116.9227180645377,0.3653866169602631,True
11176127,1430.03,77.47392045316089,0.0810257025753889,28.217951680848365,0.0042662479674908,False
7832356,1456.01,7.886635405465108,0.101424862278717,351.5042511551701,0.0103807299077591,False
11304958,764.01,41.43957521562432,0.2091046346787996,134.85929928040153,0.4419645479186673,False
8540376,7892.01,10.691796403367048,0.0965149051375456,21.84922958367985,0.8558743207776073,False
5792202,841.02,31.33054480253204,0.0918344595247602,129.66790977701862,1.4851742058397122e-10,True
4741126,1534.01,20.42221671357352,0.1277763571681455,33.67934172537989,0.1574561967759451,False
11086270,124.02,31.71984317521853,0.0979580081184751,55.70176743781183,0.6864815933965507,False
11391018,189.01,30.360445825639783,0.1091056913022085,1210.4342012308252,0.0,False
10019643,471.01,21.34737377334755,0.078233464264685,52.056541825386525,0.6862164653454594,False
6773862,1868.01,17.760761587224,0.0333290485048818,47.1047806177068,0.905556617388368,False
7908367,6166.01,12.206371678525542,0.0491207315922321,29.407722421319228,0.4481748842103498,False
3118797,1950.01,66.41589886322218,0.1411149699129943,35.344871948582025,0.0261022143520293,False
3559935,492.01,29.91120565551005,0.1352432565962156,46.88904474394954,0.9202597018101067,False
9458613,707.02,41.027743244130896,0.2007929428369183,61.49848760229472,0.4476474039083846,False
8738735,693.02,15.66057122833512,0.1433565611127283,59.29007380017964,0.3592099704490286,False
9710326,947.01,28.5991224754714,0.0733198198351072,45.06612201996131,0.6309164261993767,False
11126381,1863.01,33.78883076344491,0.1116806377845131,42.67470996167697,0.9223124042241178,False
10717241,430.01,12.376465360353455,0.053846028253866,92.82365682635628,0.3197724082986838,False
6196457,285.03,49.35706626938633,0.2243239640146034,25.62286148813125,0.4452773435525556,False
12206313,2714.02,47.32562038096105,0.2320568268687836,91.87954435986909,0.0,False
12366084,787.02,11.379374929031014,0.0468747933447554,46.67015807788043,0.0004760884418846,False
7430034,1848.01,49.62188288950339,0.1313312744654303,43.321552402778494,0.7864136169913248,True
9280239,3975.01,364.74573918116994,0.2259839437872649,27.308421911218066,0.6712458050858129,False
5005121,2237.01,76.42178422081653,0.152454492761351,24.27577332105857,0.0581100463822022,False
5966322,303.01,60.92829165481281,0.1286735008259527,79.14638951627816,0.8618038944507627,True
5812960,507.01,18.492344397946496,0.0699855966748494,63.75107553149108,0.706499238568528,False
6020753,657.02,16.28247067932251,0.0587202887031222,68.26730089823955,0.5036907648288391,False
11669239,542.01,41.88545842419953,0.1236650112230629,46.44473684456597,0.214039074085318,False
10878263,341.01,7.170717515719568,0.0599442216333478,114.82156224043004,0.9597345042029946,True
4142847,2210.02,210.6314034741466,0.1643473117706666,19.7695111990557,0.2361417710452924,False
8494142,370.01,42.88250726982474,0.1985912049950551,82.47701925922532,0.5912573483876266,True
5709725,555.02,86.49470499346721,0.1468304201210282,39.449053394606366,0.0222025118803878,False
5351250,408.01,7.381981534960066,0.0626923803385048,105.78168190637932,0.0101891498756018,False
8505670,912.01,10.848453821135216,0.0598657384809156,74.15093534222764,0.9999116547377764,False
9663113,179.01,20.740284295738032,0.2090268551742886,146.94473526505325,0.0017068891025953,False
7047922,1899.01,19.761718175262985,0.0729560894379585,40.13515784994917,0.5672454294098288,False
11656918,1945.01,62.13860347757548,0.0851786236773782,39.18640123976704,0.0179315163976845,False
7831264,171.01,5.968721430879996,0.0744837239557099,114.58588872516393,0.0869173934485807,False
7939330,1581.02,144.55046948828647,0.2977904629621546,23.455195179241887,0.0058648156537632,True
7629518,1495.01,15.594655913980024,0.1016908688025901,51.86853017966329,0.0528412779369018,False
6541920,157.02,22.6871563279966,0.1112254677289353,115.95219714142016,0.0042784168652636,False
9271752,1406.01,11.361119714730185,0.0840721473410757,55.8368607581179,0.1771367783629075,False
10010440,2309.01,53.59905405668879,0.1367790744592101,18.50339675778393,0.855755315120053,False
3847138,444.01,11.722914969760552,0.0854755258848783,57.72382165212623,0.4293808052777097,False
9941859,528.01,9.576664417846912,0.0678917729042635,87.48611819143636,0.0226035441230963,False
3656121,386.02,76.73256910678657,0.1274382793488329,39.26606965398904,0.0824498940010267,False
3662838,302.01,24.85459093102483,0.1799738984085998,95.88389708907076,0.3564234739641094,False
8022244,519.01,11.90351947461261,0.0868606447216692,48.76642854626187,0.7281575428849284,False
8142787,4005.01,178.139298762214,0.1972419904798006,21.86331737006356,0.0282532083161307,False
10724369,1302.01,55.6392699711829,0.1423435676885274,47.53474554141901,0.2004964795789462,False
10134152,2056.01,39.31356371396008,0.1022175562489764,31.22883571129359,0.0299732040919075,False
9950612,719.03,45.902791018770735,0.1053775373018258,43.478012562522025,1.4210854715202004e-14,False
5470739,1585.01,19.17893164088277,0.1051025543440808,34.05604229642251,0.744514284870295,False
12058931,546.01,20.68420492413557,0.1300374727458579,62.15737118762264,0.1227928689584599,False
6221385,6145.02,32.65703313006881,0.1200608995184827,19.089803496867724,0.5393219233100965,False
4072526,1329.01,33.19965518234115,0.1015573539985824,40.56611212326364,0.2115969791928446,False
6766634,1375.01,321.21282301469694,0.0708668235003493,83.06233702849296,0.8617228871370894,False
10004738,1598.02,92.8750456120635,0.1374196483991398,34.263552570791944,0.0613725309881143,False
9837661,2715.01,11.128270866564556,0.0493920029937568,89.36483527440981,0.1426165723178857,False
5686174,610.01,14.28228815600844,0.0536872153669461,51.07101659006885,0.0236013769814927,False
11754553,775.03,36.44532412369243,0.0793242627996359,29.68801460291782,0.0016413448907002,False
4247991,2311.03,104.35147491865672,0.076260550527097,15.012116774359557,0.7555555069304818,False
5021899,821.01,21.812978363170565,0.0888215210690599,46.91409095438222,0.7365681915380616,False
6289257,307.01,19.674125893597925,0.0734352165746636,44.52793670565727,0.067765558825248,False
10864656,1299.01,52.50086762943466,0.3012235413866249,67.78664198324506,0.0064043800953496,False
8491277,234.01,9.61375237735327,0.0933472264374228,103.86412986169974,0.5214775611306801,False
8120608,571.04,22.40776143811568,0.0673999298206371,28.08132447676056,0.1806398452899333,False
11954842,1530.01,12.984942309860909,0.0703369815996346,45.22116625216879,0.1481503414950855,False
9578686,709.01,21.385238723784465,0.0814693848549597,68.21012718743171,7.289724379688778e-13,True
7841925,1499.01,14.16400191566153,0.0876477288232133,78.48285663627017,0.0076370499698446,False
8559644,139.01,224.7783863897456,0.2101541538414253,185.1111615741984,0.0,True
7269974,456.01,13.699422767002504,0.0882543817020552,119.31319155456436,0.038489354585306,True
3733628,387.01,13.89962899821214,0.0694168912663418,86.49998779003214,0.9293046593396838,False
10718726,600.02,294.0528911528629,0.2885787760401075,18.295459548088157,0.4347655805017186,False
4563268,627.01,7.7519283760530415,0.0718723148630565,81.58256976286503,5.773159728050814e-15,False
8962094,700.01,30.86436130909182,0.0570247402085117,55.45474306945734,0.1093698512784443,True
11288051,241.01,13.821412116216338,0.0726397232362307,91.1012100339299,0.6082006569929179,False
5792202,841.01,15.335288226443518,0.0715878081043435,97.00101624650657,0.0,True
7626506,150.02,28.57426073802267,0.1000393224329829,95.48106564765628,0.4281167679081283,False
8883593,923.01,5.7434713534661,0.0700632216836934,85.86433830858746,0.0031210155369985,False
5514383,257.01,6.883405979979964,0.0425159897867674,175.40974707337404,0.3588519617312059,False
6046540,200.01,7.340714933048993,0.0556303681809217,1000.146142656079,0.0,False
5866724,85.01,5.859938605226721,0.0820385682933691,229.2288934318176,0.0,False
4138008,4742.01,112.303114599198,0.1202174275060763,13.574320319679716,0.4052492246451025,False
9347899,935.03,87.64742653491619,0.1767969368210529,35.573642490383534,0.1455260396176095,False
11122894,1426.01,38.86874989245821,0.1256671541929993,68.47046987922867,0.0022241517765495,True
4249725,222.01,6.312506622778172,0.0561972942466836,115.28905190405315,0.0001409602227548,False
10386922,289.02,296.63746772193053,0.3232196822688744,147.96444363755094,0.4729307279151258,False
5796675,652.01,16.080651550585653,0.0572481838743463,179.74691117920463,0.7905038798118422,True
11498128,2296.01,106.24786114310533,0.2794397711820348,25.03673025207012,0.1089342006401306,False
4455231,1332.03,56.63758721182943,0.1236989728680816,23.254552553474443,0.0207764531391971,False
2302548,988.02,24.57087443960981,0.0568711989092088,32.11225667232723,0.6983337244523079,False
10480915,2040.01,19.585588986532223,0.0280112542561973,32.411972188899085,0.7881589225520024,False
6436029,2828.02,505.46408310649366,0.1986440207987183,12.24901483572886,0.7661803663610243,False
4150804,3678.01,160.8844681311454,0.2112490517442611,420.8966735004705,0.0,True
10723750,209.01,50.79038083871092,0.2115344193333861,437.39124163395337,0.0,False
8039892,903.01,5.007316814925864,0.0812984486869776,394.15005212501046,0.0534239636182233,False
10337258,333.01,13.285303796550204,0.1248398755990391,119.8775046225415,0.0,False
9101496,1915.02,67.8445983451132,0.2467334424977386,17.413438214471586,0.351020833028606,False
10810838,174.01,56.354102536521616,0.065929010873862,61.923561926100994,0.035791586355492,False
6522242,855.01,41.40831552314525,0.0902634583765971,946.1527582819022,0.0,False
5009743,1609.01,41.69801369506638,0.1162269535781716,43.23616560986768,0.3459505461172871,False
10158729,2097.01,58.60190443209577,0.112064676774197,22.37114310144977,0.1161263633542645,False
10982872,343.03,41.80850708771081,0.1612069706376988,23.04369378252614,0.6475421826041167,False
10395381,740.01,17.6717764999988,0.0648671456288288,39.18439953686303,0.6879576043035869,False
8222813,1069.01,8.704203300280133,0.0587931216216653,78.2379044862426,0.0367301533210909,False
11547513,295.01,5.317439802729404,0.0591242671422935,102.60176469561225,0.0001695159513593,False
11874577,2779.01,34.45854638679547,0.1505325048525501,23.74834014957545,0.4558492895168281,False
7898352,1486.02,30.183774822285,0.1191046817294912,35.70485866807,0.3950979374394567,False
5456651,835.02,56.22786033762031,0.0701580119377237,24.416704010132246,0.0792850142961466,False
4282872,1325.01,10.03538524622646,0.0678174715725231,167.37068335963568,0.7686918882329932,False
7825899,896.01,16.239464193631292,0.0805283700214974,113.74457053168965,1.6034262306785507e-06,False
8429314,2624.01,115.68634675720013,0.0942488230986525,21.221927381770858,0.8682928213938266,False
2853093,1099.01,161.52783297586606,0.0719365400927161,59.66023226783056,0.1771263395110106,False
10460984,474.02,28.9869170100972,0.069760587029963,32.16050831793023,2.7387739420903223e-05,False
8636333,3349.01,82.17529414655256,0.176220168882872,19.3019722311215,0.769912849608453,False
5511081,1930.01,13.727101072224508,0.150518492700735,62.24795051082042,0.1668662855017487,False
9583881,467.01,18.009319124250858,0.0968083451449078,246.27450162622972,2.0961010704922958e-13,False
7419318,313.01,18.73577026956477,0.0600115517409263,63.218205029701565,0.6767402354776308,False
12644822,791.01,12.611901195247851,0.0974879225924981,209.4012748125893,0.2005742273995401,False
10528068,1162.01,158.68483240636627,0.2336309354223983,87.01066763801595,4.701039557630793e-11,True
10526549,746.01,9.273582020700056,0.0668372417728904,89.36654274249763,0.8834035228352349,True
8806123,523.01,49.411161387063245,0.0892832607994125,124.36574046968224,0.3338449803034264,True
8081187,1951.01,37.3229367883364,0.1453259504688592,40.27291637861406,0.2219082121939856,False
12459913,602.01,12.913863113791011,0.1042563429747041,43.25578299264475,0.0050502950274587,False
9415172,938.01,9.946029015419075,0.0686461642482603,59.95338186003161,0.1342760893174535,False
9480310,1470.01,15.434011812979293,0.0822859106166942,73.3994662636461,0.1242237979176602,False
9836149,1958.01,17.815947155110194,0.0681126195360869,37.690012877530044,0.0246148744989613,False
9836959,1715.01,105.0144971360466,0.1323907992821081,34.223992399666486,0.2639773545007446,False
9518318,1978.02,23.85163589199996,0.0467369467509848,29.58792973725496,0.2528337591305286,False
8625925,580.01,6.521209628307687,0.0565245014608484,76.35776479892965,0.7306821831345329,False
6707833,563.01,15.28468473166764,0.1214228280463075,39.908705929426354,0.178835247527479,False
10189546,427.01,24.61479029954755,0.0529943311598198,59.570909957255175,0.2743122312430769,False
9823457,954.02,36.92503652357381,0.0955313819000678,40.69417920527711,0.5527572102385233,False
10713616,1311.01,83.57820974254803,0.1456824810673776,49.68851466397908,0.1540219818776784,False
10404582,2147.01,37.8659980429566,0.0979593055574582,25.61629714466301,0.0405696488837994,False
5689351,505.05,87.09090844046331,0.1287207734095534,29.75662940793537,0.7994624380135906,False
7102316,2028.01,57.24867836890424,0.1231717516628493,32.30870663794609,0.4188881702120253,False
11402995,173.01,10.060830684281775,0.0917202732430803,90.17757263721975,0.1185732881037491,False
9875711,956.01,8.36086997750745,0.0537619968013196,125.16086666249012,0.0108263364857297,False
7098355,454.01,29.00788433411165,0.098265055354264,49.97122988007156,0.8570081520652223,False
5088536,282.01,27.50869955816922,0.1191036432441406,146.5375636164163,2.3086360878887824e-05,True
5094751,123.01,6.481629412752523,0.0746658952664748,123.1445155332608,4.993726099300488e-09,False
6850504,70.03,77.61152862385809,0.1464298269144562,67.68613219570601,0.7126953222347039,False
3114167,795.01,6.770300189247345,0.039464625481577,51.90147307471481,0.9190891743214654,False
7376983,1358.01,5.644917101782729,0.04544087961647,67.1815216274003,0.8679504694316114,False
8547140,1266.01,11.419263531795696,0.0818879744512671,54.26663474128956,0.3855262408820905,False
9031209,3316.01,47.05698569295442,0.1050403168890283,30.26459997957884,0.920033369037036,False
4914423,108.01,15.96532835328708,0.0915406453404503,136.2227328816311,0.1341345209563751,False
4813563,1959.01,36.51574772130899,0.0715505369693831,34.61729251657074,0.003450887440009,False
9334289,934.01,5.82666011267489,0.0585953529931344,75.87449288464425,0.5738714405101,False
9479273,940.01,6.104847570849804,0.0925897829326156,343.06427210046536,5.190392493581442e-07,False
2581554,3835.01,47.148482879634685,0.0623916445391037,64.4556687247551,0.3196535778357224,False
11442793,351.01,331.6007055077295,0.2762484149655093,199.14573133901425,0.5716587532795265,False
7286173,1862.01,56.4349974891925,0.0961576734365854,44.91776717092881,0.5619887331635638,False
10028792,1574.02,191.23882160969663,0.363088317967095,38.21046836657704,0.1521649127217357,False
6071903,306.01,24.307866365155565,0.0533733893689348,52.28146182574431,0.9849361336936856,False
8505920,2094.02,198.6815079953267,0.1655701257242555,12.380545633243663,0.8006372018145789,False
5436502,834.05,50.44656559922111,0.1481235536434202,21.878336411367226,0.0004829293425275,False
11754553,775.01,16.384836975192623,0.0622801401627472,42.2409495020546,2.150835065606316e-12,False
6185331,1727.01,49.770104651586266,0.19235797665667,114.09479443611704,0.1999603663362138,False
7287995,877.02,12.03989475108544,0.0548280382818403,60.15755156641092,5.985095647975669e-07,True
9597058,1819.01,12.057055457585498,0.0468561811342095,44.47418694486009,0.9995893456551296,False
4815520,367.01,31.57864857188297,0.0425322272235632,306.17441471083123,0.8968875584492003,False
6587796,3237.01,33.4202781252487,0.1045948435787731,34.76070762876101,0.8117348964725115,False
4370527,2166.01,61.61748738274537,0.0768730984095334,20.490816979638137,0.8788890866106503,False
6383785,239.01,5.640676907001225,0.05654174920743,157.98893893214978,0.0920500103136454,False
3326377,1830.01,13.22713026654808,0.0672007879209437,50.45236537705591,0.6767736108941709,False
6462863,94.02,10.423677288090005,0.1055159791908853,245.5035800142692,0.0087138955839607,False
6850504,70.01,10.854087219611342,0.0761473398934167,195.4779062491369,1.1575296277044345e-11,False
5088591,1801.01,14.5324507147645,0.0645282219494967,74.80884005482642,0.4939805673852393,False
4476123,814.01,22.36645615119049,0.1060933748789488,37.32640419758411,0.0100095205729459,False
6678383,111.01,11.427552074755036,0.0929637740911225,159.61611111691877,0.0,False
3239945,490.02,1071.2325752380088,0.2988851493460335,416.8221081579384,4.475753101473856e-12,False
8043638,460.01,17.587524077501637,0.0882450161812105,114.02156004774665,0.0144740994794705,False
5272878,826.01,6.365841575591276,0.060257227622046,79.29267918004092,0.4463776669464733,False
2165002,999.01,16.56809015346689,0.084388240378442,44.69965834168848,0.0760408410591589,False
9022166,2175.02,72.38266740027771,0.1637945822176292,31.898756972096265,0.7481000057223288,False
9892816,1955.02,39.45712272793955,0.1640339234491535,32.02760780385325,0.4262972227462012,True
9406990,937.01,20.834278062196944,0.0822555071614222,48.80147260778583,0.1772925826297144,False
5640085,448.01,10.139603210492156,0.0540896330933745,48.17755529682438,0.996593812990226,False
4852528,500.02,9.521644247780191,0.0486932747256239,86.7959010259825,8.881784197001252e-16,True
3835670,149.01,14.557311879961574,0.1572363667877429,180.4740469930188,0.0134172927835726,False
5609593,2834.01,136.2051958981762,0.1106801825826896,19.746929771642616,0.2181675260179909,False
7219825,238.01,17.23232120465612,0.0923053923526634,67.92163956713374,0.6300644299091032,False
9631995,22.01,7.891448692565624,0.0808879607436163,1908.322918557417,0.0,False
8890783,464.01,58.36204494938627,0.1229082143276628,192.40363704451875,0.6915458787808273,True
5792202,841.04,269.29715187831005,0.2119601020379247,15.010085104258144,0.1103920496657202,False
4478168,626.01,14.586495871136446,0.0810236411812136,63.24675701403599,0.1642891770510126,False
4833421,232.02,5.766169955285949,0.0783617936387548,61.04792277465404,0.0285342935859321,False
7366258,880.02,51.53919277078299,0.1306579366881186,148.1754259643091,0.0,True
11757451,4745.01,177.6687786901695,0.1807845667733904,9.38910371897496,0.6125112619254682,False
5866724,85.03,8.131214761794366,0.087325179305724,70.83721207089178,0.3723000162407355,False
7941200,92.01,65.70460491530298,0.0664238884617918,76.46031204897827,0.3431195796748428,False
5966154,655.01,25.67215398989438,0.1149800434141336,76.24248190002683,0.4999747105258825,False
10910878,757.01,16.06864195185701,0.0697874898477868,178.82061458561296,1.2645688831636193e-06,False
7908367,6166.02,6.651075092361759,0.0427311856683093,26.3966202027406,0.6790850781660729,False
5728139,206.01,5.334082546347961,0.1225008940956377,680.012677221985,0.0,False
5436502,834.01,23.653697783998453,0.162824728539293,266.9458378671095,9.244381313378014e-05,True
3109930,1112.01,37.81028779788324,0.1778774206976759,32.364174988156854,0.4805863984508084,False
3448130,2043.01,78.54598341498246,0.1762929887022348,30.58990164914759,0.0135873746812873,False
7375348,266.01,25.308902575011924,0.1170806354403124,51.13366520090058,0.8931250460845594,False
7368664,614.01,12.87471018122042,0.0342568948431869,235.8642067967014,0.2676982125824219,False
8890783,464.02,5.350165720933966,0.0469231470534126,77.25382960579293,0.0179536104906413,False
8247638,907.01,16.514106822759118,0.0838789545373513,59.82442805256297,0.0178688276728918,False
8800954,1274.01,705.4520799056571,0.3123085802127417,83.6700042584486,0.0,False
3831053,388.01,6.14953868836361,0.1140609362469829,89.82964992506444,0.1105914481155272,False
12365184,1474.01,69.72653954638949,0.0835647530506447,245.4367191279865,0.0,True
2302548,988.01,10.38121449696831,0.0557097884921989,58.085407698497605,4.430344979766687e-12,False
11295426,246.01,5.398752655971032,0.070351550425511,226.412240446628,0.0,False
6541920,157.05,118.37853315404176,0.1933832156357255,65.79823075939018,0.0,False
10656823,598.01,8.307841075518283,0.065250161278512,60.87446509275966,0.0582132168818654,True
10873260,535.01,5.852968765870257,0.0927673504395614,182.49591100048968,5.0631721038030256e-12,False
8570333,2436.01,84.57337796568204,0.1165521661404135,19.275539537064745,0.795420158282731,False
7102316,2028.02,37.05509310310334,0.0985345644505053,31.29401942618593,0.0,False
8630788,1258.01,36.33749036948088,0.1276539972357542,94.75232525077348,0.2373037490901378,False
5530112,4067.01,9.688586636447168,0.0403623094361128,23.573290080378563,0.0370525456045456,False
11802615,296.01,28.862359555884694,0.1067350470481719,69.34306734822323,0.0052373347956555,False
5511081,1930.03,44.43041612303179,0.2114633166913015,47.97099359500771,5.208483341845316e-06,False
9950612,719.01,9.034188443592292,0.0304752573021035,100.0204722875721,0.001015231694982,False
4049131,811.01,20.505872789211587,0.0815179992121351,58.27892193798164,0.2551611511424526,True
10583066,747.01,6.029302033610905,0.0315194212525816,71.13150374019013,0.3866855640355725,False
7219825,238.03,362.9776146197686,0.2889999847851064,12.863819415704182,0.3178376816689163,False
3541946,624.02,49.56751440178199,0.0749962087343383,34.84181473976679,0.1542106846248141,False
11709124,435.05,62.302651576424765,0.1484841770555053,42.07299540837612,0.6613800725912347,False
5438099,1567.04,44.84111362099091,0.1098073710850008,28.80502235529263,2.5853870206482558e-05,False
9146018,584.02,21.223513628584,0.0977291993427465,56.12701519654213,0.0403859437416664,False
10663396,2046.01,23.898981145490705,0.3268970164851843,53.14152736349233,0.5522567591110978,False
6267535,660.01,6.079723646826031,0.1459798845432765,86.67321186491675,0.0702731413320506,False
7269974,456.03,378.42952954101065,0.2543138876825811,8.48976500667044,0.7704174418028954,False
5978361,558.01,9.178589289958747,0.0443021629863845,55.708341623165,0.7540718253090914,False
10513530,533.01,16.54966763315568,0.0816471642983032,52.576572468816885,0.3096366708284241,False
4636578,2025.02,26.1363361796102,0.134632366687413,33.01821425116801,0.0046940635622662,False
3247268,1089.01,86.67850498818179,0.1933853048724115,314.7903772213414,0.0001765559168954,False
6266741,508.01,7.9305846133652,0.0727040130485426,108.459080929623,3.1906273030291032e-06,False
11337833,1651.01,51.30111020528973,0.1092004995107634,22.451675677319788,0.0869794135877465,False
3548044,2194.02,67.96862561495408,0.1626652667274288,27.64785998408676,0.0087182546490302,False
11043167,1444.01,44.93068807462114,0.1324206512339433,33.94574183095512,0.6760040414691413,False
8233702,2140.01,41.69775719662388,0.1120347321045531,27.623684702480237,0.5996379192913934,False
4141376,280.01,11.872906867297129,0.0480998029232803,86.21817220024639,1.7408297026122457e-13,False
9941859,528.03,20.55275626829438,0.044511713922073,45.67073176842864,0.7552868764807936,False
6221385,6145.01,19.67228028371449,0.0958493025508627,22.487320724234326,0.3171047285345216,False
10872983,756.01,11.094315911222404,0.0916538010431143,87.56619950524711,3.693447381269976e-08,False
12314973,279.01,28.45487801052705,0.1632299567822565,231.6120493565452,0.0055747166289968,False
8802693,2000.01,26.410476034475103,0.0616962808256745,29.32194693272492,0.9264230473708688,False
8950853,1412.01,37.814489500341736,0.1768163806612571,49.15944108973266,0.6768741091216974,False
8459663,4356.01,174.50988497086095,0.1363994756278785,12.234673416175108,0.7716880170252798,False
3326377,1830.02,198.71027520274163,0.1725787769065865,42.53322386503813,0.5342627976226237,True
2439243,2280.01,26.02038215299339,0.0982325407977492,26.195016639845218,0.6050132335816063,False
4644952,1805.01,6.941357396341127,0.0366989477012364,85.30616068925832,0.9941064486776944,False
6946199,1359.01,37.1011481177239,0.1106344415837247,57.43574611385805,0.0025481725593912,False
11507101,773.01,38.377552891327134,0.1127000017180916,37.39139547305849,0.0979285600089852,False
6880517,3305.01,65.64910218125465,0.1472350112589615,16.821231797401474,0.1222047905281005,False
3217264,401.02,160.0193549451597,0.0998058109122636,49.16754429321049,0.5997704536315889,False
8218379,1920.01,16.57100685211578,0.0593759111879497,38.3204778861633,0.9792140570738324,False
4833421,232.05,56.25921831132372,0.166598378199818,22.11633575020896,0.5660971526544041,False
10358759,738.01,10.339329783351548,0.0635098314433961,65.36673421017082,9.68078932128691e-07,True
8037145,520.01,12.75934932411307,0.073022008222391,62.87383328287204,0.8147849154953226,True
10937029,433.02,328.23978261859145,0.2052211129942396,253.960233133678,0.0323314549389024,False
9517393,2076.01,56.77711841105343,0.1346201386278109,31.33702477516035,0.4421624776557354,False
11860395,3445.01,82.30516773933923,0.2967000476127343,22.156098458220075,0.000587386411279,False
8972058,159.01,8.990880029287876,0.0837086503412227,96.5713682392707,0.4116031806423731,False
11442793,351.03,59.73711291726148,0.1642319727262883,32.78555356894241,0.4336110408412268,False
9787239,952.03,22.78084583076311,0.065901039300491,80.78634097881032,0.0,False
7950644,192.01,10.290994243420782,0.0818166074399561,1243.775025417755,0.0,False
10538176,1301.02,37.51422635949083,0.1067725448866092,30.855471208715368,0.8162488718989562,False
11361646,330.01,7.974198860210403,0.1094375635272501,56.88108302927421,0.1757723048800724,False
8692861,172.01,13.722362233266212,0.1038913344928794,98.70778522524527,0.2623560393499325,False
9579641,115.01,5.412201801718014,0.0579786618061367,180.10712542796762,0.0,False
7938496,900.01,13.810201880889489,0.0581619397641435,52.63824493479824,0.1615600335553246,False
10875245,117.01,14.749158208354418,0.1246282309397928,107.80402639606312,9.216023070646172e-05,False
9963524,720.01,5.690589218804067,0.0509763308096075,137.3842316750182,4.655729926805741e-06,False
5735762,148.02,9.673947477293504,0.0668523849567954,161.33723130059255,1.442318684485855e-07,False
6021275,284.04,110.28665835711412,0.0898041534197737,15.925919633792237,0.0007314585278366,False
3103227,4091.01,225.58221883815693,0.2209753206340927,15.755888084894504,0.3258160202749915,False
3548044,2194.01,34.76310812356945,0.0866368661767962,25.893801208821944,0.1215823931779249,False
3942670,392.01,33.41625529199785,0.1517014556480361,28.11686376242603,0.1449891576953823,False
9532052,2115.01,15.725876967988723,0.0776715348040409,30.432748263393293,0.5102726467551499,False
8394721,152.03,13.48454149803627,0.1028516813224495,80.38708670811432,3.3563818391257876e-11,True
3541946,624.01,17.790053078926938,0.0902710778352132,78.27121222179701,0.0432553274146453,False
3732035,3966.01,138.9435676697918,0.2155937015797018,24.65821419027474,0.0333310111264937,False
6037187,1061.01,41.80595108977567,0.1244499213472349,28.808612896799943,0.9781558581694252,True
10788461,3925.01,9.20759512449368,0.0601837016749894,47.33276319023076,0.0027695889705882,False
8609450,1278.01,24.805776186258637,0.1253205084393976,43.21902001878714,0.6799534209822822,False
5364071,248.02,10.912766463169584,0.0442814862702948,61.74962406022865,1.4901835321268207e-09,True
9347899,935.02,42.63414066598179,0.1253696960583468,77.74001057356415,0.4193190463620387,True
11622600,1876.01,82.53418803991815,0.0970429607669385,42.70093682592535,0.6749732278350953,False
10063802,1888.01,120.01894907508976,0.2332301357822648,37.73268859500416,0.5738809995291521,False
6462863,94.01,22.342971902750232,0.1297962951168856,1305.2582895833775,0.0,False
11018648,759.01,32.62893883735829,0.1078248192261411,88.1259872940435,0.0012834769233072,True
9530945,708.01,17.40666396241732,0.1397871924527899,83.6930320640511,0.0927859597325911,False
7050989,312.02,16.39923774697696,0.0717880062673624,58.19898650535536,0.6331353321910378,False
10577994,475.02,15.312955119228551,0.0617608373430223,48.79713495412178,4.318685020709978e-08,False
6878240,2681.01,135.49789286816332,0.1202761748425325,77.52607349786311,0.0961649143494963,True
2438264,440.01,15.906900092475308,0.0811895203087948,69.10214602297944,0.0073760787528749,False
9965439,722.01,46.40632790138765,0.1428609754842525,54.80299389834159,0.144808065233189,False
4249725,222.02,12.794548268694385,0.0700444385131161,54.20148622673433,0.0264485442821338,False
5480640,2707.01,58.033686216987576,0.1134111424836816,36.76691383924189,0.1775602918601536,False
10987985,758.01,16.013062340371373,0.063327128669685,35.598275191288685,0.5287661971019177,False
11518142,3762.01,240.7990699314792,0.3116842364973155,153.90166359871435,0.1582365441356195,False
8505920,2094.01,42.427261926619806,0.0952852350990435,23.49788657202632,0.4248973767785335,True
5716932,2358.01,56.493265601349634,0.1733224238101924,35.31528217966531,0.0,False
11253827,2672.01,88.51216513015487,0.1365538709650631,154.0222391852269,0.0,True
3239671,2066.01,147.9738925446324,0.1380073698323412,26.26381334854414,0.092418040382596,False
6468138,1826.01,134.25173933030894,0.183048780118001,54.232675925814576,0.3708386470896574,False
9963524,720.02,10.041575191221238,0.0520749021090437,84.9786786869391,0.3232483749909274,False
9002278,701.03,122.38582794479682,0.1453869373713023,39.054741711958805,0.0277205925823789,False
8692861,172.02,242.4679571925537,0.2652798842024325,20.36364703978009,0.1703794500851416,False
8689373,921.01,10.28194213069203,0.0700950521880852,61.87526564705976,0.1181074324649245,False
3440118,3876.01,19.57783501676296,0.0396021976871696,37.51718286471615,0.2741194043174721,False
9661979,2132.01,69.89596023990916,0.1008426983578508,24.65872648181828,0.8678005229963807,False
10363115,3908.01,59.36271448036776,0.2862543331691682,39.77980777288087,0.001249657162588,False
4847534,499.01,9.668578293386476,0.0490524149198973,45.2149187172764,0.4064706615730992,False
3120355,2099.01,78.09978430185002,0.1699638116684736,22.03970438325276,0.1792503295879327,False
11875734,1828.01,99.74700951000216,0.1279998576521963,45.19767029916284,0.859960197699166,False
11923270,781.01,11.598221314665029,0.0480863551751056,75.37064257632866,0.152401747512513,False
11566064,353.01,152.10548135491507,0.1240482041452513,102.1915431432756,0.1645141948239775,True
5794379,842.01,12.718102309486436,0.0625139178503718,55.00092574617539,0.1007397791811185,False
8022244,519.02,34.035062512540414,0.1351614338679228,39.09164087822231,0.000134302695269,False
12020329,783.01,7.275038675391546,0.1463919895211599,254.3587699967133,0.0001202040303528,False
11086270,124.01,12.691044159449945,0.0774280768998529,58.82734774402381,0.8193506532069279,False
8806123,523.02,36.85681694469229,0.1513591665674153,41.59372175238809,0.5772171258906607,False
5436502,834.02,13.23343496582418,0.1373249583774899,55.98885861475509,0.0013276498932273,False
2975770,1788.01,71.5253828501909,0.115305319808876,108.63917999444534,8.019154916771853e-07,False
7703955,1707.02,265.4812502920872,0.1603034838911631,17.34390144907299,0.2649447051778366,False
7703955,1707.01,96.11074837443884,0.165464213242567,29.806191514728088,0.0351243434185067,True
12404086,788.01,26.394309349229395,0.0709597927315632,46.39852982508583,0.2897592758300218,False
4664847,816.01,7.748094012586279,0.0703425382654604,135.754692762344,0.0266528539694772,False
8558011,577.01,39.6767543541644,0.1018820380645999,38.665788709512135,0.9644313423850828,False
8680979,1891.01,15.955432173880036,0.080771861378071,36.14622668615623,0.8867581112260193,False
8689373,921.02,18.119908349538843,0.0857788498160876,66.6258408432481,1.1408545219637743e-09,False
8826168,1850.01,11.55103926746766,0.0688606706661383,51.883084825646094,0.2400292581671028,False
9597345,711.01,44.699551102203735,0.1262748434546992,72.9855756980357,0.1317043600978569,False
11259686,294.01,34.4359200538164,0.1184207475595559,63.16115119058278,0.7852539221818643,False
8158127,1015.01,9.42890040975568,0.0908704096266946,75.31469873144371,0.0070980903241161,False
1026957,958.01,21.76129824463441,0.0257014661942322,98.40825839079623,0.1073581609256937,False
6365156,662.01,10.214192991733723,0.1191019783223659,77.47949791955122,0.6211027197959083,False
10028792,1574.01,114.73625605048896,0.2266049824119732,237.08710354362125,0.222198103415022,True
9729691,1751.01,8.689301151801553,0.0525848098424283,74.45592492406841,0.6971510674748775,False
4841374,633.01,161.4746350773908,0.2062435467843703,50.82296330846628,0.1385115911534375,False
12600735,548.01,21.30021259243137,0.0828602337267048,60.860888543003725,0.5264076515781065,False
11391957,765.01,8.353892190593696,0.045870877373575,51.56818843393632,0.9500051798866574,False
10723750,209.02,18.79591402653902,0.1437497770541442,261.87648254758705,2.9587469141389992e-09,False
8480285,691.01,29.66631569492506,0.1710568312492836,90.83471992323751,0.6361762319378707,False
8686373,4066.01,126.55634894984102,0.1284738679195202,21.526431550259204,0.7323303871879526,True
4157325,1860.01,6.319426494881828,0.065787819718201,62.41369102095084,3.770869602126581e-07,False
9763348,1852.01,15.773798932614309,0.1013129348631192,39.91104346806703,0.8645097893125331,False
9141355,5622.01,469.6357179902271,0.2686068863272314,16.41698021402528,0.6929991749775833,False
9573539,180.01,10.045566092495234,0.0654964495588765,94.80628808815506,0.2977672911216127,False
9458613,707.01,21.775677474830417,0.1607014823260325,111.4530524411908,0.000170844059672,False
9411166,1922.03,105.65497742978312,0.1874237396463625,42.72949583725728,0.5552677281309348,False
6508221,416.02,88.25535555169374,0.0825021850253074,55.17843034384327,0.430979495106069,False
8260902,2144.01,38.67162353259513,0.1094252120395134,25.78348423413576,0.7993837539145652,False
8742590,1281.01,49.47818255062771,0.0510237620944178,20.474203394839805,0.6818876349582987,False
8344004,573.01,5.996530890337124,0.0665176591842738,79.93108869421464,0.0395682276149593,False
5613330,649.01,23.44965303752552,0.1767835755355648,56.74208349653836,0.0509162544433101,False
12121570,2290.01,91.50079767652666,0.0987613191154232,22.77419149661161,0.6931968326935605,False
7419318,313.02,8.436399709514527,0.066426315654618,58.238370105893445,0.984114027914249,False
10340423,736.01,18.794162405250475,0.0659775364602385,40.69148841895176,0.1134717005835305,False
11974540,129.01,24.669188518929506,0.1332101962956787,557.7968726112944,1.9972791975853e-08,False
2987027,197.01,17.27629754074534,0.0752480390587569,797.3264760176231,0.0,False
11122894,1426.03,150.0223092632264,0.0659172312650615,103.88330013468908,1.5538348385746303e-11,True
4947556,3936.01,141.60919295588678,0.1541992481336351,30.99331845508112,0.4793661561685314,False
5972334,191.04,38.65208838309959,0.114759203380134,31.655571457225683,0.1438248404550516,False
4178606,2728.01,42.35112450795541,0.1549070230074817,35.03148871043433,0.7044025498020098,False
5966154,655.02,151.88540930289696,0.2389384897170214,40.3190860369976,0.5314210062097794,False
4165473,550.01,13.023652997124929,0.0805117600305173,57.4812448009118,0.5212605177031016,False
8494142,370.02,22.950606094735782,0.0906436618538577,29.66061075419821,0.9396822491622656,False
6435936,854.01,56.056017727149154,0.0939622470616997,26.023877790207894,0.4726957143843477,False
6152974,216.01,20.17202047907665,0.0609672898960769,204.90894376868357,0.0004161653103413,False
8583696,1275.01,50.28646420408588,0.1267178310337008,97.53346631501935,0.9911637588457752,False
8361905,689.01,15.87361314089474,0.0723938307795753,57.16133892286563,0.5839289900961298,False
5938970,4016.01,125.41325729852088,0.044557434393737,17.19519466381292,0.8269894770944054,False
5438099,1567.03,17.32671242704213,0.0834261061675602,39.15670163081359,0.000299052133374,False
8037145,520.03,25.75277439293726,0.0588069788390678,33.96537189925778,0.9652703039754408,True
8121310,317.01,22.20813835591598,0.149502205541484,66.9751845699461,0.0953751253069364,False
9605514,945.01,25.8475851749812,0.1207733237009506,29.00640171841177,0.5424172459343655,False
9896558,1718.02,153.34866550242413,0.2496000597341669,14.657468365715616,0.1353973540425637,False
10600955,2227.01,65.64843992153656,0.0970456071984227,22.579383099895107,0.686496211985909,False
10122538,2926.03,20.957015989285143,0.068737595710558,28.690488604224186,0.2155204258518365,False
9512687,942.01,11.51517393589821,0.0404580763594985,57.43444440302258,0.0058812705121138,False
5792202,841.05,499.4783571114402,0.2228279714131252,10.199544024345212,0.8278847083851831,False
6975129,1628.01,19.74734736028036,0.0688080145606821,54.43088430648597,0.1040304143532676,True
9897364,4189.01,64.27317380622651,0.2045509063406607,39.3814166913013,0.2935469388257679,False
7303253,878.01,23.589168546856737,0.0870638920787144,54.98997119954362,0.4690796474712025,False
4270253,551.01,11.63702589137595,0.0680003669222706,48.907170756059664,0.0258370286538394,False
3102384,273.01,10.573756302175498,0.0347035544382909,87.52994659580779,0.2003697907675162,False
10027323,1596.02,105.3575303364328,0.0728123645911569,25.86227781687289,0.2464922849602249,True
10662202,750.01,21.67698311857627,0.06394290151539,30.72376693605017,0.3239163899950736,False
7102227,1360.01,36.77039897702127,0.0887481058708108,41.558389475432335,0.4248419365411022,False
9530945,708.02,7.693637657904932,0.103037326230548,58.82761428815171,0.0015118549086102,False
11810124,3344.03,208.5456055916086,0.2002520739690957,9.981350545778223,0.9435893597452412,False
10386922,289.01,26.62941113983044,0.1604341417422396,84.95851239449348,3.329108395622171e-07,True
9775938,951.01,13.197212347551414,0.0686792853220669,115.17384323594938,4.810374321095878e-12,False
8349582,122.01,11.523071338148242,0.079041421849187,127.9758583744263,0.3120213958626723,False
7678434,892.01,10.371687674608443,0.0603954539765884,61.00044442023923,0.2245679245023528,False
9570741,586.01,15.779803369901735,0.0831867356708509,40.233131503680966,0.0167609951222885,False
12470844,790.02,60.41878929634155,0.1022071091799719,17.754970806720493,0.0003647809271493,False
11449844,125.01,38.47877047155118,0.0926577082039777,875.5584761803905,0.0,False
1871056,1001.01,40.80645539406191,0.2685731107019531,37.33810437450724,0.742971122721809,False
3217264,401.01,29.198992898548717,0.102466826311263,168.87477685234865,0.0025667347657187,False
10074466,1917.01,35.0119291143616,0.051941472562109,35.75756031608895,0.4465609641200693,False
5812701,12.01,17.85522893274428,0.1416579887439674,922.6953492445564,0.0,True
8410415,2291.01,44.2992755261099,0.0867734565104613,27.91570120358484,0.6145540033304475,True
10973814,1307.02,20.342377947347767,0.0451553507020708,29.87666662040897,0.6155858532774697,False
3867615,2289.01,62.78429800386083,0.0979477143433215,23.641952162098374,0.3117485040239121,False
11100383,346.01,12.92491203920168,0.0524956168556056,82.76697187250802,0.5964017020456326,False
11401755,277.01,16.231711530171914,0.1691768196448603,158.78811335119536,0.0,True
5031857,1573.01,24.81116758580371,0.0744292800203246,124.8892338677,0.0,True
9146018,584.01,9.926716294444304,0.0769408820577411,91.48089254254968,0.0533473390267796,False
10676014,1797.01,16.781763420310256,0.0757273261757187,90.2243410059412,0.0080019832306023,False
8167996,1867.02,13.969504658669583,0.0281116087228919,38.13818567802862,0.377726872802272,False
10006581,1595.01,40.10977401338804,0.1056108243814662,41.66897897035378,0.8518510944333426,False
9244508,2830.01,40.52884248587259,0.2150376413857335,21.89400462625197,0.1132448517607555,False
11773022,620.03,85.31647147489988,0.042117496298487,28.816841576211043,0.8726439577311002,True
8174625,1017.01,17.444913146868,0.0855743295396861,52.75728787201386,5.921030332700639e-11,False
8866102,42.01,17.833712770026388,0.093235712107751,107.68153071671676,0.3099133147325096,True
9009953,4014.01,234.2443633806797,0.2326771218243561,19.558717712283507,0.9271711810269684,True
9729691,1751.02,20.997415011686787,0.0613749081253799,45.94150932304306,5.6943660342589915e-08,True
7366258,880.01,26.44444184312179,0.0797828273931862,87.98045508011272,0.0041592557469687,True
9964801,721.01,13.7246407948657,0.1401198792924263,53.82181368108779,0.6889092994490992,False
757450,889.01,8.884923263353711,0.0389420267149778,419.9109941607493,0.0,False
10964440,1310.01,19.129472269213068,0.0763580832669218,38.47479655405404,0.9422210871915117,False
10790387,1288.01,117.93111968739927,0.1080358824402618,227.87043035138365,0.0087411602157135,False
10587105,339.02,12.834475107953628,0.0688358036109022,44.18372615785053,0.8348506272997185,False
9782691,590.02,50.69830779468832,0.1219932469180243,35.55775525558032,0.4682848644604537,False
8056665,89.01,84.68764121565204,0.206115423102706,77.44620382749021,0.0,True
8806072,1273.01,40.05883243983256,0.1068062877535905,52.38671828322386,0.9754589450820248,False
9651234,1938.01,96.91505855891644,0.1222835970048933,45.00584565393624,0.6788964078042912,True
12020218,1507.01,21.35880997921039,0.1193220429377107,34.93026905072236,0.3974428444827284,False
9758089,1871.01,92.7296538485335,0.127839655910407,33.702537408584945,0.5559913263872256,False
5621125,1814.01,14.800785573417976,0.1172293248992673,68.44792358830415,0.8391882047281682,True
10586004,275.02,82.20019985808567,0.2192841181997332,37.6709127019845,0.4263315175581089,False
7977197,459.01,19.44639889006381,0.0692870175851024,87.19931338767276,3.0832047526185846e-06,False
3548044,2194.03,445.2166268156031,0.3365651947829219,10.508303398423394,0.6908427007265343,False
8978528,1874.01,18.684851737236496,0.0770405225053856,44.82743593605639,0.0006114477339647,False
4656049,629.01,40.69914332266767,0.1376653529998472,38.420318337786966,0.9965784974455376,False
9839821,2012.02,180.9208429114287,0.1885363954135978,12.963835629812392,0.5792627101323268,False
9480535,3901.01,160.13126716152453,0.2623890669289224,32.64786052189203,0.9930013331433444,False
5688910,2856.01,25.87316492983449,0.1097400238762196,32.6491999397176,0.9347486626470898,False
5184584,1564.01,53.449445209189975,0.1046390774513691,121.7466249251262,4.109413274777651e-06,False
3217264,401.03,55.32908724388394,0.1407321135267722,21.143860650933888,0.3611572974280279,False
7700622,315.01,35.57963358425892,0.1173724677577988,94.92780868039046,0.0,True
8105398,5475.01,224.1505419269403,0.2564467068959692,23.023817264099836,0.1311099826281354,False
3937814,4084.01,214.8828578776071,0.2012474418858428,16.36724587044818,0.0056876406717274,False
8193178,572.01,10.64020415192092,0.1078227691913351,63.72967096154825,0.3774166661664153,False
6776401,1847.01,26.85329800211442,0.0909012451996621,49.301469845306855,0.7841711514588608,False
5860968,4384.01,122.35802317272665,0.2215325167159601,14.203257858954377,0.8406948396488635,False
11499228,2109.01,19.79189078823085,0.0662414062664359,33.58435645611153,0.7735632984326695,False
9002278,701.02,5.714892772179852,0.0477650128900808,77.83039613827651,0.0218976461446137,False
5371776,1557.02,9.65347786633978,0.0583185700870858,80.2736370803728,0.4256525125540941,False
11015323,479.01,34.1888293438676,0.1075696075464213,80.985362036121,0.0015025267102342,False
9884104,718.03,47.90362546549194,0.1155649720825997,31.33043996333915,0.2295365931219937,False
6471021,372.01,125.628876675804,0.1740968142327474,334.0090368830314,0.0,True
7429240,4450.01,196.4367723720795,0.1739259229886408,14.17887994013788,0.5392580316935434,False
9450647,110.01,9.940668034466997,0.0794993446583178,163.32647930723036,0.2478540026639241,False
6922710,2087.01,23.1274612233905,0.0996570488808837,31.26104305814544,0.9025009236193045,False
5183357,1669.01,61.03734883027502,0.1718912494179321,37.0985657236075,0.6722947387588185,False
7778437,131.01,5.014234333809944,0.0888752871637172,869.6502423124374,1.5543122344752194e-15,False
8022489,2674.01,197.5111384790953,0.2051739556360793,121.78826845804332,0.0043083569923144,False
6347299,661.01,14.40094652186734,0.0797173427274073,46.50981549492474,0.4633995309266574,False
8041216,237.01,8.50833025649663,0.0706006750955575,93.9245519781876,0.9995484638206422,False
2441495,166.01,12.49340593922475,0.0455547040780072,80.30470540161673,0.3495953471915961,True
7445445,567.01,10.6875779745003,0.0654390113911218,85.96952146065478,2.347315795514504e-06,False
9030537,1892.01,62.5613685779355,0.1109112785784825,34.258040586471445,0.9693652631496558,False
3642289,301.01,6.002548585509474,0.080300339359514,76.69789894298918,0.5827227609745003,False
11090765,538.01,21.21710551768193,0.1097256061579135,54.04304202574774,0.2137850601584019,False
5695524,1897.01,59.77095784648088,0.0911831211936045,37.19780817843324,0.2760013872758635,False
5972334,191.01,15.358767465509969,0.0746185010732585,1017.7658155785318,0.0,False
11187837,252.01,17.60461555838112,0.0709620308048078,78.62836609771185,0.0028751245772531,False
3239945,490.03,7.406113351047566,0.0589263081545369,53.275218721265205,0.2023734212729472,False
7870032,1818.01,16.87725173356792,0.0761847740805417,46.36138896596823,0.0105918019601439,False
8689031,920.01,21.80450394814111,0.06676849621818,55.10813940522532,0.8415504647650338,False
10984090,112.01,51.07929981933955,0.1294591202450092,122.7178206649589,0.0102021688708106,False
8008067,316.02,157.0656721860135,0.1606008053410587,34.475233526428475,0.1012618213303585,True
2442448,2812.01,76.61381372851332,0.1951623920450383,28.45221195766324,0.1405923237103317,False
11601584,1831.01,51.809927032983005,0.1279409250458248,60.18368886355008,0.7945234276290803,True
9605514,945.02,40.71559530240677,0.1407453276185017,32.69871539572838,0.8822310303351414,False
3745690,442.01,13.540586311095511,0.0920103831431998,55.41015614115031,0.0006716023466445,False
11754553,775.02,7.877425927186755,0.0442663740747291,65.3987333441758,0.0001790985633041,True
6774880,2062.01,34.35114263059648,0.0849115523782117,30.80583366354521,0.6787557246782618,False
9941859,528.02,96.67813300274916,0.1151094030774195,44.874278841419176,0.3760991601534085,True
5531694,647.01,5.169497843995158,0.0921655152833996,71.68269546092846,0.0010715586883425,False
7119481,566.01,25.855028725584447,0.0789724541726814,39.32360290411823,0.3115426874574003,False
11769890,1980.01,122.87941684531724,0.1482199985214632,31.06999770583965,0.0369843453060942,False
5113822,638.02,67.09335808446382,0.1398865158331333,62.63660699933239,0.6884971731484719,False
5124667,1822.01,150.877722127179,0.174657004198719,58.63080446615447,0.4391099083834047,False
8017703,518.02,44.00042062063544,0.1044260051383763,43.88214090830895,0.2466815562375428,False
5299459,1576.01,10.415734295748564,0.0552480448642302,67.86501010021581,0.2266445227834049,True
9641481,2152.01,42.19171434354829,0.1450511990083143,26.288916791432943,0.2529078978934664,False
11960862,782.01,6.575315076778986,0.0853816406060927,235.8859837615121,1.058963524991352e-05,False
9527915,165.01,13.221750890607092,0.0559832338337173,96.75859580937166,0.1733559462466942,True
8962094,700.04,68.16085867704751,0.115312320165876,24.74477930614179,0.4296076618200355,False
3531558,118.01,24.993233617778507,0.1206947915053094,51.066198428859984,0.813439407146209,False
6021275,284.01,18.010174349553548,0.061814482162945,52.05384762335087,0.0,False
11177707,1423.01,124.4196745299236,0.0733146552811644,45.44288413944519,0.4731213841324271,False
5689351,505.01,13.767103062794035,0.0577472627647012,42.24859803512344,0.9928699163172676,False
6061119,846.01,27.80756677357495,0.0660110783220592,790.695349830212,1.6353361653731469e-07,False
10881457,3484.01,84.70404867766966,0.2108628321377243,18.15133994808045,0.4009128576316523,False
6665695,561.01,5.378870913425102,0.0548133827645642,60.366933858406256,0.8111296858237635,False
9761882,948.01,24.58714145230084,0.0803156925250554,39.62505722646531,0.3758818476274632,False
6541920,157.03,31.99547715724056,0.0834506363390028,125.20708428305738,7.727196660312075e-11,True
9266431,704.01,18.396295131039007,0.0529861230738951,54.91744637404112,0.9588446560489036,False
9002278,701.01,18.16406273149193,0.0592496825352294,98.47178634709364,0.0268685485020999,False
5444548,409.01,13.24931539728058,0.090572929711966,88.74658743090556,0.3671411035560921,False
9839821,2012.01,34.853798527894014,0.1094654006399074,30.324033942186407,0.6795834900281833,False
8107225,235.01,5.632525064954117,0.0437189282515778,79.7919107576353,0.4839154463099958,False
3939150,1215.02,33.006346395636115,0.1452243816906815,35.12708794562189,0.4352597906217155,False
11122894,1426.02,74.92870327818173,0.0920624100635439,154.03442786984644,0.0,True
8591693,2123.01,29.455785744212683,0.0697069426984379,28.358606311499933,0.4359975120595847,False
10358759,738.02,13.286987727971686,0.0813889811670117,49.44855129432098,0.000435048090968,True
8565266,578.01,6.41251292256209,0.1053883824860845,187.61166814345404,0.0129259787869125,False
5794570,2675.01,5.448326781170403,0.0455807510402256,101.14535977218186,8.450831090467403e-08,False
8636434,3946.01,308.5450288998536,0.3774573539347283,32.97910307171178,0.6850042819165378,False
10122538,2926.04,37.63315663542222,0.090331191109781,22.65403173253007,0.100064349122285,False
6678383,111.02,23.668346628385063,0.116397558990026,104.27563512923209,0.4903563308350345,False
10964440,1310.02,144.68283801976432,0.1846569975731776,13.398012082077978,0.8084236291369935,False
8822216,581.01,6.996922904614878,0.0552262415466175,95.70049147784708,0.99959160571203,False
12066335,784.01,19.271480902198576,0.0568472339922382,34.41805135561508,0.9186069818215746,True
6106282,4087.01,101.11039091808166,0.1623706014366013,19.346114101407032,0.9079013439369202,False
8156120,318.01,38.58440453827317,0.2093969482016549,103.27733010554218,0.0,True
9881662,327.02,91.35126813771974,0.1771038866920143,19.98659195771582,0.7838337271724528,False
9884104,718.02,22.714430765240387,0.1184422990554427,65.80064772287864,0.0489769322663034,False
11773022,620.02,130.17685356991225,0.159795604476122,229.41283870454143,0.0,True
12061222,484.01,17.205199054663467,0.074519640184899,73.41059794312703,0.193316184772082,False
7447200,676.01,7.972523735023114,0.0574222111808842,337.8314235699614,0.0,True
6032497,845.01,16.329762999173987,0.1201770065260382,75.73868943280803,0.1101945443718521,False
11415243,4036.01,168.81181149254346,0.1303502776465108,17.56661284124713,0.2566252914822269,False
10965008,536.01,81.16975898996263,0.1549856467523714,55.07696597914664,0.7113102554578986,True
9758089,1871.02,32.376201734563686,0.083325667209368,30.16839222798818,0.629433240621545,False
10213902,1723.01,59.62240089446235,0.128517975632009,34.06634781651719,0.5190823310874255,False
9896558,1718.01,67.66909362453751,0.1922957866657038,39.96905841157458,0.4155743508268599,False
5461440,504.01,40.60691424600112,0.1155248605751447,39.568477895974645,0.669020314442883,False
6932987,1366.01,19.254045182897823,0.0938632107314554,48.397817499758304,0.7062103149980203,False
10166274,1078.03,28.46462553379637,0.0540008616356846,34.63277680598884,0.5807173093098964,False
8611781,2185.01,76.95709034148997,0.1931295489544717,21.1241207866627,0.6162750513170355,False
4545187,223.02,41.00813230682584,0.0809153488056876,44.60029756761581,0.5532256567534901,False
7373451,881.01,21.022489980846952,0.0823722149937249,61.06453211549026,0.008600748802137,False
11037335,1435.01,40.7150310469628,0.1728929496939826,54.62574872450141,0.0072978844204911,False
9458613,707.03,31.78492404446055,0.1784149595202046,54.56992735304965,0.0784119093435441,False
10864531,2080.01,83.48859511957383,0.1252155582475208,20.16409487540471,0.3926677345827025,False
3645438,4385.02,386.37088583642486,0.222429602617771,13.421458571950035,0.8387659185097955,False
5084171,4202.01,153.97954520402652,0.1832180774611277,17.078649914099902,0.7892027883191817,False
8414716,910.01,5.392029869565151,0.0601120485493423,87.99844039549374,0.3342316199639459,False
8804283,1276.01,22.79019552544687,0.1027762845366477,49.97079665349354,0.3741497233821804,False
9656252,2044.01,16.923426095636177,0.0836119743588738,39.94451830386894,0.95592936631718,False
6462863,94.03,54.32000372770064,0.1689211913360645,283.0438075409758,0.0,True
3342970,800.02,7.212035291004698,0.0813817183472215,54.307943741117285,0.2006415843506268,False
3747817,4103.01,184.77207773212965,0.1964165194859466,19.28260856378808,0.0095570157660347,False
8082001,1570.01,6.338564619331168,0.0635359055554208,64.52339854244023,0.6619166539427584,False
12404305,486.01,22.183320985410123,0.1039869703375003,73.01960181663121,0.2518390210046763,False
6021275,284.02,6.414921216797452,0.0672996321378744,65.1936205530877,0.0016865568766687,False
9787239,952.01,5.901279100691704,0.0444989237110979,67.00117169318672,6.954016728011325e-07,True
7603200,314.02,23.088943535183983,0.0388271584774595,53.60033566205374,0.9959541756515956,True
9072190,1933.01,49.10110332863592,0.1269360903755913,40.60975652869389,0.2746361215177006,False
7585481,890.01,8.098886497649595,0.0815036586525567,453.66698426653625,0.0,False
4633570,446.02,28.55155439973644,0.0832672880130289,38.96298570133339,0.1917420056103499,False
7207061,2113.01,15.942482794535207,0.070939117559384,36.05127488626551,7.327471962526033e-15,False
2444412,103.01,14.9109287673866,0.0698445241650109,107.5069387806861,7.480103001888949e-06,True
6364582,3456.02,486.13345467145786,0.2016652417670776,7.722590134850257,0.7378720641270229,False
5735762,148.03,42.8962262405381,0.1144131651231005,53.004150434347295,0.0576469220111109,False
2854914,1113.01,25.934114800235704,0.0943433192331951,42.459198892468486,0.0863747101414762,False
8802165,694.01,17.421161616458892,0.0992580159621776,94.08877160294936,0.2279088253805016,False
4833421,232.04,37.99515465497709,0.1457398379014634,30.24274012923133,0.6110897491838432,False
4939346,1873.01,71.31131816745211,0.1767446134233017,42.89458095299951,0.7252088214859883,True
11360571,2069.01,77.25497463213816,0.1974704114563649,27.738783400053148,0.5212101109302599,False
3833007,443.01,16.21774553569393,0.0997775079149908,84.7139382785184,0.2699159068126473,False
9071593,2257.01,32.56354379486654,0.1091690710895954,25.61941677679957,0.0039692647374819,False
5128673,2698.01,87.97251697206114,0.295530570047873,49.05741644331538,0.5812622603594411,False
12156174,3260.01,56.67461014604034,0.1103249753385353,35.17682767919239,0.0021393221830716,False
9650808,1970.02,125.60235534704692,0.1453954489291292,23.68808401847492,0.0325806639170951,False
8394721,152.01,52.0908216697442,0.1714462494585606,192.28972366558503,3.848378438142674e-08,True
10965588,2177.01,62.89184672903445,0.1378833736688838,21.93782131856063,0.5534033120333268,False
7288306,3443.01,96.16966485635714,0.1518594074178996,17.41700444491481,0.6308089709856084,False
9650808,1970.01,21.96403191704149,0.0562939732956689,31.038741724598605,0.23264669857196,False
10657406,1837.01,34.17326202157632,0.0922333903309416,41.78667317992337,2.155078915322406e-06,False
7951018,1553.01,52.758786649803845,0.1283806837482484,258.4937696129404,0.0416320224263671,False
2693736,1976.01,12.12400939508374,0.0672819717092277,41.99486111798855,0.6048897073764774,False
6432345,2757.01,234.63545275237,0.1411908247586071,20.38673231887943,0.637563916273092,False
10586208,1308.01,23.58445931196939,0.1114221558328766,51.90418627383698,0.0032930323833241,False
10055126,1608.03,232.0359045260604,0.2417584446748813,13.20597922528853,0.3741786279516506,False
4155328,1335.01,127.83369901412811,0.2174124625914436,58.06426409549281,0.757963907622368,True
4544907,2024.01,46.8777226060458,0.1924248876501883,35.81642225866778,0.4425303286213478,False
9873254,717.01,14.707498492281951,0.0650012864188294,39.597919853956974,0.2501446397724193,False
12418724,1516.01,20.55332247704189,0.1038997020113654,42.76696918664438,0.0671380361090635,False
11442793,351.02,210.5954194768687,0.2393831470632987,143.22379679500523,0.0,False
9845898,2423.01,45.12624929290371,0.1357754553676996,21.85477462568,0.6020109569758796,False
11015108,344.01,39.30945354747993,0.1165319135113584,100.72336128296014,0.0508803400224056,False
7046804,205.01,11.720123571113708,0.0546747317376233,798.8981047728449,0.0,False
2571238,84.01,9.286970122665544,0.0687684801024187,238.41577826541848,0.3725320246242325,True
6937692,513.01,35.18108465007489,0.1471937163181509,63.35888677521928,0.1413394542288975,False
6946199,1359.02,104.8202533238848,0.0712810445304214,80.43643320408573,0.2688510919755508,False
12834874,487.01,7.658801807906461,0.062104922706938,61.49830082229979,0.7614145317175408,False
7670943,269.01,18.01158427800257,0.1320739618245059,48.36968470593794,0.7353274290067459,False
10843431,7378.02,56.39417769867946,0.083510878902528,11.50394283261896,0.8514473753389097,False
8352537,420.01,6.010382881192505,0.0435907160580796,288.71331159777134,0.0064452706329151,False
11614617,1990.01,24.75770447909349,0.1322422716632918,39.43590617139319,0.0895015209335519,False
9388479,936.01,9.467819483978198,0.0486411148640045,120.79440138306508,0.0121745329304917,False
4035640,1881.01,28.267240533508,0.0920339296058623,37.24112476233337,0.999696395710611,False
6685609,665.01,5.868070767221226,0.0808412936961346,86.6907547454709,8.264727366924518e-07,False
10676824,599.01,6.454435613288132,0.0536945477034573,58.426235091417766,0.0029284179197284,False
4833421,232.01,12.466016907248331,0.0999393803952793,278.3090552318034,1.2589249642758203e-09,False
11442793,351.04,91.94058129789168,0.1855198390397967,26.346505381198305,0.9044498393794986,False
8804397,1853.01,60.08523321931563,0.1382059909651894,47.75899446415213,0.8297073629388714,False
8257205,1986.01,148.4601103199398,0.1048477618531739,30.794604819945533,0.5856001230952959,False
8292840,260.01,10.495688735821892,0.0991134196610266,69.82013479576702,2.916592523050099e-10,False
6305192,219.01,8.025119903572849,0.1048186911901516,471.52242243747065,8.948831861088635e-07,False
6584273,3287.01,51.11130532185389,0.1550731351625137,29.799998847513866,3.3306690738754696e-16,False
9205938,2162.02,199.6691318162237,0.1840358553030264,13.93832944874261,0.7848497542530528,False
5864975,1787.01,98.71798983397488,0.1230041686613936,162.9086238089264,0.2462407736491612,False
9592705,288.01,10.27531225673099,0.1300779733425849,75.94192875885076,0.0193403871905384,False
10586004,275.01,15.79195612394407,0.1513024825487736,67.49693246556194,0.2146447207079311,False
10599206,476.01,18.427952234734065,0.058108975622849,36.602861923087126,0.8699360909619978,False
6342333,2065.01,80.2321485315396,0.0821108260170497,31.095814843689865,0.0039007617348528,False
6049190,1685.01,70.46828574384199,0.1360604611324973,44.8400117564913,0.7429279561000588,True
6932987,1366.02,54.15602158726881,0.0760751080630587,28.094742472649823,0.0753429789498828,False
6677841,1236.01,35.73281601916805,0.1516744882378204,44.61875996448902,5.8841820305133305e-15,True
6587105,2721.01,33.87876964775611,0.1115911193137162,34.33661025844257,0.8088236903835904,False
5438757,1601.02,62.92277042188084,0.2155105615509691,30.96517371000394,0.0675845464728991,False
10187017,82.02,10.3117296208844,0.0653543658836585,58.96932730038635,2.4221996222095757e-05,False
6196457,285.02,26.72316307738,0.1758866313274746,50.34185020949068,0.4843903386497823,False
10600261,597.03,52.81472341775967,0.1478611382723073,26.64290455041648,0.1246127974644011,False
7747425,1952.04,42.47289182644762,0.1481129401869232,22.234211067715567,0.4347393631230858,False
5526717,1677.01,52.06893859776682,0.0614499764715675,27.4533604580218,0.3117677879555733,False
6383821,1238.01,27.0723768582222,0.1422639340697746,43.87694608104131,0.1583972740624498,False
4455231,1332.01,19.305807383264085,0.0863198333134259,39.128230338845775,0.0828072970769042,False
7115785,672.02,41.74934229347631,0.1131265702309544,73.38256501263123,0.2356291065321613,True
8017703,518.03,247.3549352213064,0.1752514525508139,45.26272601257193,0.6117677158654923,False
8292840,260.03,21.8696808187361,0.1113748204885548,49.16482438157283,0.0445976837267195,False
11853878,1833.02,7.68433546508298,0.0236690530418556,61.34853758791888,0.5056308630740736,False
5340644,503.01,8.222415091984614,0.054538068396798,84.63126532205882,0.0009652558445281,False
12400538,1503.01,150.2410901738197,0.2161661468163484,70.50452705640255,0.0713859630628571,True
3634051,6103.01,453.5424667779108,0.3377547491240916,35.86891061551595,0.5629926345064837,False
11512246,168.01,10.742406872791806,0.1255834086926876,89.39399977954704,0.1823149691585583,True
10990886,478.01,11.023471694192708,0.0282078137904968,92.68122718123516,0.4691985572029777,False
5774349,557.01,15.65564246301507,0.07985161218342,58.23989225924403,0.6355232331680383,False
9478990,423.01,21.08719533337791,0.1134206463156466,551.6872851137301,6.106226635438361e-15,False
8630788,1258.03,148.27186214642126,0.0731275189413565,22.476457913156963,0.2440338443437781,False
9455325,1813.01,9.767855985898944,0.0396691836511384,57.61398241781982,0.955998876668545,False
11187436,1804.01,5.907413152745397,0.0203625626728222,103.26018123383332,0.0,True
11904151,72.02,45.29427595755423,0.1398147295062054,110.55219490751011,0.3944512863145086,False
10593626,87.01,289.86364261108065,0.1445845244237317,30.15361386698312,0.9407409504869064,False
3964109,393.01,21.416261315995172,0.1444996102693429,46.822565246211056,0.0056565454257012,False
9973109,2018.01,27.49558006994885,0.0972627897320143,27.839018438331102,0.5214192052118201,False
10122255,1086.01,27.66525074667685,0.1362090701389584,38.87049607884038,0.0023715174373967,True
9634821,2037.01,73.75788544098808,0.0543636489365712,35.16186096965613,0.0058455472236249,False
9757613,250.01,12.28300899550824,0.0546323587076458,118.59845797405664,0.0002933384600284,True
6436029,2828.01,59.49668892227162,0.1081080011351939,19.70416974055922,0.8969585331458194,False
6349881,4121.01,198.08890552469265,0.1569159616094086,17.460923040929632,0.1664956304285825,False
10616679,429.01,8.600100884451901,0.0803475960362286,208.16125485761287,0.1113989892828355,False
12356617,375.01,988.8811923461512,0.1156660350352355,134.95048050837718,0.0354071335892326,False
4139816,812.03,46.18443375523928,0.0941853477947449,25.662279762384177,0.004204168452385,False
9351316,2078.02,161.5154580089496,0.1244071100397937,23.220065913940672,0.021492785544446,False
7445445,567.02,20.303026554663603,0.0889178876516356,48.14681589428661,0.3781857549872042,False
10554999,534.01,6.400157004514378,0.036894088773317,66.21889342106964,5.414664118297274e-06,False
8845205,463.01,18.47762350150803,0.0367911215546344,61.96419630960882,0.9452103379701255,False
8247638,907.02,30.13290557095143,0.0979550540039481,45.66606695740374,0.7468497949772132,False
8395660,116.01,13.570778993105346,0.064894285651873,98.84761484699372,0.0,False
7898352,1486.01,127.28263808294368,0.1197214235516563,128.1200037219867,0.2680358799134026,False
10858832,432.01,5.263415356096288,0.0406809444160055,122.08138890637365,0.3971574341683479,False
9349482,2020.01,110.96422750951552,0.2525590709654071,37.717379397965246,0.2347975610866538,False
9886255,1846.01,105.95674786441052,0.1398619603347624,40.4582653217921,0.1432457650902838,False
9026749,2564.01,66.55780825672015,0.2153663172242947,20.574556138833863,0.4557786079747994,False
10709622,2108.01,51.3283458585344,0.1887034038462289,31.94986650844965,0.0623068445776036,False
7939330,1581.01,29.542006140456376,0.2415179366822652,38.40745654193893,0.7298526503905524,True
11754430,3403.01,39.81815840013151,0.2189664823563078,41.80970074177736,0.0,False
10155434,473.01,12.706396746531643,0.0518070794976675,61.08919575373312,0.029005121639095,True
5526527,1838.01,16.736536487856874,0.0378421096760743,41.806645405925096,1.0066468036917797e-07,True
12314973,279.02,15.413111996151155,0.1351184674104496,59.39805134629637,4.183650204747647e-05,False
6541920,157.06,10.304020568423892,0.0869490881724835,51.78163599225582,0.5702993678326621,False
5438099,1567.01,7.2402309215049,0.0584495164017557,54.47689757168287,0.0016833500841046,False
7366258,880.03,5.902245209839729,0.0581453957020467,57.77010821968748,0.0649094125905986,False
6276477,849.01,10.355331405162882,0.0648413651342137,51.101023016914425,0.2335892769268224,False
11760231,1841.01,49.60757798538284,0.058755006640124,44.98144453084903,0.6732402427152027,False
5299459,1576.02,13.084242806528664,0.0611724975275142,48.85436802525673,4.596721292493555e-08,True
5020319,635.01,16.719851171064892,0.0675913709485449,60.08806796144805,0.8273252933632154,False
6381846,509.02,11.46347829311564,0.052684993954953,41.87666314608298,0.9957499645608582,False
11037818,5856.01,259.3418702738928,0.3259878395323134,11.713160490243276,0.0637243745142448,False
9527334,49.01,8.313783785661752,0.060811009892591,81.4529044473051,0.2685955754771383,False
12266636,1522.01,33.38553491121428,0.1007497074904327,34.52656351039582,0.3230346268985228,False
7870390,898.01,9.770444282760748,0.0501244428324562,61.543208681120376,0.2710041047876398,False
9455677,4076.01,124.82768924335896,0.131899346222803,17.05432311196589,0.7885693639990291,False
11709124,435.01,20.549807224937894,0.1085803626595268,120.40923870616272,0.4045267559705261,False
6587002,612.01,20.739902581537585,0.0620326501198176,54.57049674046993,0.1185860712338677,False
5631630,2010.01,25.961880220632736,0.1291887953070821,41.209496982611256,0.3636235406460417,False
10600261,597.01,17.307906064684506,0.1040022733417138,50.20384482895712,0.0955912101777087,False
5770074,1928.01,63.03809832041302,0.1492739549298304,48.80573376806444,0.023958256908459,False
4913852,818.01,8.114376322618318,0.0453121426849909,48.20874631096912,0.9991539000165228,False
8866137,2074.01,33.4178920597209,0.0833669828453855,31.304046402900298,0.3449008670423661,False
4139816,812.02,20.060363178033565,0.0661376780973673,39.46279431380379,0.2128106868775274,False
7825899,896.02,6.308204092633009,0.0605440653979798,87.19777954184711,0.0005002213875334,False
12403119,1478.01,76.13628069235192,0.1594810551470317,292.34787673376843,0.2371392764190099,True
9663113,179.02,572.3863971798701,0.4697880154297217,54.002916611782986,0.8159059221426761,False
3561464,3398.02,35.79941670532959,0.1720393946905564,27.12675562451861,0.0208892901829811,False
8125580,1014.01,17.31716090252069,0.062208517396811,44.6241937811649,0.0,False
7109675,872.01,33.6011986431421,0.0905995307355729,190.886701130065,0.0,True
