TIC,TOI,Period,Phase,Tau,SNR,Radius_planet,Mass,Radius,logg,FEH,Teff,Number of Valid Transits,Has Visible TTVs,log10(p value),μ(SNR | null),σ(SNR | null),Epoch,Duration,err_Period,err_Epoch,err_Duration,Radius_planet_errp,Radius_planet_errm,passed_all_tests,failed_tests,nst_samples
254113311,1130.01,8.349508716161136,0.541487371184238,0.0271122070457072,82.82040424336337,9.232,0.658589,0.677067,4.59234,0.023226,4286.36,1.0,False,-4050.1086758542415,14.8757,0.497663,1657.911896286401,0.0542244140914144,inf,inf,inf,0.417,0.404,False,spurious|ntransits,15.019826|15.141377|15.549201|14.282754|15.075278|15.280131|14.854052|14.649804|15.311115|13.963550
75878355,2134.02,95.8533223683566,37.70876528236389,0.0914983444419956,266.9703112295438,7.19,0.676477,0.701701,4.56989,-0.00784576,4476.25,2.0,False,-208661.931071282,7.90349,0.264284,2047.9832042384023,0.1829966888839912,1.6949418527209278e-05,0.0002013457147408,0.0001372495453575,0.361,0.337,False,ntransits,7.967593|7.824437|8.502723|8.044984|7.889564|7.666457|8.121588|7.666457|7.942034|7.864640
21035365,6987.01,4.600422943205293,1.9386658944421944,0.0504088496617205,33.40188035339393,18.797,1.19006,1.33595,4.24693,-0.044999,6233.0,2.0,False,-229.62524485840416,7.21392,0.808691,3638.2088124774737,0.100817699323441,0.0003908436459156,0.0013827181695715,0.0011281421718864,0.991,0.892,False,ntransits,8.514278|7.300122|6.875410|7.179560|8.203913|6.644920|7.356799|7.585191|7.203901|7.538324
29919341,2422.01,18.189190196879697,12.927816309814686,0.1692913607262125,5.519667596896325,4.296,1.34231,1.96043,3.96918,0.0408486,6105.62,2.0,False,-4.985575208354235e-13,10.7827,0.750231,3948.936606097725,0.338582721452425,0.0043907619574528,0.006611927156542,0.0043849446190314,0.41,0.433,False,snrd|ntransits,11.853978|9.955245|9.774076|11.147052|10.995786|11.503805|9.774076|10.939103|10.238740|11.644672
270716565,4728.01,6.087517985836548,1.0792758103052142,0.0287103025058592,22.90254600094861,12.6,0.59916,0.636006,4.60498,0.0360981,3995.34,2.0,False,-1068.546532756328,9.30604,0.194028,3666.789903627687,0.0574206050117184,0.0004379185015714,0.0009798549797369,0.0008989153023992,0.668,0.624,False,ntransits,9.116489|9.236379|9.797708|9.375940|9.116489|9.324095|9.294925|9.375940|9.089122|9.333322
240714633,6288.01,18.01698623597283,13.865771002987994,0.0454824536075531,18.85327301611955,8.879,0.892274,0.8733,4.50729,0.0210596,5400.0,2.0,False,-1135.1140404225278,6.98233,0.164352,3598.463766638217,0.0909649072151062,0.0020580185514222,0.0037468259395373,0.002081797634636,0.737,0.701,False,ntransits,6.817986|7.071193|7.317847|7.181842|6.910836|6.887471|7.034660|6.975347|6.926158|6.811311
443666343,3500.01,7.298717387176087,3.0294962217290715,0.1145787714994539,17.927931330449752,3.534,1.03224,0.993992,4.45155,0.232051,5645.92,10.0,False,-6.024446995872872,15.2552,0.560934,2312.216164823922,0.2291575429989078,1.816536788993421e-05,0.0027478805507835,0.002892021712147,0.195,0.178,False,snrd,15.826354|14.792223|15.634156|15.288248|16.184881|15.388179|14.132794|15.107502|15.451466|14.746194
125563127,6443.01,9.970117722971032,9.970532878692664,0.065590577365171,17.424595144938404,11.752,1.28306,1.45162,4.20575,-0.0705506,6453.0,2.0,False,-12.031883492284631,5.37426,1.71055,3700.131144458896,0.131181154730342,0.0013173825343266,0.0018819399016481,0.0036602935879188,0.615,0.592,False,ntransits,5.088151|5.535320|5.825166|5.841246|6.679909|6.595280|6.326473|6.330670|6.495739|5.827464
259708416,6358.01,5.381337609560089,4.220131945144103,0.0728444746669608,18.001241340160462,15.56,1.29186,1.46157,4.20265,-0.0728096,6476.4,2.0,False,-43.94223381996302,7.20848,0.772412,3640.4903750446274,0.1456889493339216,0.0009279813563918,0.0028020377480554,0.0029136730307002,0.835,0.744,False,ntransits,7.624473|6.835401|7.836371|6.965287|6.701473|7.003352|8.912740|7.131070|6.273426|7.392840
188128470,6519.01,10.393477588659268,7.195889765390101,0.202411940564303,8.786540047071774,15.929,0.784669,0.768085,4.56094,0.00455028,4953.5,2.0,False,-0.3566620498767692,8.66608,0.796357,3754.364523462708,0.404823881128606,0.0030498776631589,0.0021437536286998,0.0030396476398942,6.622,6.464,False,ntransits,8.791020|9.205664|9.205664|9.032688|7.073323|9.205664|7.134930|9.032688|9.205664|8.773446
242190195,4944.01,4.075025828579786,3.861354367135751,0.0219432577527577,12.717706879168952,10.072,0.910541,0.879889,4.50369,-0.218076,5715.36,2.0,False,-147.08432881844095,6.18626,0.25252,3072.610057772834,0.0438865155055154,0.0006259975939403,0.0017748887904363,0.0020643843064428,0.714,0.691,False,ntransits,6.397832|6.425080|6.176899|6.466396|6.169669|6.670444|6.002103|6.466396|6.429305|6.164707
326809267,6301.01,7.143352957556195,3.4161345853143312,0.1167726616377187,16.461583370091525,14.981,1.32623,1.48633,4.20169,-0.0793916,6604.0,2.0,False,-50.8449719153807,6.46319,0.663794,3613.980347198287,0.2335453232754374,0.0015407608065903,0.0033998353775903,0.0031274755007212,0.803,0.714,False,ntransits,6.051904|6.298334|7.089091|6.841882|5.915433|7.222431|7.669216|7.194877|6.633288|6.091821
415875608,6331.01,5.492521647426692,2.865903693796308,0.063336435144942,7.5925222505768515,7.543,0.981423,0.975696,4.44845,0.0265197,5684.0,1.0,False,-1.5021794663923689,6.83885,0.405267,3613.430303263068,0.126672870289884,inf,inf,inf,7.27,7.196,False,ntransits,6.942108|6.754595|6.699935|6.942108|6.956152|6.665918|7.316497|7.533512|5.965779
23725901,4743.01,6.219680202698717,0.1092347094397044,0.0681662223838526,14.58195669484371,20.227,1.68539,1.9773,4.06309,-0.241731,7966.28,2.0,False,-8.769675539478117,6.3281,1.39634,3666.1875186688585,0.1363324447677052,0.0015186252965797,0.0027428604218528,0.0030084467598232,1.082,1.018,False,ntransits,7.074670|6.922256|6.360577|8.231008|7.055082|6.278208|5.954353|6.729491|7.001046|5.658445
452867348,6408.01,8.093314448478695,5.609212260811967,0.0390839435535813,12.531761429096866,9.841,0.558276,0.588183,4.64513,-0.0121106,3821.0,2.0,False,-82.50650366579549,5.59808,0.359401,3698.0421287666913,0.0781678871071626,0.0011264419471064,0.0015896729066149,0.0023230452577406,0.637,0.594,False,ntransits,5.750842|5.830681|5.898320|5.967533|5.255685|5.830678|5.749147|6.025663|5.349067|5.637245
73250068,5566.01,14.580481479987576,14.104098903461963,0.0947364191281286,7.173958625013878,9.08,1.0498,1.1904,4.29761,-0.125839,6039.23,1.0,False,-2.033771004569405e-06,8.88182,0.385407,2953.3004642214914,0.1894728382562572,inf,inf,inf,0.802,0.784,False,spurious|ntransits,8.210891|8.708325|9.146502|8.992179|8.213858|9.458490|8.914132|9.143577|9.147405|8.885899
43333094,5780.01,7.350460142471312,6.698074324116559,0.0332724454502539,9.06448796884623,10.909,0.868232,0.849095,4.52039,0.0181923,5306.0,2.0,False,-5.4693260846830815e-09,12.0158,0.529671,3459.245114799952,0.0665448909005078,0.0027726668056958,0.0042122132993421,0.0028302827917146,9.749,9.672,False,snrd|ntransits,11.732361|11.732361|11.732361|13.071052|11.889216|11.732361|11.732361|13.071057|11.732361|11.732361
164652245,5980.01,79.49537669020938,67.1524447,0.0870012772254512,5.675321137823697,1.481,0.889972,0.870983,4.50855,0.0207851,5391.0,2.0,False,-6.533508735765369e-18,14.8627,1.08775,1750.512836949553,0.1740025544509024,0.0008395370055141,0.0159502462328938,0.0082645208919422,0.165,0.162,False,ntransits,14.836119|13.975199|13.423048|16.113963|16.358065|15.159865|14.257348|16.601104|14.073860|13.828213
149577217,1850.01,7.391796991497045,0.6253733512893981,0.0184032530472418,10.80913986086251,8.192,0.895596,1.02819,4.35597,0.0900067,5429.36,1.0,False,-29.77646453239655,5.92529,0.427681,1931.0371078825208,0.0368065060944836,inf,inf,inf,0.717,0.692,False,ntransits,7.024988|6.055789|5.758574|5.642532|5.614856|6.190512|5.393856|6.045649|5.670943|6.298707
65446983,3662.01,4.999226348463077,4.908772246911008,0.0849679096562419,15.34880435005438,8.658,1.49514,1.60803,4.19695,-0.111741,7934.0,2.0,False,-34.70487673723799,7.17053195920213,0.6613015147572776,3641.178889874333,0.1699358193124838,0.0009612555186639,0.0025385557572036,0.0028914081168686,4.326,4.302,False,snrd|ntransits,6.699865|7.317432|8.039057|7.227033|6.661438|8.315165|7.128523|7.493439|5.889446|6.933921
407126408,913.02,1469.8534402619184,20.90027955087648,0.1187947477679116,11.331887661131816,2.556,0.757241,0.733565,4.58797,-0.108895,4958.63,2.0,False,-15.018775541127726,9.719746205377575,0.202869170779798,1648.0779171549916,0.2375894955358232,0.004246193910366,0.0016122407904412,0.0032307473372322,0.192,0.186,False,spurious|ntransits,9.634290|9.687714|10.321599|9.687637|9.637555|9.626231|9.627156|9.684607|9.602964|9.687710
8988289,316.01,13.341536360709046,12.70166710666568,0.0358871820191687,47.0264388406336,13.402,0.678521,0.715401,4.55049,-0.0783314,4556.16,4.0,False,-3318.860800446667,17.6235,0.237923,1366.8430590462024,0.0717743640383374,5.156438653592537e-06,0.0008737570761766,0.0006886922569844,0.644,0.603,False,snrd,17.566680|17.172953|17.395228|17.830723|17.595126|17.434916|17.810268|17.936990|17.565417|17.926649
399871011,943.01,12.356003536286012,6.216696219065319,0.1121484920373492,42.96975028429471,11.729,1.3898,1.40446,4.27921,-0.0837226,6947.65,3.0,False,-16981.42418626915,16.334,0.0952558,1444.2745192151724,0.2242969840746984,2.095013046368395e-05,0.0009252984181386,0.0012573166705476,0.509,0.396,False,snrd,16.335984|16.260611|16.105364|16.403802|16.319266|16.408674|16.319426|16.437637|16.311008|16.438523
282794970,6889.01,10.57005242023268,7.474551925040413,0.0640511631648775,42.1072129836953,18.594,0.995794,0.99402,4.43759,0.0270098,5726.0,4.0,False,-34.85497929065221,12.5572,2.38409,1937.82386124944,0.128102326329755,1.5114792986449052e-05,0.0009015272272286,0.0009739879469852,17.033,17.001,False,snrd,16.741435|10.067972|12.536190|16.328321|14.258180|10.098333|9.865959|16.343201|15.625702|9.817362
150907983,6222.01,9.440642766123792,6.535500198481214,0.0876902551687704,37.4504834889228,11.617,1.35316,1.50574,4.20093,-0.08455,6704.0,4.0,False,-51720.56163987739,13.4941,0.0490885,2859.900765481115,0.1753805103375408,2.020008461853682e-05,0.0007665491380929,0.0013551989132658,0.554,0.468,False,snrd,13.521551|13.522896|13.522237|13.494776|13.366530|13.521825|13.439822|13.521778|13.522054|13.507724
423670610,850.01,10.3435739204655,8.742856346463718,0.0489838943236165,31.70815608476187,9.357,1.04231,1.10026,4.36907,0.0248995,5863.5,3.0,False,-1705.4691071175616,7.13548,0.277464,1394.7176210246994,0.097967788647233,2.138993458095572e-05,0.0011339257077577,0.0015160399741804,0.417,0.403,False,snrd,7.410114|7.268499|7.149454|7.520142|6.658682|7.168925|7.091453|7.315511|7.151858|6.620200
437984134,887.01,5.771076773162663,3.781004126640781,0.0674988985289529,23.70744940415202,3.941,1.59235,2.1128,3.981,-0.147829,7210.16,26.0,False,-91.93010058898548,14.4523,0.454054,1472.089198402217,0.1349977970579058,8.863118469091831e-06,0.0021587453486088,0.0021540081692246,0.186,0.172,False,snrd,13.403335|13.706565|14.653807|14.689381|14.649263|14.696348|14.661736|14.689689|14.673453|14.699107
349488688,2319.02,11.607167250706503,7.686523454283646,0.1200226446555172,14.082456258972924,3.058,1.13714,1.38438,4.2038,-0.176577,6259.6,4.0,False,-23.20427091465164,11.8346,0.224345,1991.327734575432,0.2400452893110344,9.841919161046444e-06,0.0011466319426209,0.0010946055972678,0.177,0.159,False,snrd,11.627420|11.988020|11.787617|11.433023|12.111920|11.792341|12.185453|12.021756|11.700029|11.698776
85293053,1772.01,8.03224959789142,1.2550074152537545,0.1158733365774962,17.678455936316006,2.221,0.994741,0.946074,4.47734,0.120302,5607.78,8.0,False,-151.96703234744646,9.8025,0.299517,1871.7122459277407,0.2317466731549924,2.6081358756884223e-05,0.0018723146702867,0.0024296103110568,0.122,0.111,False,snrd,9.750180|9.639875|9.492537|10.189516|10.052948|10.231366|10.006416|9.769940|9.247685|9.644535
5592720,4986.01,6.592533152432383,3.9364242236280313,0.0497101144914395,14.880672801808988,26.704,1.23741,1.39484,4.22596,-0.0580071,6345.0,3.0,False,-7.08499791425832,4.88099,1.90994,3669.889362834483,0.099420228982879,0.0013630904038405,0.0015932254292949,0.0024048524780424,1.648,1.641,False,snrd,6.370388|5.950567|6.108419|6.180830|5.323644|5.921255|5.625344|4.871371|6.771232|6.336705
307232923,6742.01,8.159607571771495,5.007499088472715,0.1011571711058779,6.05549585450583,10.478,1.04079,1.09679,4.37131,0.0249686,5859.0,3.0,False,-1.368740275567954e-06,7.25496,0.265606,3835.582510956668,0.2023143422117558,0.0029789228627823,0.0044660541335542,0.003216846616516,6.187,6.003,False,snrd,7.289336|7.153528|7.275947|7.464820|7.448304|7.470491|7.289336|7.489561|7.112727|6.555512
100757807,811.01,12.587319841011093,6.68850504773845,0.0841098422474305,40.25065372285418,9.902,1.17401,1.18909,4.35127,0.196818,6066.71,4.0,False,-7937.205192440485,6.494063025489737,0.1765937289799974,2180.940835130599,0.168219684494861,0.0004223047975362,0.0008374383108868,0.0009373555152732,0.458,0.385,False,snrd,6.498810|6.051694|6.498340|6.494995|6.649584|6.374501|6.667463|6.498810|6.494313|6.712121
46020827,7471.01,4.695157692257629,0.1359778116116296,0.0827152235156135,42.27651239932716,9.968,0.989642,0.985563,4.44268,0.0268482,5708.0,4.0,False,-4826.686328694383,7.406354283256375,0.2339495953963365,3775.4370521314336,0.165430447031227,0.0002714868026761,0.0005982778382086,0.0009512574734114,0.431,0.346,False,snrd,7.356237|7.362168|7.330796|7.794292|7.365439|7.896554|7.330799|7.150755|7.145709|7.330794
356747847,1958.01,14.647964681265451,12.536053568362284,0.4706841684785342,13.0437441230014,13.767,1.17907,5.35115,3.05305,-0.0866708,4852.83,9.0,False,-2.2347988607859666,6.61611,2.54797,2346.3975202210054,0.9413683369570685,3.741036748668246e-05,0.0024291328801765,0.003704079664381,0.675,0.604,False,spurious|snrd,1.961270|8.033235|7.944439|8.342988|7.808034|6.656171|8.131304|7.595547|7.771654|8.153646
337217173,7049.01,40.38336966170981,40.36091054412977,0.0334526336957132,11.492270503661285,5.637,0.558276,0.588183,4.64513,-0.0121106,3236.0,1.0,False,-0.0,25.4564,0.0598929,1451.277430479857,0.0669052673914264,inf,inf,inf,0.971,0.936,False,spurious|ntransits,25.471858|25.528660|25.471520|25.527956|25.531118|25.530275|25.357573|25.534766|25.518004|25.514755
367522211,6382.01,35.37129240000001,27.40958627,0.1453098006755145,4.725136557024774,6.34,1.35262,1.50535,4.20095,-0.0844469,6702.0,1.0,False,-5.7097913641438955e-31,7.75262,0.264633,3262.764520761252,0.290619601351029,14.238467580581515,14.23822866040614,0.0080984862032264,0.731,0.773,False,ntransits,7.546193|7.844582|8.313880|7.992894|7.709358|7.421513|7.969436|7.581376|7.684132|7.462851
427320001,2112.02,155.82362868144352,25.2377099086138,0.2952906739227807,21.11538741622696,5.334,1.39026,1.5446,4.20048,-0.230633,7242.0,2.0,False,-23.182363473551344,12.0549,0.904723,1789.9590932587107,0.5905813478455614,0.0019768690231094,0.012166140889707,0.0032621515655896,0.252,0.213,False,ntransits,11.426052|13.036057|11.337483|12.855886|11.698331|12.743614|11.345713|12.712630|10.820272|13.195425
192415680,6041.01,20.260459660726507,5.362535696678034,0.0700910740338225,39.87725181017655,4.291,0.881788,0.862743,4.51301,0.019809,5359.0,3.0,False,-2952.7689863523347,8.644026890149535,0.2679542522454987,1796.0283470711747,0.140182148067645,1.3485266050963436e-05,0.0009925492979138,0.0011791091564916,0.333,0.316,True,,8.505379|8.775762|9.024519|8.617009|8.533019|8.543628|8.063272|9.063419|8.657608|8.656655
92443533,6812.01,6.316285817039764,3.372929950104573,0.0730753666757118,33.997789441496735,13.174,1.07435,1.15892,4.33441,0.0132023,5951.0,4.0,False,-322.6426958481998,6.108267126439803,0.7257662049674711,3886.8268054491327,0.1461507333514236,0.0009209401365993,0.0020108973256408,0.0028819002665338,0.71,0.632,True,,7.003576|5.424746|6.321353|5.297855|6.079856|5.756729|5.783003|7.683770|6.348868|5.382917
67395329,6873.01,9.412597434939222,1.191177553070682,0.0318222982715325,17.656466932897438,3.076,0.905062,0.886175,4.50033,0.0225848,5450.0,3.0,False,-577.7816213173586,6.456601526878137,0.2175218631492072,3236.8411194071064,0.063644596543065,0.0010133056829613,0.0013567783207727,0.001827208418652,0.234,0.224,True,,6.520387|6.523225|6.054654|6.254426|6.523225|6.476980|6.912242|6.254426|6.523225|6.523225
406684949,5442.01,4.23568903808508,2.4924543383911284,0.0225651842180944,14.43563928348896,10.287,0.950863,1.25999,4.20844,-0.392616,6033.11,6.0,False,-16.30294560478458,7.833529492348058,0.7949264353016896,2528.8771767045587,0.0451303684361888,0.0004458022483938,0.0014710289557844,0.0018561633875632,0.659,0.656,True,,8.729019|8.465107|8.976889|7.025478|8.722884|7.296507|6.809057|7.039344|8.035521|7.235490
156514476,6884.01,4.815718664304311,0.9091355282771524,0.0503077238940271,14.94273815356518,10.053,1.10371,1.20417,4.31,-0.0034978,6026.94,3.0,False,-332.87340338090587,5.848576267743198,0.2329715526643755,2641.097897497382,0.1006154477880542,0.0010211715553668,0.001741219631952,0.0027583064175764,0.569,0.567,True,,5.788059|5.472560|5.764808|5.931589|5.807752|6.014412|5.435860|6.012712|6.122898|6.135113
260128333,1338.01,95.17385960486013,55.201082548019365,0.2082426780006785,3.5308078511513648,3.442,1.15611,1.26986,4.28682,-0.00902767,6176.33,8.0,True,-3.883376607519344e-18,31.227,3.25578,1380.5447629083292,0.416485356001357,0.0007954114322914,0.0108231480238266,0.0089866077484496,0.502,0.573,False,spurious,27.427675|29.508971|32.372004|31.093146|27.033293|28.878642|35.608971|29.175800|36.764658|34.406445
