TIC,TOI,Period,Phase,Tau,SNR,Radius_planet,Mass,Radius,logg,FEH,Teff,Number of Valid Transits,Has Visible TTVs,log10(p value),μ(SNR | null),σ(SNR | null),sm_sf_grid,_cand_idx,Multiplicity,outlier_score,Interesting,ood_pvalue,Epoch,Duration,err_Period,err_Epoch,err_Duration,Radius_planet_errp,Radius_planet_errm,passed_all_tests,failed_tests,proposed_toi,nst_samples,fold_absorbed,fold_absorbed_pure,fold_excess,fold_duty,verdict,confidence,note
7548817,,0.4694582780147556,0.1183765591848514,0.0391183376833406,9.388101389205843,2.244,1.243567853485782,1.373031297577185,4.24347275966577,0.0204695003508217,6307.291842447133,465,,-4.376733401814392,5.7574,0.240242,-0.0000|-0.0000|-0.0000|-0.0000|-0.0000|-0.0000|-0.0000|-0.0000|-0.0000|-0.0000|-0.0000|-0.0000|-0.0000|-0.0000|-0.0000|-0.0000|-0.0000|-0.0000|-0.0000|-0.0000|-0.0000|-0.0000|-0.0000|-0.0000|-0.0001|-0.0001|-0.0003|-0.0007|-0.0016|-0.0041|-0.0108|-0.0313|-0.0981|-0.2844|-0.6207|-1.0509|-1.4999|-1.9205|-2.3016|-2.6481|-2.9675|-3.2654|-3.5456|-3.8108|-4.0632|-4.3043|-4.5352|-4.7569|-4.9704|-5.1762|-5.3752|-5.5679|-5.7547|-5.9362|-6.1128|-6.2850|-6.4530|-6.6172|-6.7779|-6.9354|-7.0900|-7.2418|-7.3911|-7.5380|-7.6827|-8.7727|-9.7883|-10.7607|-11.7078|-12.6399|-13.5631|-14.4808|-15.3951|-16.3072|-17.2179|-18.1278|-19.0371|-19.9459|-20.8546|-21.7630,0,2,,False,,1683.499263756416,0.0782366753666812,1.41338404696365e-06,0.0048059863917181,0.0019913960046374,0.16,0.152,False,fold_shape,,5.630251|5.480001|6.071503|5.515838|5.674339|5.617522|5.962612|6.254048|5.705665|5.661913,0.7075172030518281,0.6685290523483367,0.0389881507034913,0.1666530957714247,not_convincing,3,"TIC 7548817 P=0.46946 d: the 'transit' is the minimum of a smooth modulation that runs across the entire phase (15% duty cycle, rounded bottom), fully traced by the stellar-variability model."
26469462,,5.148558292010802,3.8078145329345134,0.0579398949832174,9.579765890709812,2.616,1.1348037304305305,1.1413377079834863,4.374587584576231,0.0213624827836865,6129.755463869627,25,,-4.427102386652673,5.6159,0.252347,-0.0000|-0.0000|-0.0000|-0.0000|-0.0000|-0.0000|-0.0000|-0.0000|-0.0000|-0.0000|-0.0000|-0.0000|-0.0000|-0.0000|-0.0000|-0.0000|-0.0000|-0.0000|-0.0000|-0.0000|-0.0000|-0.0000|-0.0000|-0.0000|-0.0000|-0.0001|-0.0003|-0.0007|-0.0019|-0.0056|-0.0179|-0.0616|-0.1951|-0.4668|-0.8511|-1.2774|-1.6870|-2.0595|-2.3976|-2.7088|-2.9992|-3.2729|-3.5327|-3.7807|-4.0185|-4.2475|-4.4684|-4.6823|-4.8898|-5.0914|-5.2876|-5.4789|-5.6656|-5.8481|-6.0267|-6.2016|-6.3731|-6.5414|-6.7068|-6.8694|-7.0294|-7.1870|-7.3423|-7.4956|-7.6468|-8.7929|-9.8681|-10.8993|-11.9016|-12.8839|-13.8519|-14.8094|-15.7593|-16.7036|-17.6435|-18.5804|-19.5148|-20.4474|-21.3786|-22.3087,0,2,,False,,2205.55707873226,0.1158797899664348,1.933348462464968e-05,0.0027931133595057,0.004796263720632,0.181,0.172,True,,,5.335032|5.343625|5.999923|6.028569|5.591647|5.338762|5.710523|5.431259|5.558450|5.821470,0.111844550856864,0.0953594702524306,0.0164850806044334,0.0225072308390194,plausible,2,"TIC 26469462 P=5.14856 d: shallow (0.1 sigma) box-shaped dip with symmetric positive shoulders, sitting on the steep flank of a 0.5-amplitude rotational modulation."
27459498,,123.13246852515287,35.08317550720724,0.0104401955256776,9.783660706272874,27.122,1.1894947557877384,1.505072061696335,4.150914518492379,-0.2430604578832548,6437.663428872164,2,,-5.201211853775933,4.7812,0.133065,-0.0000|-0.0000|-0.0000|-0.0000|-0.0000|-0.0000|-0.0000|-0.0000|-0.0000|-0.0000|-0.0000|-0.0000|-0.0000|-0.0000|-0.0000|-0.0000|-0.0000|-0.0000|-0.0000|-0.0000|-0.0000|-0.0000|-0.0000|-0.0001|-0.0003|-0.0009|-0.0036|-0.0179|-0.1137|-0.4667|-1.0262|-1.5431|-1.9636|-2.3213|-2.6383|-2.9261|-3.1912|-3.4378|-3.6687|-3.8864|-4.0924|-4.2882|-4.4750|-4.6537|-4.8252|-4.9904|-5.1498|-5.3040|-5.4536|-5.5990|-5.7407|-5.8790|-6.0143|-6.1468|-6.2768|-6.4045|-6.5302|-6.6540|-6.7761|-6.8967|-7.0158|-7.1336|-7.2502|-7.3658|-7.4803|-8.3636|-9.2144|-10.0465|-10.8671|-11.6799|-12.4872|-13.2903|-14.0900|-14.8870|-15.6817|-16.4744|-17.2654|-18.0549|-18.8432|-19.6303,0,2,,False,,2804.988515904069,0.0208803910513552,0.000245559298355,0.0012087473878689,0.001632540342627,1.696,1.695,False,snrd|ntransits,,4.985827|4.622684|4.796094|4.858718|4.673051|4.806858|4.968914|4.605941|4.639240|4.854506,0.0608458444759476,0.0050897222748457,0.0557561222011019,0.0001695766462043,not_convincing,3,"TIC 27459498 P=123.13247 d: a single three-cadence, ~45-minute downward spike present in only one of the two epochs, absurdly short for a 123-d period, on a light curve with severe systematics in the second half."
47720259,,0.2285996123612434,0.0950730168272698,0.0185084836129802,9.921302214643298,1.163,0.7361437019359207,0.7246719181697583,4.58336514040164,-0.0007779257639123,4743.080539219307,285,,-4.160774407536565,5.1077,0.376704,-0.0000|-0.0000|-0.0000|-0.0000|-0.0000|-0.0000|-0.0000|-0.0000|-0.0000|-0.0000|-0.0000|-0.0000|-0.0000|-0.0000|-0.0000|-0.0000|-0.0000|-0.0001|-0.0001|-0.0002|-0.0004|-0.0007|-0.0012|-0.0022|-0.0042|-0.0080|-0.0160|-0.0331|-0.0706|-0.1473|-0.2831|-0.4893|-0.7644|-1.0890|-1.4298|-1.7563|-2.0537|-2.3215|-2.5647|-2.7887|-2.9978|-3.1947|-3.3817|-3.5603|-3.7316|-3.8966|-4.0560|-4.2104|-4.3603|-4.5062|-4.6485|-4.7874|-4.9232|-5.0562|-5.1867|-5.3147|-5.4406|-5.5644|-5.6864|-5.8066|-5.9251|-6.0421|-6.1578|-6.2720|-6.3851|-7.2489|-8.0679|-8.8587|-9.6305|-10.3889|-11.1369|-11.8768|-12.6098|-13.3371|-14.0593|-14.7769|-15.4906|-16.2007|-16.9075|-17.6115,0,2,,False,,1468.3944872086352,0.0370169672259604,1.4022429896704348e-07,0.0011371006551431,0.0007850133476836,0.083,0.08,False,sharp_freq,,5.528198|5.417833|5.747599|4.713651|4.795588|4.524742|5.050921|5.401648|4.906127|4.990233,0.9243521156951888,0.6808545663183511,0.2434975493768377,0.1619292650744504,not_convincing,2,"TIC 47720259 P=0.2286 d: a jagged, double-bottomed dip covering ~20% of a 5.5-hr period, far too long a duration for a transit, and the variability model absorbs it almost entirely."
67711670,,28.496802882399308,8.293349209172629,0.125302535489578,13.794197315183196,9.505,1.2374053132455791,1.3948396159831158,4.225964426521807,-0.0580070946596067,6345.0,2,,-4.000139490709876,8.7192,0.44793,-0.0000|-0.0000|-0.0000|-0.0000|-0.0000|-0.0000|-0.0000|-0.0000|-0.0000|-0.0000|-0.0000|-0.0000|-0.0000|-0.0000|-0.0000|-0.0000|-0.0000|-0.0000|-0.0000|-0.0000|-0.0000|-0.0000|-0.0000|-0.0000|-0.0000|-0.0000|-0.0000|-0.0000|-0.0000|-0.0000|-0.0000|-0.0000|-0.0000|-0.0000|-0.0001|-0.0002|-0.0003|-0.0008|-0.0018|-0.0045|-0.0116|-0.0316|-0.0878|-0.2273|-0.5011|-0.9110|-1.3797|-1.8177|-2.1975|-2.5294|-2.8270|-3.0999|-3.3542|-3.5938|-3.8214|-4.0390|-4.2481|-4.4499|-4.6451|-4.8347|-5.0191|-5.1989|-5.3746|-5.5463|-5.7146|-6.9510|-8.0518|-9.0567|-9.9950|-10.8908|-11.7606|-12.6153|-13.4610|-14.3013|-15.1384|-15.9735|-16.8072|-17.6402|-18.4726|-19.3047,0,2,,False,,1798.989929122174,0.250605070979156,4.878074985069461e-05,0.0028273001539955,0.0024293674794752,0.565,0.518,False,snrd|ntransits,,9.234542|7.956437|8.858051|9.456562|8.388408|8.460720|8.197422|9.094455|8.750002|8.795328,0.0397392801715995,0.0344906056055679,0.0052486745660316,0.0087941469088077,not_convincing,2,"TIC 67711670 P=28.4968 d: broad 0.25 d depression carried by only ~2 epochs, flanked by binned out-of-transit excursions (+3.5) larger than the 1.3-unit depth, with most of the raw dip absorbed by the GP."
102734241,,6.010372446013946,4.408587243274996,0.0329411539136497,8.847241450778883,1.211,0.5582755691100276,0.5881830367782372,4.645134267394891,-0.0121106160780851,3272.0,32,,-4.443267635632006,5.4954,0.196744,-0.0000|-0.0000|-0.0000|-0.0000|-0.0000|-0.0000|-0.0000|-0.0000|-0.0000|-0.0000|-0.0000|-0.0000|-0.0000|-0.0000|-0.0000|-0.0000|-0.0000|-0.0000|-0.0000|-0.0000|-0.0000|-0.0000|-0.0000|-0.0000|-0.0001|-0.0001|-0.0003|-0.0009|-0.0026|-0.0081|-0.0274|-0.0958|-0.2914|-0.6553|-1.1192|-1.5902|-2.0237|-2.4150|-2.7715|-3.1007|-3.4082|-3.6976|-3.9716|-4.2323|-4.4812|-4.7196|-4.9485|-5.1686|-5.3807|-5.5853|-5.7831|-5.9743|-6.1595|-6.3391|-6.5133|-6.6825|-6.8471|-7.0072|-7.1633|-7.3154|-7.4640|-7.6092|-7.7512|-7.8904|-8.0268|-9.0372|-9.9638|-10.8497|-11.7159|-12.5722|-13.4235|-14.2721|-15.1192|-15.9655|-16.8113|-17.6568|-18.5022|-19.3475|-20.1927|-21.0379,0,2,,False,,1687.770137773635,0.0658823078272994,2.308333791870599e-05,0.0056763638539006,0.0032543718848156,0.172,0.162,True,,,5.424274|5.621552|5.423555|5.624805|5.155402|5.801326|5.264980|5.487424|5.389481|5.761173,0.0817917439609101,0.0221477477576396,0.0596439962032705,0.0109614351554856,plausible,2,"TIC 102734241 P=6.01037 d: a ~6-bin box-shaped dip of 0.5 sigma with a flat baseline, but one epoch flares to +10 sigma just before ingress and the pre-ingress positive bump is nearly as strong as the dip itself."
107018378,,2.4347513800342173,2.346557284677132,0.0147446650434001,11.962829531027166,1.299,0.1990686664357595,0.2236594485482098,5.033630046571009,-0.1012293966872888,3202.4974010297,44,,-5.268323060334081,5.2305,0.26073,-0.0000|-0.0000|-0.0000|-0.0000|-0.0000|-0.0000|-0.0000|-0.0000|-0.0000|-0.0000|-0.0000|-0.0000|-0.0000|-0.0000|-0.0000|-0.0000|-0.0000|-0.0000|-0.0000|-0.0000|-0.0000|-0.0000|-0.0001|-0.0002|-0.0004|-0.0009|-0.0023|-0.0061|-0.0175|-0.0537|-0.1582|-0.3792|-0.7140|-1.1072|-1.4958|-1.8498|-2.1685|-2.4593|-2.7289|-2.9816|-3.2204|-3.4471|-3.6633|-3.8697|-4.0672|-4.2563|-4.4372|-4.6103|-4.7757|-4.9335|-5.0840|-5.2272|-5.3634|-5.4927|-5.6155|-5.7320|-5.8428|-5.9483|-6.0488|-6.1450|-6.2372|-6.3258|-6.4114|-6.4943|-6.5748|-7.1615|-7.7039|-8.2323|-8.7559|-9.2777|-9.7988|-10.3196|-10.8402|-11.3609|-11.8814|-12.4020|-12.9226|-13.4431|-13.9637|-14.4843,0,2,,True,,1574.1124523154572,0.0294893300868002,1.85569841574592e-06,0.0015747613769366,0.0015167020783612,0.298,0.288,True,,,4.994774|4.985993|5.333829|5.289516|5.605209|5.221971|5.714027|5.001960|4.881682|5.276397,0.0341404654385464,0.0239753885455331,0.0101650768930132,0.0121118444900052,convincing,2,"TIC 107018378 P=2.43475 d: sharp symmetric ~50 min V-shaped dip reaching -1.0 sigma over five bins on a flat baseline, self-consistent with a grazing transit."
124573851,,9.529234640846836,6.286670552743332,0.0522134070996712,10.135949194247296,2.334,0.9753406403411524,0.9520262388978528,4.466666956610568,0.1251986222485545,5586.060317566547,10,,-4.803696679275824,6.2705,0.318938,-0.0000|-0.0000|-0.0000|-0.0000|-0.0000|-0.0000|-0.0000|-0.0000|-0.0000|-0.0000|-0.0000|-0.0000|-0.0000|-0.0000|-0.0000|-0.0000|-0.0000|-0.0000|-0.0000|-0.0000|-0.0000|-0.0000|-0.0000|-0.0000|-0.0000|-0.0000|-0.0000|-0.0001|-0.0002|-0.0005|-0.0013|-0.0035|-0.0098|-0.0281|-0.0827|-0.2292|-0.5337|-0.9909|-1.5139|-2.0188|-2.4742|-2.8823|-3.2526|-3.5933|-3.9100|-4.2067|-4.4864|-4.7514|-5.0035|-5.2442|-5.4747|-5.6961|-5.9093|-6.1152|-6.3145|-6.5078|-6.6958|-6.8791|-7.0580|-7.2331|-7.4047|-7.5732|-7.7389|-7.9021|-8.0630|-9.2845|-10.4427|-11.5668|-12.6701|-13.7593|-14.8382|-15.9095|-16.9749|-18.0359|-19.0933|-20.1479|-21.2003|-22.2510|-23.3003|-24.3486,0,2,,True,,1550.990667803526,0.1044268141993424,2.521311004648057e-05,0.0036197981496377,0.0032657300519692,0.172,0.161,True,,,6.528256|6.423253|6.112482|6.332722|6.720159|6.092545|6.207905|5.507039|6.233803|6.547277,0.0145135210793885,0.0444671321009437,-0.0299536110215552,0.0109585730790717,convincing,2,"TIC 124573851 P=9.52923 d: well-defined ~1-sigma-deep, 0.11 d flat-bottomed dip on an otherwise flat 9.5 d fold with no secondary, though the transit floor is noticeably jagged."
154940895,,4.899225716512285,3.452853171492833,0.035372544759361,9.240665656635352,1.134,0.4297369472064258,0.4360976901244199,4.788639744638437,-0.497729415473999,3707.202283026969,56,,-4.860050366624004,5.5742,0.138202,-0.0000|-0.0000|-0.0000|-0.0000|-0.0000|-0.0000|-0.0000|-0.0000|-0.0000|-0.0000|-0.0000|-0.0000|-0.0000|-0.0000|-0.0000|-0.0000|-0.0000|-0.0000|-0.0000|-0.0000|-0.0000|-0.0000|-0.0000|-0.0000|-0.0000|-0.0000|-0.0001|-0.0003|-0.0008|-0.0029|-0.0108|-0.0451|-0.1852|-0.5338|-1.0182|-1.5133|-1.9692|-2.3831|-2.7630|-3.1162|-3.4476|-3.7611|-4.0593|-4.3442|-4.6175|-4.8804|-5.1340|-5.3793|-5.6171|-5.8480|-6.0727|-6.2918|-6.5058|-6.7151|-6.9202|-7.1214|-7.3192|-7.5137|-7.7053|-7.8942|-8.0808|-8.2651|-8.4473|-8.6277|-8.8064|-10.1796|-11.4941|-12.7710|-14.0217|-15.2534|-16.4712|-17.6788|-18.8792|-20.0744|-21.2660|-22.4549|-23.6420|-24.8277|-26.0126|-27.1967,0,2,,False,,1819.5420145645303,0.070745089518722,1.0050954136173652e-05,0.002299069912759,0.0026467397695416,0.162,0.155,True,,,5.835690|5.497538|5.795818|5.616531|5.455627|5.473467|5.551488|5.591680|5.373509|5.551104,0.0787099740961415,0.0312234256066438,0.0474865484894977,0.0144400551459149,plausible,2,"TIC 154940895 P=4.89923 d: a ~1.9-hr V-shaped dip with a jagged bottom (one bin recovers halfway) and mild post-egress ringing, transit-like but weak at SNR 9.2."
160328683,,0.2850707926138265,0.02777764,0.0350242583103347,9.284724549280012,2.871,0.5188368113403157,0.5439506239087112,4.676593834323005,0.2329162857109761,3639.146340553146,357,,-4.017245875555503,5.3217,0.323058,-0.0000|-0.0000|-0.0000|-0.0000|-0.0000|-0.0000|-0.0000|-0.0000|-0.0000|-0.0000|-0.0000|-0.0000|-0.0000|-0.0000|-0.0000|-0.0000|-0.0000|-0.0000|-0.0000|-0.0000|-0.0001|-0.0002|-0.0003|-0.0005|-0.0010|-0.0020|-0.0042|-0.0091|-0.0211|-0.0513|-0.1264|-0.2834|-0.5361|-0.8633|-1.2254|-1.5843|-1.9177|-2.2205|-2.4966|-2.7512|-2.9889|-3.2129|-3.4255|-3.6284|-3.8229|-4.0100|-4.1906|-4.3653|-4.5347|-4.6994|-4.8599|-5.0164|-5.1695|-5.3193|-5.4662|-5.6104|-5.7521|-5.8917|-6.0291|-6.1647|-6.2986|-6.4308|-6.5616|-6.6909|-6.8191|-7.8021|-8.7404|-9.6502|-10.5403|-11.4160|-12.2807|-13.1365|-13.9851|-14.8277|-15.6650|-16.4980|-17.3271|-18.1528|-18.9756|-19.7959,2,2,,False,,2174.2799969991765,0.0700485166206694,4.7395157599896803e-07,0.0018196976335341,0.0024587260672578,0.244,0.235,False,sharp_freq|fold_shape,,5.248202|5.478277|5.131776|5.324250|4.871631|5.762895|5.968282|5.219804|4.934340|5.277471,0.9509538732448242,0.8561940890071383,0.0947597842376858,0.2457232323886691,not_convincing,3,TIC 160328683 P=0.28507 d: the fold is a smooth sinusoidal ramp over the whole period with no transit shape at all; the box model is just fitting the minimum of the modulation.
160585062,,2.6987058815368745,0.4507471789219581,0.0386234487408904,10.49911311621488,1.344,0.7020514333788264,0.6993229075236385,4.593255297600386,-0.0038926672678765,4568.0,256,,-5.700070186605669,5.4376,0.113962,-0.0000|-0.0000|-0.0000|-0.0000|-0.0000|-0.0000|-0.0000|-0.0000|-0.0000|-0.0000|-0.0000|-0.0000|-0.0000|-0.0000|-0.0000|-0.0000|-0.0000|-0.0000|-0.0000|-0.0000|-0.0000|-0.0000|-0.0000|-0.0000|-0.0000|-0.0001|-0.0002|-0.0005|-0.0016|-0.0058|-0.0237|-0.1042|-0.3815|-0.8699|-1.4035|-1.8919|-2.3262|-2.7171|-3.0740|-3.4037|-3.7109|-3.9992|-4.2717|-4.5307|-4.7782|-5.0160|-5.2454|-5.4677|-5.6838|-5.8945|-6.1005|-6.3024|-6.5007|-6.6958|-6.8882|-7.0779|-7.2655|-7.4510|-7.6347|-7.8167|-7.9973|-8.1765|-8.3544|-8.5313|-8.7071|-10.0768|-11.4128|-12.7286|-14.0314|-15.3250|-16.6120|-17.8939|-19.1717|-20.4463|-21.7183|-22.9881|-24.2560|-25.5225|-26.7876|-28.0516,0,3,,True,,1683.8075735136,0.0772468974817808,4.0441338155071545e-06,0.001440772719979,0.0020909161415788,0.169,0.161,True,,,5.321847|5.620075|5.489420|5.665570|5.384872|5.308822|5.388500|5.425511|5.411016|5.360820,0.1243269447407074,0.1180122063300915,0.0063147384106159,0.028623681450529,convincing,3,"TIC 160585062 P=2.69871 d: clean flat-bottomed 0.09 d dip (3% duty cycle) with sharp ingress/egress, flat baseline across the whole fold, no secondary, and the GP model leaves it untouched."
169191182,,0.3116303726888584,0.1527770199999999,0.0350509389587606,8.708729813143213,1.406,1.167951641205242,1.3023769219331298,4.262670302641246,-0.0347059430377113,6180.8,347,,-4.473369975961663,5.0349,0.233082,-0.0000|-0.0000|-0.0000|-0.0000|-0.0000|-0.0000|-0.0000|-0.0000|-0.0000|-0.0000|-0.0000|-0.0000|-0.0000|-0.0000|-0.0000|-0.0000|-0.0000|-0.0000|-0.0000|-0.0001|-0.0001|-0.0002|-0.0004|-0.0009|-0.0018|-0.0040|-0.0091|-0.0217|-0.0542|-0.1353|-0.3139|-0.6273|-1.0457|-1.4939|-1.9174|-2.2981|-2.6382|-2.9454|-3.2265|-3.4869|-3.7303|-3.9596|-4.1767|-4.3832|-4.5802|-4.7689|-4.9499|-5.1240|-5.2917|-5.4537|-5.6103|-5.7620|-5.9092|-6.0522|-6.1915|-6.3273|-6.4599|-6.5896|-6.7166|-6.8411|-6.9635|-7.0838|-7.2022|-7.3189|-7.4340|-8.3070|-9.1311|-9.9279|-10.7084|-11.4784|-12.2415|-12.9997|-13.7544|-14.5065|-15.2568|-16.0056|-16.7533|-17.5002|-18.2465|-18.9923,0,2,,False,,1491.807524008784,0.0701018779175212,2.7223399210866376e-07,0.002091915747055,0.0032342675562704,0.108,0.103,False,fold_shape,,5.315317|4.693880|4.740046|5.115261|5.187003|5.294569|5.106712|4.657437|5.083509|5.154839,0.8552214808605463,0.808528783646606,0.0466926972139403,0.2249520074460557,not_convincing,2,"TIC 169191182 P=0.31163 d: eclipse-like dip occupying about 24% of a 7.5 h period, implying a/R* of order 1.4, i.e. a contact eclipsing binary (true period likely 0.623 d) rather than a planet."
177254988,,3.600826992784848,0.4769859865285779,0.0372929927096151,9.36415969463508,1.331,0.6759425418909633,0.6771520812935391,4.606448509655389,0.1292541268169057,4300.47044709184,248,,-4.966631917066613,5.6671,0.225009,-0.0000|-0.0000|-0.0000|-0.0000|-0.0000|-0.0000|-0.0000|-0.0000|-0.0000|-0.0000|-0.0000|-0.0000|-0.0000|-0.0000|-0.0000|-0.0000|-0.0000|-0.0000|-0.0000|-0.0000|-0.0000|-0.0000|-0.0000|-0.0000|-0.0000|-0.0001|-0.0002|-0.0005|-0.0014|-0.0039|-0.0119|-0.0377|-0.1207|-0.3424|-0.7485|-1.2616|-1.7783|-2.2511|-2.6759|-3.0615|-3.4166|-3.7475|-4.0586|-4.3532|-4.6337|-4.9021|-5.1596|-5.4076|-5.6468|-5.8781|-6.1021|-6.3193|-6.5301|-6.7350|-6.9342|-7.1282|-7.3172|-7.5016|-7.6817|-7.8577|-8.0299|-8.1986|-8.3640|-8.5265|-8.6862|-9.8838|-11.0044|-12.0903|-13.1599|-14.2214|-15.2787|-16.3338|-17.3876|-18.4407|-19.4934|-20.5458|-21.5980|-22.6502|-23.7023|-24.7544,0,3,,True,,1325.814998944779,0.0745859854192302,4.6147339326638535e-06,0.0019264313377032,0.0018938422024654,0.092,0.09,True,,,5.910005|5.764947|5.939914|5.682210|5.689821|5.669203|5.791252|5.505960|5.102837|5.614523,0.111486191059595,0.0429140207869753,0.0685721702726196,0.0207135709570834,convincing,2,"TIC 177254988 P=3.60083 d: clean shallow (0.22 sigma) 0.08-d box with sharp edges on a flat baseline and a flat variability model, from many epochs."
190223929,,24.95723297032859,7.0648238954931175,0.0354154229121532,12.14483289185052,12.542,,,,,7697.2,2,,-5.846531115328004,4.5316,0.228212,-0.0000|-0.0000|-0.0000|-0.0000|-0.0000|-0.0000|-0.0000|-0.0000|-0.0000|-0.0000|-0.0000|-0.0000|-0.0000|-0.0000|-0.0000|-0.0000|-0.0000|-0.0000|-0.0000|-0.0001|-0.0002|-0.0005|-0.0011|-0.0028|-0.0076|-0.0226|-0.0710|-0.2066|-0.4872|-0.8962|-1.3444|-1.7561|-2.1122|-2.4228|-2.7004|-2.9540|-3.1891|-3.4096|-3.6181|-3.8164|-4.0062|-4.1885|-4.3644|-4.5345|-4.6996|-4.8602|-5.0168|-5.1698|-5.3196|-5.4664|-5.6106|-5.7523|-5.8919|-6.0296|-6.1654|-6.2996|-6.4322|-6.5635|-6.6936|-6.8225|-6.9503|-7.0771|-7.2031|-7.3282|-7.4526|-8.4199|-9.3607|-10.2849|-11.1977|-12.1023|-13.0005|-13.8934|-14.7821|-15.6670|-16.5488|-17.4277|-18.3041|-19.1783|-20.0504|-20.9207,0,2,,False,,2946.998550128425,0.0708308458243064,0.000179336060486,0.0017724079818097,0.002646055275205,2.408,2.334,False,ntransits,,4.652323|4.485439|4.958893|4.642028|4.469908|4.152013|4.473849|4.719706|4.184260|4.577140,0.0210050362716601,0.011536782732466,0.0094682535391941,0.0028380888982571,plausible,2,"TIC 190223929 P=24.95723 d: clean, deep (3-unit), flat-bottomed 0.08 d box seen consistently in two epochs and not absorbed by the GP, but only two epochs exist and the light curve shows other deep excursions at data-gap edges."
198178859,,11.99698320384338,0.6380253262046918,0.0582677684600853,8.604835038507467,1.329,0.8876700318559475,0.8686652655337586,4.50980167710448,0.0205105301151285,5382.0,50,,-5.01413606348788,5.3974,0.089276,-0.0000|-0.0000|-0.0000|-0.0000|-0.0000|-0.0000|-0.0000|-0.0000|-0.0000|-0.0000|-0.0000|-0.0000|-0.0000|-0.0000|-0.0000|-0.0000|-0.0000|-0.0000|-0.0000|-0.0000|-0.0000|-0.0000|-0.0000|-0.0000|-0.0000|-0.0000|-0.0000|-0.0002|-0.0006|-0.0029|-0.0156|-0.0973|-0.4832|-1.1651|-1.8044|-2.3377|-2.7936|-3.1952|-3.5568|-3.8867|-4.1906|-4.4721|-4.7337|-4.9775|-5.2048|-5.4168|-5.6148|-5.7999|-5.9734|-6.1367|-6.2910|-6.4377|-6.5780|-6.7129|-6.8433|-6.9702|-7.0940|-7.2155|-7.3350|-7.4530|-7.5697|-7.6853|-7.8001|-7.9143|-8.0279|-8.9206|-9.8061|-10.6900|-11.5735|-12.4569|-13.3403|-14.2236|-15.1070|-15.9903|-16.8737|-17.7570|-18.6404|-19.5237|-20.4071|-21.2905,0,2,,False,,1712.006438044823,0.1165355369201706,9.432161947090645e-06,0.0012537654122985,0.0012490218971164,0.118,0.114,True,,,5.491801|5.516744|5.413626|5.231189|5.415693|5.468966|5.417212|5.412100|5.353330|5.253693,0.0347274174616641,0.0385787245988793,-0.0038513071372151,0.0097137367736613,plausible,2,"TIC 198178859 P=11.99698 d: coherent flat-bottomed 0.11 d dip of 0.25 sigma in the fold, but the host is strongly variable and the GP only partly removes it, and no single epoch shows the event."
229650439,,2.4617843078621324,0.7110634805352279,0.0358090472871694,9.18000543229144,0.889,0.8320837545546661,0.8047213904504207,4.542123776341391,-0.0062728839251767,5169.32138323877,336,,-4.367998279320564,5.2228,0.270748,-0.0000|-0.0000|-0.0000|-0.0000|-0.0000|-0.0000|-0.0000|-0.0000|-0.0000|-0.0000|-0.0000|-0.0000|-0.0000|-0.0000|-0.0000|-0.0000|-0.0000|-0.0000|-0.0000|-0.0000|-0.0000|-0.0000|-0.0001|-0.0002|-0.0005|-0.0012|-0.0030|-0.0077|-0.0206|-0.0574|-0.1541|-0.3598|-0.6939|-1.1124|-1.5399|-1.9294|-2.2740|-2.5824|-2.8633|-3.1232|-3.3663|-3.5958|-3.8138|-4.0220|-4.2218|-4.4142|-4.6001|-4.7802|-4.9551|-5.1254|-5.2916|-5.4539|-5.6129|-5.7687|-5.9216|-6.0719|-6.2198|-6.3654|-6.5090|-6.6507|-6.7906|-6.9289|-7.0657|-7.2011|-7.3351|-8.3632|-9.3430|-10.2916|-11.2188|-12.1306|-13.0309|-13.9225|-14.8074|-15.6870|-16.5624|-17.4344|-18.3036|-19.1706|-20.0356|-20.8991,0,3,,True,,1684.0684777745544,0.0716180945743388,3.2413226361337966e-06,0.0015766876169812,0.0026938215022602,0.072,0.068,True,,,5.370066|5.083868|5.107847|4.755603|5.160743|5.389138|5.566135|5.308997|4.853660|5.632036,0.0839770971284213,0.0614759585991007,0.0225011385293206,0.0290919453607751,convincing,2,"TIC 229650439 P=2.46178 d: very shallow (0.15 sigma) but sharply bounded 0.08-d box built from thousands of epochs, flat baseline, and the fitted stellar variability is smoother and weaker than the dip."
229786610,,0.2721782269423485,0.0486024562280731,0.0062413028978376,18.11087826124369,1.56,0.816598131016819,0.7859888143707002,4.557021581851474,0.0261977834446312,5073.435611106665,2954,,-4.287573149208703,8.3217,0.816594,-0.0000|-0.0000|-0.0000|-0.0000|-0.0000|-0.0000|-0.0000|-0.0000|-0.0000|-0.0000|-0.0000|-0.0000|-0.0000|-0.0000|-0.0000|-0.0000|-0.0000|-0.0000|-0.0000|-0.0000|-0.0000|-0.0000|-0.0000|-0.0000|-0.0000|-0.0000|-0.0000|-0.0000|-0.0001|-0.0001|-0.0002|-0.0003|-0.0005|-0.0009|-0.0016|-0.0031|-0.0061|-0.0128|-0.0280|-0.0638|-0.1394|-0.2661|-0.4405|-0.6582|-0.9161|-1.2024|-1.4904|-1.7561|-1.9946|-2.2126|-2.4163|-2.6095|-2.7942|-2.9718|-3.1433|-3.3093|-3.4702|-3.6266|-3.7787|-3.9268|-4.0712|-4.2121|-4.3497|-4.4842|-4.6157|-5.5707|-6.4011|-7.1455|-7.8305|-8.4736|-9.0862|-9.6757|-10.2476|-10.8058|-11.3533|-11.8924|-12.4248|-12.9519|-13.4747|-13.9942,0,3,,False,,1683.4063853276757,0.0124826057956752,1.3363732114362745e-07,0.0004691141061812,0.0005271278767834,0.1,0.1,False,sharp_freq,,7.314908|7.728199|7.417206|7.768897|9.317441|9.370620|9.249285|7.803332|9.246414|8.001176,0.5069578861793842,0.2473646634451658,0.2595932227342183,0.0458618822523199,not_convincing,3,"TIC 229786610 P=0.27218 d: same star as case 61 - narrow V dips recurring every 0.136 d on a smooth wave, so this period is a 2x alias of the underlying variability, not a transit."
231076038,,0.5269471186332564,0.3692031551389343,0.1308161735084362,16.309397782472963,1.743,1.3871309586211944,1.4776705669188783,4.235070520323481,-0.1790473742920977,7113.47963923291,1921,,-6.564530314547061,5.1515,0.290269,-0.0000|-0.0000|-0.0000|-0.0000|-0.0000|-0.0000|-0.0000|-0.0000|-0.0000|-0.0000|-0.0000|-0.0000|-0.0000|-0.0000|-0.0000|-0.0000|-0.0000|-0.0000|-0.0000|-0.0001|-0.0001|-0.0003|-0.0005|-0.0009|-0.0019|-0.0038|-0.0081|-0.0177|-0.0401|-0.0926|-0.2082|-0.4261|-0.7568|-1.1631|-1.5865|-1.9857|-2.3459|-2.6691|-2.9617|-3.2301|-3.4789|-3.7117|-3.9310|-4.1386|-4.3361|-4.5247|-4.7052|-4.8784|-5.0451|-5.2057|-5.3608|-5.5109|-5.6562|-5.7972|-5.9343|-6.0676|-6.1975|-6.3243|-6.4482|-6.5694|-6.6881|-6.8046|-6.9190|-7.0314|-7.1422|-7.9746|-8.7516|-9.4977|-10.2252|-10.9407|-11.6482|-12.3503|-13.0486|-13.7443|-14.4381|-15.1306|-15.8222|-16.5132|-17.2037|-17.8939,0,2,,False,,1325.707294666792,0.2616323470168724,1.274285452066781e-06,0.0040601602671418,0.001887103649202,0.089,0.08,False,sharp_freq|fold_shape,,5.211733|5.033972|5.188070|4.785721|5.453985|5.489339|5.104509|5.155332|4.566435|5.525439,0.9953019662448596,0.8911510555105762,0.1041509107342834,0.4965058879066815,not_convincing,3,"TIC 231076038 P=0.52695 d: the fitted transit lasts 0.28 d of a 0.53-d period - the fold is simply a sinusoid, i.e. stellar variability, not a transit."
233535738,,7.926407531322,0.0030926622990641,0.0704306971183047,20.16795839109903,2.359,0.9953559421643065,0.9686266798886866,4.458901915916028,0.0791848037187306,5672.694139074583,104,,-7.016891023013057,10.1998,0.340882,0.0000|0.0000|0.0000|0.0000|0.0000|-0.0000|-0.0000|-0.0000|-0.0000|-0.0000|-0.0000|-0.0000|-0.0000|-0.0000|-0.0000|-0.0000|-0.0000|-0.0000|-0.0000|-0.0000|-0.0000|-0.0000|-0.0000|-0.0000|-0.0000|-0.0000|-0.0000|-0.0000|-0.0000|-0.0000|-0.0000|-0.0000|-0.0000|-0.0000|-0.0000|-0.0000|-0.0000|-0.0000|-0.0000|-0.0000|-0.0000|-0.0001|-0.0004|-0.0014|-0.0050|-0.0190|-0.0756|-0.2739|-0.7369|-1.4058|-2.0710|-2.6437|-3.1386|-3.5793|-3.9810|-4.3530|-4.7012|-5.0300|-5.3422|-5.6402|-5.9258|-6.2006|-6.4656|-6.7221|-6.9707|-8.7486|-10.3236|-11.8123|-13.2612|-14.6888|-16.1029|-17.5078|-18.9059|-20.2991|-21.6884|-23.0750|-24.4594|-25.8423|-27.2240|-28.6049,0,2,,True,,1683.3616998131351,0.1408613942366094,1.5294739366632622e-05,0.0022038774380035,0.0017384797093694,0.13,0.117,True,,,10.364049|10.310620|10.443797|10.751362|10.494373|9.918639|9.768769|9.724489|10.398771|9.823142,0.0522521710279813,0.0743746420155319,-0.0221224709875506,0.0177711521493162,convincing,3,"TIC 233535738 P=7.92641 d: a deep, flat-bottomed ~3.8-hr dip with sharp ingress and egress, duration exactly as expected for the period, on a flat variability-model baseline; the known 16.3558-d period is 2.06x this, too far off 2:1 for its transits to stack coherently here."
236934937,,2.122384907354001,0.6212682720939368,0.0143486920344653,8.107962956914788,1.133,0.4679607513993364,0.479314225632828,4.744745529534156,-0.310412107725012,3698.899810049502,262,,-4.153315539714344,5.2521,0.17312,-0.0000|-0.0000|-0.0000|-0.0000|-0.0000|-0.0000|-0.0000|-0.0000|-0.0000|-0.0000|-0.0000|-0.0000|-0.0000|-0.0000|-0.0000|-0.0000|-0.0000|-0.0000|-0.0000|-0.0000|-0.0000|-0.0000|-0.0000|-0.0001|-0.0002|-0.0004|-0.0011|-0.0032|-0.0097|-0.0316|-0.1058|-0.3136|-0.7048|-1.1980|-1.6821|-2.1149|-2.4985|-2.8441|-3.1603|-3.4532|-3.7270|-3.9847|-4.2285|-4.4601|-4.6808|-4.8916|-5.0934|-5.2867|-5.4723|-5.6505|-5.8220|-5.9871|-6.1463|-6.3000|-6.4488|-6.5929|-6.7328|-6.8690|-7.0018|-7.1316|-7.2587|-7.3834|-7.5060|-7.6268|-7.7460|-8.6563|-9.5344|-10.4017|-11.2653|-12.1275|-12.9890|-13.8500|-14.7108|-15.5713|-16.4316|-17.2916|-18.1514|-19.0110|-19.8704|-20.7295,1,2,,False,,1711.991333731377,0.0286973840689306,3.7852026523189465e-06,0.001985643144474,0.0014763866536726,0.115,0.11,False,snrd,,4.894598|5.393690|5.218594|5.155039|5.449081|5.456115|5.070952|5.349066|5.362589|5.171741,0.0834859097242807,0.0555842014762504,0.0279017082480302,0.01352129105776,plausible,2,"TIC 236934937 P=2.12238 d: sharp ~40 min dip to -0.28 sigma with a slightly asymmetric profile (gradual ingress, abrupt egress), much shorter than a central transit at this period but not driven by any single epoch."
237071229,,4.813883638821648,3.79859227,0.0474192658610788,10.465460209249652,2.625,1.2413696303675632,1.3891437229178032,4.249195034643699,0.1170119605513918,6256.0768630811135,67,,-5.953844925165681,5.0133,0.121241,-0.0000|-0.0000|-0.0000|-0.0000|-0.0000|-0.0000|-0.0000|-0.0000|-0.0000|-0.0000|-0.0000|-0.0000|-0.0000|-0.0000|-0.0000|-0.0000|-0.0000|-0.0000|-0.0000|-0.0000|-0.0000|-0.0000|-0.0000|-0.0001|-0.0002|-0.0006|-0.0019|-0.0066|-0.0255|-0.1045|-0.3512|-0.7749|-1.2534|-1.7093|-2.1245|-2.5031|-2.8524|-3.1782|-3.4848|-3.7754|-4.0525|-4.3179|-4.5733|-4.8199|-5.0588|-5.2909|-5.5171|-5.7380|-5.9543|-6.1663|-6.3746|-6.5796|-6.7816|-6.9808|-7.1775|-7.3720|-7.5645|-7.7551|-7.9439|-8.1312|-8.3169|-8.5014|-8.6845|-8.8665|-9.0474|-10.4537|-11.8176|-13.1525|-14.4667|-15.7657|-17.0536|-18.3329|-19.6056|-20.8731|-22.1365|-23.3966|-24.6539|-25.9089|-27.1621|-28.4137,0,2,,True,,1715.1996295972829,0.0948385317221576,1.6026052274030176e-05,0.0053771661137584,0.0032011081416868,0.18,0.172,True,,,5.043999|5.089931|4.955033|4.874907|5.041283|5.029467|5.281579|4.977676|4.806053|5.033152,0.1298961541313271,0.085898985791203,0.0439971683401241,0.0197010436557565,convincing,2,"TIC 237071229 P=4.81388 d: 0.10 d box-shaped dip of depth 0.45 sigma with about 15 consecutive negative bins on a flat baseline, quiet star."
238164799,,13.136992229800956,3.4763013965145704,0.1255065371513782,10.86670724037742,2.538,1.3927489132735216,1.5150560628429608,4.20649329168427,-0.0063551567041398,6736.507244755809,20,,-4.99186102113561,5.2032,0.266048,-0.0000|-0.0000|-0.0000|-0.0000|-0.0000|-0.0000|-0.0000|-0.0000|-0.0000|-0.0000|-0.0000|-0.0000|-0.0000|-0.0000|-0.0000|-0.0000|-0.0000|-0.0000|-0.0000|-0.0000|-0.0000|-0.0000|-0.0001|-0.0002|-0.0004|-0.0010|-0.0024|-0.0061|-0.0169|-0.0497|-0.1445|-0.3603|-0.7213|-1.1739|-1.6221|-2.0142|-2.3506|-2.6460|-2.9123|-3.1569|-3.3846|-3.5984|-3.8007|-3.9932|-4.1772|-4.3539|-4.5241|-4.6886|-4.8481|-5.0031|-5.1541|-5.3015|-5.4457|-5.5869|-5.7255|-5.8618|-5.9958|-6.1278|-6.2580|-6.3865|-6.5135|-6.6390|-6.7631|-6.8860|-7.0077|-7.9402|-8.8242|-9.6723|-10.4933|-11.2939|-12.0796|-12.8544|-13.6215|-14.3831|-15.1408|-15.8957|-16.6485|-17.4000|-18.1504|-18.8999,0,2,,False,,1471.7579388889994,0.2510130743027564,1.7246028551902464e-05,0.0023011421749696,0.0025287802339354,0.162,0.151,True,,,5.011654|5.299494|5.113241|4.678717|4.979416|5.536212|5.537020|5.510234|5.258041|5.108392,0.0675052619331867,0.0771025840499661,-0.0095973221167794,0.0191073473982377,not_convincing,2,"TIC 238164799 P=13.13699 d: broad 0.26-d ragged V-shaped depression on a strongly spotted star whose variability reaches comparable amplitude at other phases, with positive bumps immediately before and after."
240968774,,3.1541375964792326,2.7542474712449483,0.0218007781315683,9.342363422195708,1.365,0.4892163395946961,0.5034435832330667,4.721601512806814,-0.2038925529658651,3695.322948007905,24,,-4.574315176113551,5.3346,0.244315,-0.0000|-0.0000|-0.0000|-0.0000|-0.0000|-0.0000|-0.0000|-0.0000|-0.0000|-0.0000|-0.0000|-0.0000|-0.0000|-0.0000|-0.0000|-0.0000|-0.0000|-0.0000|-0.0000|-0.0000|-0.0000|-0.0000|-0.0000|-0.0001|-0.0002|-0.0005|-0.0013|-0.0034|-0.0093|-0.0276|-0.0846|-0.2329|-0.5157|-0.9162|-1.3634|-1.7916|-2.1762|-2.5201|-2.8320|-3.1196|-3.3879|-3.6405|-3.8799|-4.1079|-4.3261|-4.5354|-4.7370|-4.9315|-5.1196|-5.3020|-5.4790|-5.6511|-5.8187|-5.9821|-6.1417|-6.2977|-6.4503|-6.5999|-6.7465|-6.8904|-7.0317|-7.1707|-7.3075|-7.4421|-7.5749|-8.5759|-9.5109|-10.4096|-11.2882|-12.1553|-13.0156|-13.8717|-14.7251|-15.5767|-16.4270|-17.2765|-18.1254|-18.9738|-19.8219|-20.6698,0,2,,True,,1767.4470294033742,0.0436015562631366,7.859220249277994e-06,0.0029900692405183,0.0039413022781678,0.133,0.124,True,,,5.533201|5.058376|5.116131|5.695501|5.140197|5.471817|5.312359|5.607751|4.942648|5.468105,0.0492198889278856,0.0609065395527304,-0.0116866506248447,0.0138236062725374,convincing,2,TIC 240968774 P=3.15414 d: sharp symmetric 1.7 h dip reaching -0.8 sigma over five consecutive bins (6-8 sigma each) on a flat baseline.
241514551,,8.121742918092433,2.2932692610677283,0.0343083569433266,14.5006991407249,6.649,0.8164916935186807,0.7855407341776989,4.556356960452256,0.0964515166907214,5003.383156328445,11,,-4.150630338770438,9.3184,0.560642,0.0000|-0.0000|-0.0000|-0.0000|-0.0000|-0.0000|-0.0000|-0.0000|-0.0000|-0.0000|-0.0000|-0.0000|-0.0000|-0.0000|-0.0000|-0.0000|-0.0000|-0.0000|-0.0000|-0.0000|-0.0000|-0.0000|-0.0000|-0.0000|-0.0000|-0.0000|-0.0000|-0.0000|-0.0000|-0.0000|-0.0000|-0.0000|-0.0000|-0.0000|-0.0000|-0.0000|-0.0000|-0.0000|-0.0001|-0.0003|-0.0010|-0.0033|-0.0127|-0.0514|-0.1876|-0.4837|-0.8865|-1.3139|-1.7201|-2.0943|-2.4404|-2.7634|-3.0674|-3.3549|-3.6281|-3.8885|-4.1374|-4.3756|-4.6041|-4.8234|-5.0342|-5.2369|-5.4321|-5.6202|-5.8017|-7.0562|-8.1048|-9.0645|-9.9854|-10.8872|-11.7785|-12.6632|-13.5437|-14.4213|-15.2968|-16.1706|-17.0432|-17.9147|-18.7855|-19.6554,0,2,,True,,3043.4159708132343,0.0686167138866532,1.4652973671683378e-05,0.0014083096739415,0.0019724833377588,0.457,0.428,True,,,8.997044|8.884747|9.085349|9.050150|8.600115|9.042428|9.220563|10.517093|10.007056|9.779726,0.0642289818952737,0.0365145795314296,0.027714402363844,0.008448520789029,convincing,3,"TIC 241514551 P=8.12174 d: textbook box transit - 1.5-unit depth, 0.08 d duration, crisp edges, many epochs all dipping consistently, flat baseline and no secondary."
259606227,,1.0639177023009936,0.8472189296556213,0.0745686963829267,8.110747332994784,1.99,1.3795582025227744,1.5247555571659213,4.200191422641133,-0.0896052428686051,6802.0,157,,-4.03001391414849,5.2803,0.261033,-0.0000|-0.0000|-0.0000|-0.0000|-0.0000|-0.0000|-0.0000|-0.0000|-0.0000|-0.0000|-0.0000|-0.0000|-0.0000|-0.0000|-0.0000|-0.0000|-0.0000|-0.0000|-0.0000|-0.0000|-0.0000|-0.0000|-0.0001|-0.0001|-0.0003|-0.0007|-0.0018|-0.0047|-0.0127|-0.0358|-0.1020|-0.2704|-0.5946|-1.0421|-1.5204|-1.9647|-2.3593|-2.7116|-3.0312|-3.3258|-3.6004|-3.8587|-4.1034|-4.3365|-4.5596|-4.7741|-4.9810|-5.1810|-5.3751|-5.5637|-5.7474|-5.9267|-6.1019|-6.2734|-6.4415|-6.6065|-6.7686|-6.9280|-7.0848|-7.2394|-7.3918|-7.5422|-7.6907|-7.8375|-7.9826|-9.0892|-10.1366|-11.1487|-12.1392|-13.1161|-14.0842|-15.0462|-16.0038|-16.9581|-17.9099|-18.8597|-19.8079|-20.7548|-21.7006|-22.6455,0,2,,False,,1629.3341498329612,0.1491373927658534,1.959742010163334e-06,0.0041364682617355,0.0026713361673714,0.143,0.139,False,sharp_freq|fold_shape,,5.260910|5.296854|5.387509|4.651627|5.086396|5.243948|5.312439|5.453694|5.391882|5.717951,0.7963681871880036,0.5886163928584167,0.2077517943295869,0.1401775649030989,not_convincing,2,TIC 259606227 P=1.06392 d: the raw fold is a smooth 0.3-amplitude sinusoid at the candidate period and the shallow 0.13 sigma dip sits exactly at its minimum.
261108236,,0.4782862768151809,0.1140402854273701,0.0181826388689569,15.637270978920087,1.187,0.5984202660434609,0.621917313457517,4.622909783876839,-0.0741096820904743,4000.530213336865,966,,-5.540969565564826,7.7253,0.434853,-0.0000|-0.0000|-0.0000|-0.0000|-0.0000|-0.0000|-0.0000|-0.0000|-0.0000|-0.0000|-0.0000|-0.0000|-0.0000|-0.0000|-0.0000|-0.0000|-0.0000|-0.0000|-0.0000|-0.0000|-0.0000|-0.0000|-0.0000|-0.0000|-0.0000|-0.0000|-0.0000|-0.0000|-0.0000|-0.0000|-0.0001|-0.0001|-0.0003|-0.0005|-0.0012|-0.0026|-0.0061|-0.0150|-0.0390|-0.1055|-0.2667|-0.5597|-0.9692|-1.4363|-1.8914|-2.2995|-2.6617|-2.9887|-3.2895|-3.5698|-3.8333|-4.0828|-4.3202|-4.5469|-4.7641|-4.9729|-5.1740|-5.3681|-5.5560|-5.7380|-5.9148|-6.0867|-6.2543|-6.4178|-6.5777|-7.7517|-8.8216|-9.8415|-10.8354|-11.8146|-12.7847|-13.7485|-14.7078|-15.6636|-16.6165|-17.5670|-18.5155|-19.4621|-20.4072|-21.3509,0,2,,False,,1325.4527043410685,0.0363652777379138,2.1153052166570442e-07,0.0007541199640441,0.0007410081305748,0.065,0.062,True,,,7.674520|8.648894|8.260154|7.927336|7.539167|7.321856|7.142271|7.519657|7.383750|7.835731,0.4178496082504963,0.3583933812699812,0.0594562269805151,0.0760324506487273,not_convincing,2,"TIC 261108236 P=0.47829 d: V-shaped 0.05 d dip spanning 10% of the period that sits exactly at the minimum of a large sawtooth phase curve in the raw flux, and the variability GP tracks it."
278862750,,7.276112865117594,1.9122860688713,0.130477132198937,9.186260090134084,2.306,1.594512623419026,2.1829838915484387,3.953575191556347,0.047750287737934,6775.01814367263,132,,-4.856782586221412,5.1652,0.237258,-0.0000|-0.0000|-0.0000|-0.0000|-0.0000|-0.0000|-0.0000|-0.0000|-0.0000|-0.0000|-0.0000|-0.0000|-0.0000|-0.0000|-0.0000|-0.0000|-0.0000|-0.0000|-0.0000|-0.0000|-0.0000|-0.0000|-0.0001|-0.0002|-0.0004|-0.0010|-0.0026|-0.0070|-0.0203|-0.0617|-0.1799|-0.4334|-0.8187|-1.2677|-1.7120|-2.1198|-2.4887|-2.8257|-3.1377|-3.4297|-3.7051|-3.9667|-4.2163|-4.4553|-4.6849|-4.9062|-5.1200|-5.3269|-5.5276|-5.7227|-5.9127|-6.0980|-6.2789|-6.4559|-6.6293|-6.7994|-6.9665|-7.1308|-7.2925|-7.4518|-7.6090|-7.7641|-7.9174|-8.0690|-8.2191|-9.3686|-10.4662|-11.5343|-12.5845|-13.6231|-14.6537|-15.6783|-16.6983|-17.7143|-18.7270|-19.7368|-20.7440|-21.7489|-22.7519|-23.7531,0,3,,False,,1327.215365429005,0.260954264397874,2.017500742439784e-05,0.0035012754546648,0.0044331842549638,0.152,0.147,True,,,5.313511|5.024329|4.683136|5.281480|5.249817|5.116629|5.039244|4.997089|5.346921|5.599365,0.09250211237263,0.1462062604846082,-0.0537041481119782,0.0358645157428652,not_convincing,2,"TIC 278862750 P=7.27611 d: shallow 0.27-d U-shaped depression riding on continuous low-frequency variability of similar amplitude, with symmetric positive shoulders and a duration too long for a transit at this period."
278862750,,2.599827344155362,0.7489159032053212,0.0887413568656244,8.760517347683859,1.751,1.594512623419026,2.1829838915484387,3.953575191556347,0.047750287737934,6775.01814367263,396,,-4.392223651356937,5.2479,0.185691,-0.0000|-0.0000|-0.0000|-0.0000|-0.0000|-0.0000|-0.0000|-0.0000|-0.0000|-0.0000|-0.0000|-0.0000|-0.0000|-0.0000|-0.0000|-0.0000|-0.0000|-0.0000|-0.0000|-0.0000|-0.0000|-0.0000|-0.0000|-0.0001|-0.0002|-0.0004|-0.0011|-0.0032|-0.0100|-0.0336|-0.1155|-0.3368|-0.7210|-1.1832|-1.6311|-2.0322|-2.3902|-2.7151|-3.0145|-3.2934|-3.5554|-3.8030|-4.0382|-4.2625|-4.4772|-4.6834|-4.8819|-5.0736|-5.2591|-5.4391|-5.6141|-5.7846|-5.9510|-6.1136|-6.2729|-6.4291|-6.5824|-6.7332|-6.8816|-7.0278|-7.1720|-7.3143|-7.4549|-7.5939|-7.7314|-8.7805|-9.7727|-10.7280|-11.6594|-12.5755|-13.4818|-14.3816|-15.2772|-16.1699|-17.0607|-17.9501|-18.8384|-19.7261|-20.6132|-21.4999,1,3,,False,,1326.051995263339,0.1774827137312488,2.5969850705846405e-06,0.0014632401896827,0.001858884456942,0.119,0.117,True,,,5.304629|4.969467|5.150387|5.081462|5.598446|5.378238|5.055869|5.214004|5.468981|5.257217,0.2454773998247958,0.3149302078708318,-0.0694528080460359,0.0682671155568254,plausible,2,"TIC 278862750 P=2.59983 d: broad shallow ~4.5-hr dip, transit-like but noisy and round-bottomed, sitting on a slow same-period trend that the variability model also tracks, with a positive bump just before ingress and no signal in any individual epoch."
279769094,,0.3268375937651226,0.0539690905714531,0.0547015349626833,8.504779390338236,3.951,1.9926707756808155,1.5061649180960106,4.371165104025498,-0.2529569375075448,9921.39669745417,407,,-4.244906376454227,5.0334,0.260057,-0.0000|-0.0000|-0.0000|-0.0000|-0.0000|-0.0000|-0.0000|-0.0000|-0.0000|-0.0000|-0.0000|-0.0000|-0.0000|-0.0000|-0.0000|-0.0000|-0.0000|-0.0000|-0.0000|-0.0001|-0.0002|-0.0003|-0.0006|-0.0012|-0.0025|-0.0052|-0.0114|-0.0260|-0.0614|-0.1443|-0.3161|-0.6076|-0.9987|-1.4267|-1.8383|-2.2115|-2.5456|-2.8472|-3.1234|-3.3797|-3.6202|-3.8476|-4.0641|-4.2714|-4.4707|-4.6632|-4.8496|-5.0306|-5.2068|-5.3788|-5.5470|-5.7117|-5.8732|-6.0319|-6.1880|-6.3417|-6.4931|-6.6426|-6.7901|-6.9359|-7.0801|-7.2228|-7.3641|-7.5040|-7.6427|-8.7106|-9.7337|-10.7291|-11.7069|-12.6729|-13.6308|-14.5829|-15.5307|-16.4752|-17.4169|-18.3564|-19.2942|-20.2303|-21.1652|-22.0988,0,2,,False,,2853.415252899108,0.1094030699253666,5.789022740443167e-07,0.0009836696955622,0.0013267558582314,0.29,0.283,False,sharp_freq|fold_shape,,5.324289|5.094424|4.854125|4.652701|5.221980|5.172342|5.326661|4.893724|5.223623|4.570454,0.9962673423884874,0.9167200802929468,0.0795472620955404,0.3347322095511069,not_convincing,3,"TIC 279769094 P=0.32684 d: smooth sinusoidal modulation filling the entire 0.33 d phase, from +0.1 at the edges to -0.4 at the fitted 'transit' centre."
286763141,,7.349304648752909,0.0763924632407596,0.0379519466720991,11.86849415382592,1.005,0.5582755691100276,0.5881830367782372,4.645134267394891,-0.0121106160780851,3548.0,28,,-4.131461768959043,7.0641,0.605869,-0.0000|-0.0000|-0.0000|-0.0000|-0.0000|-0.0000|-0.0000|-0.0000|-0.0000|-0.0000|-0.0000|-0.0000|-0.0000|-0.0000|-0.0000|-0.0000|-0.0000|-0.0000|-0.0000|-0.0000|-0.0000|-0.0000|-0.0000|-0.0000|-0.0000|-0.0000|-0.0000|-0.0001|-0.0001|-0.0002|-0.0005|-0.0011|-0.0023|-0.0052|-0.0121|-0.0282|-0.0647|-0.1408|-0.2848|-0.5282|-0.8868|-1.3325|-1.7923|-2.2027|-2.5489|-2.8440|-3.1032|-3.3366|-3.5507|-3.7498|-3.9368|-4.1136|-4.2816|-4.4422|-4.5960|-4.7437|-4.8861|-5.0234|-5.1561|-5.2845|-5.4089|-5.5297|-5.6469|-5.7609|-5.8719|-6.6670|-7.3558|-7.9857|-8.5827|-9.1606|-9.7266|-10.2848|-10.8377|-11.3868|-11.9331|-12.4774|-13.0201|-13.5617|-14.1023|-14.6422,0,2,,True,,1544.5147868446354,0.0759038933441982,6.475175761572428e-06,0.0019884057763166,0.0012286387659546,0.07,0.065,True,,,5.803649|7.547999|6.568642|6.893177|7.074840|7.356324|6.422681|7.714076|7.548699|7.711364,0.0383517427073427,0.0448755706453973,-0.0065238279380546,0.0103280374092368,convincing,2,"TIC 286763141 P=7.3493 d: clean U-shaped 0.075 d dip of depth 0.7 sigma, flat out-of-transit baseline, about 25 epochs, no secondary."
293880523,,0.5665118407469603,0.54860839,0.1391156200687763,11.441719651662163,1.527,1.4951390095511383,1.6080306414680872,4.1969535862179965,-0.1117412780064932,8953.0,901,,-4.905623035132231,4.7614,0.329442,-0.0000|-0.0000|-0.0000|-0.0000|-0.0000|-0.0000|-0.0000|-0.0000|-0.0000|-0.0000|-0.0000|-0.0000|-0.0000|-0.0000|-0.0000|-0.0000|-0.0001|-0.0001|-0.0002|-0.0004|-0.0007|-0.0013|-0.0024|-0.0048|-0.0098|-0.0212|-0.0480|-0.1107|-0.2367|-0.4389|-0.7071|-1.0170|-1.3397|-1.6514|-1.9404|-2.2052|-2.4490|-2.6759|-2.8891|-3.0911|-3.2836|-3.4681|-3.6454|-3.8165|-3.9818|-4.1420|-4.2975|-4.4486|-4.5955|-4.7387|-4.8782|-5.0143|-5.1472|-5.2771|-5.4041|-5.5283|-5.6499|-5.7690|-5.8858|-6.0003|-6.1128|-6.2232|-6.3317|-6.4384|-6.5435|-7.3292|-8.0518|-8.7361|-9.3966|-10.0420|-10.6777|-11.3071|-11.9321|-12.5543|-13.1745|-13.7934|-14.4114|-15.0288|-15.6457|-16.2623,0,2,,False,,1683.9286036272592,0.2782312401375526,1.307788776455029e-06,0.00323990387175,0.0029844975707494,0.081,0.077,False,fold_shape,,4.936077|4.253067|4.847248|4.591988|4.570296|4.623563|4.729324|5.140537|5.451067|4.470877,0.9584763439344258,0.8854645664126621,0.0730117775217636,0.4911304938846427,not_convincing,3,TIC 293880523 P=0.56651 d: the fold is a pure sinusoid with one maximum and one minimum per cycle and the transit box is simply fitted to its descending half - sub-day rotational/pulsational variability.
294395926,,6.56232019336858,3.10415127,0.0683806494709321,8.585109071089466,1.594,1.0347867357725915,0.9997586870871517,4.448253930901542,0.2390857417808598,5654.551900384949,65,,-4.3232049294900685,5.3908,0.185051,-0.0000|-0.0000|-0.0000|-0.0000|-0.0000|-0.0000|-0.0000|-0.0000|-0.0000|-0.0000|-0.0000|-0.0000|-0.0000|-0.0000|-0.0000|-0.0000|-0.0000|-0.0000|-0.0000|-0.0000|-0.0000|-0.0000|-0.0000|-0.0000|-0.0001|-0.0002|-0.0005|-0.0014|-0.0043|-0.0139|-0.0487|-0.1658|-0.4422|-0.8650|-1.3388|-1.7900|-2.1973|-2.5651|-2.9019|-3.2145|-3.5076|-3.7844|-4.0473|-4.2981|-4.5384|-4.7692|-4.9916|-5.2063|-5.4142|-5.6158|-5.8116|-6.0022|-6.1880|-6.3694|-6.5469|-6.7206|-6.8910|-7.0583|-7.2227|-7.3846|-7.5440|-7.7013|-7.8566|-8.0100|-8.1617|-9.3209|-10.4235|-11.4924|-12.5394|-13.5714|-14.5926|-15.6058|-16.6131|-17.6157|-18.6147|-19.6108|-20.6045|-21.5965|-22.5869|-23.5761,0,2,,False,,1389.065467661561,0.1367612989418642,2.760490209035128e-05,0.0073251550879577,0.0066098017230116,0.12,0.115,True,,,5.476078|5.181696|5.514543|5.458718|5.116584|5.565059|5.434095|5.714747|5.260669|5.185357,0.1270125075580589,0.0843707573196947,0.0426417502383641,0.0208403879896115,plausible,2,"TIC 294395926 P=6.56232 d: coherent but ragged 0.13 d dip of 0.28 sigma at the lowest SNR of this batch (8.6), with a positive bump immediately before ingress."
296670796,,1.8975875042260264,0.6734002338885077,0.0603819321743191,10.09734980696136,8.056,,,,,4136.6,53,,-4.082760164022625,5.6331,0.343776,-0.0000|-0.0000|-0.0000|-0.0000|-0.0000|-0.0000|-0.0000|-0.0000|-0.0000|-0.0000|-0.0000|-0.0000|-0.0000|-0.0000|-0.0000|-0.0000|-0.0000|-0.0000|-0.0000|-0.0000|-0.0000|-0.0000|-0.0000|-0.0001|-0.0001|-0.0003|-0.0006|-0.0015|-0.0038|-0.0103|-0.0294|-0.0838|-0.2131|-0.4474|-0.7769|-1.1521|-1.5178|-1.8481|-2.1437|-2.4125|-2.6607|-2.8927|-3.1115|-3.3190|-3.5169|-3.7064|-3.8883|-4.0636|-4.2329|-4.3967|-4.5556|-4.7101|-4.8606|-5.0074|-5.1508|-5.2911|-5.4287|-5.5637|-5.6964|-5.8270|-5.9556|-6.0823|-6.2074|-6.3310|-6.4531|-7.3851|-8.2690|-9.1235|-9.9586|-10.7799|-11.5910|-12.3940|-13.1905|-13.9818|-14.7686|-15.5517|-16.3315|-17.1085|-17.8832|-18.6557,0,2,,False,,3069.421093821656,0.1207638643486382,2.966596461533412e-06,0.0012694140050945,0.0015829597707462,4.608,4.588,True,,,5.116505|5.196405|6.181595|5.728400|5.484909|5.366161|5.619432|5.796618|5.667028|6.174419,0.3099722369428321,0.2983489850875367,0.0116232518552954,0.0636407354494539,not_convincing,3,"TIC 296670796 P=1.89759 d: broad asymmetric sawtooth depression; P/P_known = 1.644 is 5/3 to 1.4% (a ratio the harmonic test omits), the expected phase smear of the known 1.1542 d planet over a sector (0.37 d) matches the observed width, and the same star has another candidate at exactly 5/2 x 1.1542 d."
300381700,,3.1452645061726767,2.124970560774772,0.0689200210238909,21.669450835597644,4.937,1.0929100205951552,1.1875223092009668,4.318981266480721,0.0026465311835157,5999.0,99,,-7.608528000659192,9.7684,0.378971,0.0000|0.0000|0.0000|0.0000|-0.0000|-0.0000|-0.0000|-0.0000|-0.0000|-0.0000|-0.0000|-0.0000|-0.0000|-0.0000|-0.0000|-0.0000|-0.0000|-0.0000|-0.0000|-0.0000|-0.0000|-0.0000|-0.0000|-0.0000|-0.0000|-0.0000|-0.0000|-0.0000|-0.0000|-0.0000|-0.0000|-0.0000|-0.0000|-0.0000|-0.0000|-0.0000|-0.0000|-0.0000|-0.0000|-0.0001|-0.0002|-0.0006|-0.0018|-0.0060|-0.0216|-0.0799|-0.2749|-0.7333|-1.4020|-2.0834|-2.6815|-3.2002|-3.6600|-4.0751|-4.4550|-4.8061|-5.1330|-5.4395|-5.7284|-6.0024|-6.2633|-6.5132|-6.7533|-6.9850|-7.2094|-8.8119|-10.2221|-11.5369|-12.8049|-14.0503|-15.2848|-16.5137|-17.7396|-18.9640|-20.1875|-21.4106|-22.6334|-23.8560|-25.0785|-26.3009,0,2,,True,,1470.4203637994738,0.1378400420477818,3.633626941474912e-06,0.0026071285748133,0.0016860895589882,0.244,0.211,True,,,9.694536|9.756075|10.175751|9.839229|9.668282|10.339863|10.025730|9.551149|8.868618|9.764806,0.2107569143057348,0.188665967926897,0.0220909463788377,0.0438246264431072,convincing,3,"TIC 300381700 P=3.14526 d: a deep, box-shaped ~3.5-hr dip with sharp ingress and egress and a clean flat baseline on both the detrended and the variability-model fold, the cleanest candidate of the batch."
306990399,,13.3753291152631,3.117083453833279,0.0706978914268577,13.80376354400582,3.415,0.8139905500581216,0.7789600570088955,4.565315374487161,0.0735802366007589,5016.189005514245,18,,-6.095202153770599,7.3334,0.145816,-0.0000|-0.0000|-0.0000|-0.0000|-0.0000|-0.0000|-0.0000|-0.0000|-0.0000|-0.0000|-0.0000|-0.0000|-0.0000|-0.0000|-0.0000|-0.0000|-0.0000|-0.0000|-0.0000|-0.0000|-0.0000|-0.0000|-0.0000|-0.0000|-0.0000|-0.0000|-0.0000|-0.0000|-0.0000|-0.0000|-0.0000|-0.0000|-0.0000|-0.0001|-0.0002|-0.0007|-0.0024|-0.0102|-0.0488|-0.2395|-0.7682|-1.4497|-2.0579|-2.5707|-3.0139|-3.4076|-3.7642|-4.0918|-4.3963|-4.6817|-4.9513|-5.2074|-5.4520|-5.6865|-5.9124|-6.1304|-6.3417|-6.5467|-6.7462|-6.9407|-7.1307|-7.3166|-7.4987|-7.6774|-7.8531|-9.1670|-10.3904|-11.5700|-12.7282|-13.8758|-15.0180|-16.1573|-17.2952|-18.4322|-19.5688|-20.7052|-21.8414|-22.9776|-24.1138|-25.2499,0,2,,True,,1631.5209314188694,0.1413957828537154,2.281215697922833e-05,0.0038798221890157,0.0016703054991204,0.214,0.201,True,,,7.270346|7.300823|7.595800|7.430324|7.211298|7.314051|7.415660|7.513788|7.121543|7.160586,0.0294690060425342,0.0255618797358936,0.0039071263066405,0.0105713871886982,convincing,2,TIC 306990399 P=13.37533 d: sharp-edged flat-bottomed 0.14-d box at 0.6 sigma clearly distinct in width and edge sharpness from the star smooth day-scale variability (period is 2.4 pct off 3:2 of the known 8.704-d planet but the box is single and clean).
354944123,,18.908249203464344,2.69443108,0.0453226761837653,9.095058317271125,2.114,0.5787526325910117,0.6021387806139747,4.635045173004565,-0.0319088532350891,3890.380999034821,8,,-4.088660148119003,5.8713,0.248577,-0.0000|-0.0000|-0.0000|-0.0000|-0.0000|-0.0000|-0.0000|-0.0000|-0.0000|-0.0000|-0.0000|-0.0000|-0.0000|-0.0000|-0.0000|-0.0000|-0.0000|-0.0000|-0.0000|-0.0000|-0.0000|-0.0000|-0.0000|-0.0000|-0.0000|-0.0000|-0.0001|-0.0002|-0.0006|-0.0016|-0.0044|-0.0132|-0.0425|-0.1380|-0.3850|-0.8160|-1.3322|-1.8166|-2.2334|-2.5940|-2.9147|-3.2065|-3.4764|-3.7292|-3.9681|-4.1955|-4.4134|-4.6230|-4.8257|-5.0221|-5.2132|-5.3994|-5.5814|-5.7594|-5.9340|-6.1053|-6.2737|-6.4395|-6.6027|-6.7637|-6.9225|-7.0794|-7.2345|-7.3878|-7.5395|-8.6997|-9.8006|-10.8640|-11.9035|-12.9276|-13.9415|-14.9486|-15.9508|-16.9493|-17.9450|-18.9385|-19.9300|-20.9199|-21.9084|-22.8956,0,3,,False,,1656.6220526164225,0.0906453523675306,3.058129382536997e-05,0.002573422494111,0.0030556147196406,0.159,0.154,True,,,6.183907|5.857478|5.726923|5.364840|6.015108|5.839098|5.885310|5.611349|5.982766|6.246445,0.0122447352543606,0.01717812575352,-0.0049333904991594,0.0047939579911461,plausible,2,"TIC 354944123 P=18.90825 d: a ~2.4-hr dip that does stand out, but on a light curve with strong multi-day variability that produces comparably deep features elsewhere in the fold, plus post-egress ringing and gap-bridging lines in several epochs."
359271092,,2.426602930558565,0.3148838656648774,0.0338218448895392,9.161874008236747,0.467,0.4791747427442181,0.4912745088893114,4.734562396453343,-0.4563181218268959,3802.066501965759,68,,-4.072205376035863,5.6023,0.273518,-0.0000|-0.0000|-0.0000|-0.0000|-0.0000|-0.0000|-0.0000|-0.0000|-0.0000|-0.0000|-0.0000|-0.0000|-0.0000|-0.0000|-0.0000|-0.0000|-0.0000|-0.0000|-0.0000|-0.0000|-0.0000|-0.0000|-0.0000|-0.0000|-0.0001|-0.0002|-0.0005|-0.0013|-0.0034|-0.0092|-0.0262|-0.0766|-0.2059|-0.4629|-0.8503|-1.2983|-1.7246|-2.0997|-2.4298|-2.7267|-2.9990|-3.2520|-3.4894|-3.7139|-3.9273|-4.1311|-4.3265|-4.5144|-4.6957|-4.8710|-5.0410|-5.2059|-5.3664|-5.5228|-5.6754|-5.8244|-5.9703|-6.1131|-6.2531|-6.3905|-6.5255|-6.6583|-6.7889|-6.9175|-7.0444|-8.0002|-8.8912|-9.7442|-10.5742|-11.3893|-12.1944|-12.9922|-13.7845|-14.5723|-15.3566|-16.1378|-16.9165|-17.6931|-18.4677|-19.2408,0,2,,True,,1544.4319137187488,0.0676436897790784,1.851605028198233e-06,0.0007647125962019,0.0015591645071072,0.049,0.046,True,,,5.382692|5.676564|5.662203|5.890774|5.163522|5.246520|5.765628|5.926474|5.929295|5.379191,0.08756661491987,0.1211898323314526,-0.0336232174115825,0.0278758790435928,convincing,2,"TIC 359271092 P=2.4266 d: symmetric flat-bottomed 0.07 d dip (2.9% duty cycle) reaching -0.4 against +/-0.15 baseline scatter, flat elsewhere and no secondary."
369861728,,25.33024150080205,13.94267322953095,0.138817751598781,7.342171962752047,8.499,1.0692977684827103,1.05255635326435,4.417474510746975,0.0658590025877194,5900.130627324324,2,,-4.0962956672940525,4.1142,0.24738,-0.0000|-0.0000|-0.0000|-0.0000|-0.0000|-0.0000|-0.0000|-0.0000|-0.0000|-0.0000|-0.0000|-0.0000|-0.0000|-0.0000|-0.0001|-0.0001|-0.0002|-0.0004|-0.0007|-0.0015|-0.0032|-0.0072|-0.0174|-0.0450|-0.1148|-0.2672|-0.5421|-0.9353|-1.3773|-1.7906|-2.1438|-2.4423|-2.7018|-2.9349|-3.1493|-3.3498|-3.5391|-3.7193|-3.8919|-4.0578|-4.2180|-4.3731|-4.5237|-4.6701|-4.8128|-4.9521|-5.0882|-5.2215|-5.3521|-5.4802|-5.6061|-5.7298|-5.8516|-5.9714|-6.0896|-6.2061|-6.3212|-6.4347|-6.5470|-6.6580|-6.7678|-6.8765|-6.9842|-7.0908|-7.1966|-8.0097|-8.7859|-9.5366|-10.2690|-10.9876|-11.6955|-12.3952|-13.0884|-13.7764|-14.4603|-15.1408|-15.8187|-16.4944|-17.1683|-17.8409,0,2,,False,,3082.6880062433843,0.277635503197562,0.0001565418397905,0.0042909679502389,0.0039481379703608,0.71,0.7,False,ntransits,,3.922628|4.444104|3.982457|3.774636|4.335603|4.261119|3.679759|4.173288|4.203492|4.365125,0.1564071834546906,0.0647444953482306,0.0916626881064599,0.0109606338806035,not_convincing,3,"TIC 369861728 P=25.33024 d: only two epochs contribute, and the feature is a noise-level broad depression beside a data gap with a flare-like ramp in one epoch."
375223080,,0.2287422415311031,0.1203697404053832,0.052270347594768,11.167295232938692,2.408,1.742990958438078,2.6513671200920124,3.830600437743787,-0.0919809198631668,7202.608543035453,1195,,-4.280085788532888,4.5099,0.411948,-0.0000|-0.0000|-0.0000|-0.0000|-0.0000|-0.0000|-0.0000|-0.0000|-0.0000|-0.0000|-0.0000|-0.0000|-0.0000|-0.0001|-0.0001|-0.0001|-0.0002|-0.0004|-0.0006|-0.0011|-0.0019|-0.0035|-0.0070|-0.0149|-0.0345|-0.0850|-0.1916|-0.3540|-0.5554|-0.7811|-1.0190|-1.2578|-1.4887|-1.7072|-1.9127|-2.1066|-2.2909|-2.4670|-2.6364|-2.7997|-2.9577|-3.1110|-3.2600|-3.4049|-3.5462|-3.6840|-3.8187|-3.9504|-4.0793|-4.2056|-4.3294|-4.4508|-4.5700|-4.6871|-4.8022|-4.9153|-5.0267|-5.1363|-5.2442|-5.3506|-5.4554|-5.5587|-5.6607|-5.7614|-5.8607|-6.6113|-7.3055|-7.9584|-8.5808|-9.1800|-9.7615|-10.3292|-10.8862|-11.4347|-11.9766|-12.5133|-13.0459|-13.5752|-14.1018|-14.6263,0,2,,False,,1571.3129488741538,0.104540695189536,1.3945287525501998e-06,0.01081641679869,0.0053164107052964,0.137,0.126,False,sharp_freq|fold_shape,,4.399187|4.134514|4.353075|5.285677|4.755700|4.093297|5.226823|4.190852|4.291872|4.368021,0.986122822564433,0.9072532169145272,0.0788696056499058,0.457024004354356,not_convincing,3,"TIC 375223080 P=0.22874 d: clean sinusoid over the full 0.23 d period (+0.13 to -0.12) with the model fitted to its minimum, a 45% duty cycle that no transit can have."
410358456,,3.6410400064946407,0.7796179805881845,0.0239171129549609,10.9777657438074,3.209,0.7916882330194938,0.9246939651959912,4.393623072020245,-0.3712248972125034,5587.123154095084,55,,-4.443218139588987,5.7505,0.455665,-0.0000|-0.0000|-0.0000|-0.0000|-0.0000|-0.0000|-0.0000|-0.0000|-0.0000|-0.0000|-0.0000|-0.0000|-0.0000|-0.0000|-0.0000|-0.0000|-0.0000|-0.0000|-0.0000|-0.0000|-0.0000|-0.0000|-0.0000|-0.0001|-0.0002|-0.0003|-0.0007|-0.0015|-0.0036|-0.0088|-0.0231|-0.0615|-0.1512|-0.3228|-0.5878|-0.9262|-1.2974|-1.6615|-1.9961|-2.2977|-2.5719|-2.8246|-3.0602|-3.2820|-3.4920|-3.6921|-3.8834|-4.0669|-4.2435|-4.4138|-4.5784|-4.7378|-4.8923|-5.0424|-5.1883|-5.3304|-5.4690|-5.6042|-5.7363|-5.8655|-5.9920|-6.1160|-6.2376|-6.3569|-6.4742|-7.3477|-8.1479|-8.9046|-9.6347|-10.3476|-11.0488|-11.7418|-12.4286|-13.1108|-13.7891|-14.4645|-15.1374|-15.8081|-16.4770|-17.1444,0,2,,True,,1629.181240309571,0.0478342259099218,4.957016161206572e-06,0.0022939087169143,0.002132531030525,0.255,0.243,True,,,6.037497|5.607961|5.135207|5.738981|6.723660|6.095097|5.076312|5.852677|5.497420|5.740625,0.0660827932728563,0.0263865487275107,0.0396962445453455,0.0131375172545751,convincing,3,"TIC 410358456 P=3.64104 d: narrow 0.05-d dip reaching 0.8 sigma, isolated in an otherwise flat fold, many epochs and a flat variability model."
423445163,,6.212540874105204,4.166645992673338,0.0473852606348253,9.71844415957252,3.021,0.707340528211069,0.7034114193124922,4.591346821567655,-0.0035903528926177,4593.4,14,,-4.265036377294911,5.5352,0.335308,-0.0000|-0.0000|-0.0000|-0.0000|-0.0000|-0.0000|-0.0000|-0.0000|-0.0000|-0.0000|-0.0000|-0.0000|-0.0000|-0.0000|-0.0000|-0.0000|-0.0000|-0.0000|-0.0000|-0.0000|-0.0000|-0.0000|-0.0000|-0.0000|-0.0001|-0.0002|-0.0004|-0.0011|-0.0031|-0.0096|-0.0331|-0.1141|-0.3101|-0.6159|-0.9774|-1.3449|-1.6922|-2.0136|-2.3121|-2.5921|-2.8569|-3.1090|-3.3503|-3.5822|-3.8056|-4.0216|-4.2309|-4.4339|-4.6314|-4.8237|-5.0113|-5.1944|-5.3734|-5.5486|-5.7202|-5.8884|-6.0535|-6.2156|-6.3750|-6.5317|-6.6860|-6.8380|-6.9878|-7.1355|-7.2813|-8.3835|-9.4115|-10.3921|-11.3417|-12.2703|-13.1842|-14.0874|-14.9828|-15.8721|-16.7567|-17.6375|-18.5153|-19.3905|-20.2637|-21.1352,0,2,,True,,1548.8007342784088,0.0947705212696506,1.2727229246998833e-05,0.0043425854686218,0.0034951193826752,0.384,0.366,True,,,5.311434|5.375374|5.560137|5.768026|5.715957|5.380431|5.117190|5.508090|6.361539|5.254236,0.0531695841633916,0.0614746326628762,-0.0083050484994845,0.015254711910978,convincing,2,"TIC 423445163 P=6.21254 d: flat-bottomed 0.11 d box of depth 0.7 sigma with sharp edges, about 15 consecutive negative bins, flat baseline and many epochs."
441590110,,6.46247529857262,5.78469353,0.0580315265408169,11.020758994784272,3.87,1.196342561792172,1.2738395446841435,4.30590747119708,0.1492707186373634,6205.248570557859,29,,-4.633146526864289,6.7757,0.327132,-0.0000|-0.0000|-0.0000|-0.0000|-0.0000|-0.0000|-0.0000|-0.0000|-0.0000|-0.0000|-0.0000|-0.0000|-0.0000|-0.0000|-0.0000|-0.0000|-0.0000|-0.0000|-0.0000|-0.0000|-0.0000|-0.0000|-0.0000|-0.0000|-0.0000|-0.0000|-0.0000|-0.0000|-0.0000|-0.0001|-0.0002|-0.0005|-0.0013|-0.0036|-0.0106|-0.0328|-0.1019|-0.2806|-0.6211|-1.0923|-1.5982|-2.0663|-2.4807|-2.8505|-3.1869|-3.4975|-3.7877|-4.0611|-4.3205|-4.5679|-4.8049|-5.0329|-5.2529|-5.4657|-5.6720|-5.8726|-6.0680|-6.2586|-6.4449|-6.6272|-6.8059|-6.9813|-7.1536|-7.3230|-7.4899|-8.7443|-9.9086|-11.0150|-12.0818|-13.1215|-14.1433|-15.1536|-16.1565|-17.1548|-18.1503|-19.1439|-20.1365|-21.1283|-22.1197|-23.1108,0,2,,True,,1821.8955003799133,0.1160630530816338,2.237899144794419e-05,0.0034617824859605,0.0019008299158922,0.26,0.243,True,,,6.897364|7.205645|6.640281|6.796636|6.729374|6.996551|6.721729|6.312194|6.190626|7.266349,0.0855287459177081,0.0372603256228163,0.0482684202948917,0.0179595352739327,convincing,3,"TIC 441590110 P=6.46248 d: deep (0.65-unit), flat-bottomed 0.12 d dip with sharp ingress/egress, unique in the fold, no secondary, and unaffected by the variability model."
459189798,,2.922093526144463,0.4525799123066589,0.0162207420409401,8.764946003660043,2.025,0.627087884575387,0.6413754963430341,4.620304564206022,-0.0081774379408352,4208.0,76,,-4.5919307772482085,5.4173,0.2821,-0.0000|-0.0000|-0.0000|-0.0000|-0.0000|-0.0000|-0.0000|-0.0000|-0.0000|-0.0000|-0.0000|-0.0000|-0.0000|-0.0000|-0.0000|-0.0000|-0.0000|-0.0000|-0.0000|-0.0000|-0.0000|-0.0000|-0.0000|-0.0001|-0.0002|-0.0005|-0.0011|-0.0027|-0.0070|-0.0189|-0.0526|-0.1454|-0.3591|-0.7252|-1.1947|-1.6862|-2.1469|-2.5624|-2.9373|-3.2798|-3.5966|-3.8928|-4.1718|-4.4364|-4.6886|-4.9303|-5.1627|-5.3871|-5.6043|-5.8153|-6.0207|-6.2211|-6.4171|-6.6090|-6.7974|-6.9825|-7.1646|-7.3439|-7.5208|-7.6955|-7.8680|-8.0386|-8.2074|-8.3745|-8.5401|-9.8127|-11.0281|-12.2056|-13.3566|-14.4883|-15.6058|-16.7127|-17.8116|-18.9045|-19.9927|-21.0774|-22.1594|-23.2392|-24.3174|-25.3944,0,2,,False,,1816.5628183574267,0.0324414840818802,8.728292480316813e-06,0.0027283805537797,0.0017442381007968,0.307,0.291,True,,,5.420513|5.445695|5.633817|5.270929|4.721872|5.550114|5.662841|5.398044|5.796427|5.272290,0.1093669621839467,0.043878219235348,0.0654887429485986,0.0111021374886261,plausible,2,"TIC 459189798 P=2.92209 d: a narrow ~1.2-hr V-shaped dip that is statistically solid but built from only a handful of bins with a jagged profile and a slightly depressed pre-ingress baseline, at SNR 8.8."
915110182,,4.521206908070404,2.72321178504316,0.050640658478956,12.294524567622982,18.126,0.7062160749790175,0.7025422081447832,4.59175256056674,-0.0036546244527121,4588.0,21,,-4.96966604117784,7.1405,0.311271,-0.0000|-0.0000|-0.0000|-0.0000|-0.0000|-0.0000|-0.0000|-0.0000|-0.0000|-0.0000|-0.0000|-0.0000|-0.0000|-0.0000|-0.0000|-0.0000|-0.0000|-0.0000|-0.0000|-0.0000|-0.0000|-0.0000|-0.0000|-0.0000|-0.0000|-0.0000|-0.0000|-0.0000|-0.0000|-0.0000|-0.0001|-0.0001|-0.0003|-0.0009|-0.0024|-0.0071|-0.0224|-0.0730|-0.2157|-0.5159|-0.9821|-1.5153|-2.0097|-2.4382|-2.8140|-3.1520|-3.4622|-3.7510|-4.0222|-4.2785|-4.5218|-4.7535|-4.9746|-5.1861|-5.3886|-5.5829|-5.7696|-5.9493|-6.1226|-6.2900|-6.4520|-6.6093|-6.7621|-6.9111|-7.0565|-8.1238|-9.0992|-10.0287|-10.9309|-11.8155|-12.6883|-13.5531|-14.4125|-15.2682|-16.1213|-16.9728|-17.8230|-18.6724|-19.5212|-20.3696,0,2,,True,,3017.098345316777,0.101281316957912,8.344575151005486e-06,0.0010012438052249,0.0017412609289104,22.471,22.474,True,,,7.394682|7.394682|6.759302|7.394682|7.394682|6.759302|6.759302|7.394682|6.759302|7.394682,0.1252713330292099,0.1035127338129405,0.0217585992162693,0.0224013895000301,convincing,3,"TIC 915110182 P=4.52121 d: isolated flat-bottomed 0.11-d box of ~1 sigma depth with sharp edges, dead-flat baseline across the whole fold and a flat variability model, many epochs."
