TIC,TOI,Period,Phase,Tau,SNR,Radius_planet,Mass,Radius,logg,FEH,Teff,Number of Valid Transits,Has Visible TTVs,log10(p value),μ(SNR | null),σ(SNR | null),sm_sf_grid,_cand_idx,Multiplicity,outlier_score,Interesting,ood_pvalue,Epoch,Duration,err_Period,err_Epoch,err_Duration,Radius_planet_errp,Radius_planet_errm,passed_all_tests,failed_tests,proposed_toi,nst_samples,fold_absorbed,fold_absorbed_pure,fold_excess,fold_duty,verdict,confidence,note,drop_reason,prior_name,prior_period,prior_url
23229805,,0.7559397804396149,0.185893850476984,0.0345495570809841,11.574221408895752,1.381,1.0748373472143942,1.1094678120544683,4.377232799441189,0.0066979297729888,6007.647973536733,188,,-5.647818218449464,6.3701,0.213862,-0.0000|-0.0000|-0.0000|-0.0000|-0.0000|-0.0000|-0.0000|-0.0000|-0.0000|-0.0000|-0.0000|-0.0000|-0.0000|-0.0000|-0.0000|-0.0000|-0.0000|-0.0000|-0.0000|-0.0000|-0.0000|-0.0000|-0.0000|-0.0000|-0.0000|-0.0000|-0.0000|-0.0001|-0.0001|-0.0003|-0.0007|-0.0017|-0.0047|-0.0139|-0.0445|-0.1483|-0.4309|-0.9141|-1.4753|-2.0067|-2.4767|-2.8928|-3.2681|-3.6126|-3.9330|-4.2339|-4.5186|-4.7895|-5.0485|-5.2968|-5.5358|-5.7663|-5.9890|-6.2047|-6.4140|-6.6175|-6.8156|-7.0089|-7.1979|-7.3828|-7.5643|-7.7425|-7.9179|-8.0908|-8.2613|-9.5610|-10.8044|-12.0222|-13.2267|-14.4231|-15.6142|-16.8014|-17.9856|-19.1674|-20.3473|-21.5255|-22.7023|-23.8780|-25.0526|-26.2264,1,2,,False,,2010.460687892988,0.0690991141619682,1.0283863633331543e-06,0.0014111734324887,0.0015874021591598,0.09,0.083,False,harmonic|fold_shape,,6.600160|6.806887|6.469195|6.194453|6.385639|6.287022|5.989948|6.366390|6.224264|6.376875,0.7044521523385341,0.1390686509111784,0.5653835014273556,0.0914082258269088,not_convincing,3,TIC 23229805 P=0.75594 d: the fold is a pure large-amplitude sinusoid of period ~0.189 d and the model simply fits one of its minima; 0.7559 d is 4x the pulsation period.,harmonic,,,
102195674,,0.2746899027926608,0.2373146935961276,0.0205927904628383,12.67441604495658,3.503,1.1742437776833516,1.1994211805618669,4.343182733849745,0.0054401605366007,6230.285117311781,356,,-4.439720544490752,5.6662,0.490695,-0.0000|-0.0000|-0.0000|-0.0000|-0.0000|-0.0000|-0.0000|-0.0000|-0.0000|-0.0000|-0.0000|-0.0000|-0.0000|-0.0000|-0.0000|-0.0000|-0.0000|-0.0000|-0.0001|-0.0001|-0.0001|-0.0002|-0.0004|-0.0006|-0.0011|-0.0020|-0.0037|-0.0070|-0.0137|-0.0279|-0.0588|-0.1217|-0.2332|-0.4042|-0.6351|-0.9152|-1.2226|-1.5302|-1.8176|-2.0783|-2.3153|-2.5333|-2.7366|-2.9281|-3.1099|-3.2835|-3.4500|-3.6105|-3.7654|-3.9156|-4.0613|-4.2031|-4.3413|-4.4762|-4.6081|-4.7371|-4.8636|-4.9877|-5.1095|-5.2293|-5.3472|-5.4633|-5.5777|-5.6905|-5.8018|-6.6435|-7.4271|-8.1708|-8.8859|-9.5802|-10.2590|-10.9263|-11.5848|-12.2366|-12.8833|-13.5260|-14.1656|-14.8027|-15.4377|-16.0711,0,2,,False,,1544.6338146826604,0.0411855809256766,2.460453453349478e-07,0.0018191897355694,0.0023846365827646,0.218,0.198,False,sharp_freq|known_eb|fold_shape,,5.127563|5.533247|5.792461|5.629021|5.148813|5.868253|5.588586|5.008097|6.498313|6.467845,0.9695142106612512,0.6208243680940767,0.3486898425671744,0.1499348192523988,not_convincing,3,TIC 102195674 P=0.27469 d: pure double-humped sinusoid over the fold - rotational/ellipsoidal variability at ~0.137 d with no transit-like feature.,known_eb,,,
160585062,,10.885514533825765,2.288356732261457,0.0495322816059189,9.087793607242912,1.724,0.7020514333788264,0.6993229075236385,4.593255297600386,-0.0038926672678765,4568.0,63,,-4.404654827816451,5.611,0.184795,-0.0000|-0.0000|-0.0000|-0.0000|-0.0000|-0.0000|-0.0000|-0.0000|-0.0000|-0.0000|-0.0000|-0.0000|-0.0000|-0.0000|-0.0000|-0.0000|-0.0000|-0.0000|-0.0000|-0.0000|-0.0000|-0.0000|-0.0000|-0.0000|-0.0000|-0.0000|-0.0001|-0.0003|-0.0009|-0.0027|-0.0095|-0.0375|-0.1519|-0.4637|-0.9568|-1.4786|-1.9385|-2.3345|-2.6842|-3.0007|-3.2920|-3.5636|-3.8190|-4.0610|-4.2918|-4.5129|-4.7258|-4.9315|-5.1309|-5.3250|-5.5142|-5.6992|-5.8803|-6.0582|-6.2329|-6.4050|-6.5746|-6.7419|-6.9073|-7.0707|-7.2324|-7.3926|-7.5513|-7.7087|-7.8648|-9.0718|-10.2362|-11.3745|-12.4955|-13.6044|-14.7043|-15.7970|-16.8841|-17.9663|-19.0446|-20.1193|-21.1912|-22.2604|-23.3273|-24.3923,2,3,,True,,1685.6451830669396,0.0990645632118378,1.865781994765024e-05,0.0023321710425621,0.0012956090168636,0.224,0.214,False,harmonic,,5.405520|5.474406|5.857597|5.635176|5.929416|5.657830|5.336452|5.720875|5.446698|5.645538,0.0450861081081488,0.0186813264610316,0.0264047816471172,0.0091005861876352,convincing,2,"TIC 160585062 P=10.88551 d: localized 0.1-d dip at ~0.4 sigma over ten consecutive bins on a flat baseline; no second dip anywhere in the fold, so it is not the 4x alias of the star 2.70-d candidate.",harmonic,,,
179317684,,0.5394102783082027,0.0888521189157226,0.0946109213836899,8.905982956157898,1.083,1.443310820696816,1.5496653308523731,4.206534097438535,0.0867611229604483,6814.960053488626,1772,,-4.77641346471039,4.9532,0.170744,-0.0000|-0.0000|-0.0000|-0.0000|-0.0000|-0.0000|-0.0000|-0.0000|-0.0000|-0.0000|-0.0000|-0.0000|-0.0000|-0.0000|-0.0000|-0.0000|-0.0000|-0.0000|-0.0000|-0.0000|-0.0000|-0.0001|-0.0002|-0.0004|-0.0010|-0.0026|-0.0068|-0.0196|-0.0609|-0.1893|-0.4702|-0.8775|-1.3238|-1.7471|-2.1303|-2.4764|-2.7931|-3.0867|-3.3622|-3.6229|-3.8713|-4.1093|-4.3384|-4.5597|-4.7741|-4.9824|-5.1854|-5.3834|-5.5769|-5.7664|-5.9520|-6.1342|-6.3131|-6.4890|-6.6620|-6.8323|-7.0000|-7.1652|-7.3281|-7.4888|-7.6474|-7.8039|-7.9585|-8.1112|-8.2621|-9.4079|-10.4805|-11.5071|-12.5064|-13.4897|-14.4636|-15.4317|-16.3962|-17.3583|-18.3188|-19.2781|-20.2366|-21.1945|-22.1520|-23.1091,0,2,,False,,1325.4268976654816,0.1892218427673798,1.4746902830770902e-06,0.0042144258430758,0.0042063572395556,0.075,0.073,False,sharp_freq|known_harmonic|fold_shape,,4.890940|5.118077|4.780674|4.851601|5.158387|4.880430|5.147204|4.772191|4.740160|5.192369,0.924890588575318,0.9231083712393277,0.0017822173359904,0.3507939139774125,not_convincing,3,"TIC 179317684 P=0.53941 d: shallow 0.05-unit depression covering 35% of the phase with the rest of the cycle raised - a low-amplitude rotational modulation, not a transit.",known_harmonic,,,
229786610,,0.5443563411380378,0.4559368555466235,0.0062412117705396,15.150819093982037,1.695,0.816598131016819,0.7859888143707002,4.557021581851474,0.0261977834446312,5073.435611106665,1486,,-7.484493678633123,5.4151,0.148109,-0.0000|-0.0000|-0.0000|-0.0000|-0.0000|-0.0000|-0.0000|-0.0000|-0.0000|-0.0000|-0.0000|-0.0000|-0.0000|-0.0000|-0.0000|-0.0000|-0.0000|-0.0000|-0.0000|-0.0000|-0.0000|-0.0000|-0.0000|-0.0000|-0.0001|-0.0002|-0.0005|-0.0012|-0.0034|-0.0103|-0.0344|-0.1225|-0.3978|-0.9041|-1.4775|-2.0101|-2.4811|-2.8986|-3.2743|-3.6172|-3.9340|-4.2293|-4.5064|-4.7679|-5.0157|-5.2512|-5.4758|-5.6904|-5.8962|-6.0937|-6.2840|-6.4676|-6.6452|-6.8174|-6.9848|-7.1479|-7.3072|-7.4632|-7.6162|-7.7665|-7.9146|-8.0607|-8.2050|-8.3478|-8.4893|-9.5829|-10.6481|-11.7024|-12.7514|-13.7972|-14.8408|-15.8826|-16.9230|-17.9620|-19.0000|-20.0370|-21.0733|-22.1089|-23.1439|-24.1784,1,3,,False,,1683.813719726994,0.0124824235410792,7.966878434137184e-07,0.0016747404349254,0.0018210278214832,0.115,0.113,False,harmonic,,5.421235|5.440339|5.400547|5.437032|5.473041|5.364649|5.020698|5.430072|5.559636|5.603314,0.5936871791923326,0.051610108262274,0.5420770709300585,0.0229306110680795,not_convincing,3,"TIC 229786610 P=0.54436 d: two narrow (0.015 d) V-shaped dips per folded period, separated by exactly P/2, riding on a 0.136 d wave - an alias of the star's own short-period variability.",harmonic,,,
260128333,,14.608548868879454,11.48543455823665,0.0923097696503939,71.86806537329035,14.508,1.02,1.51811003684998,3.6,-0.4,5723.2,67,,-4.125501330758563,10.7133,1.618948,-0.0000|-0.0000|-0.0000|-0.0000|-0.0000|-0.0000|-0.0000|-0.0000|-0.0000|-0.0000|-0.0000|-0.0000|-0.0000|-0.0000|-0.0000|-0.0000|-0.0000|-0.0000|-0.0000|-0.0000|-0.0000|-0.0000|-0.0000|-0.0000|-0.0000|-0.0000|-0.0000|-0.0000|-0.0000|-0.0000|-0.0000|-0.0001|-0.0001|-0.0002|-0.0004|-0.0006|-0.0012|-0.0023|-0.0046|-0.0092|-0.0177|-0.0315|-0.0516|-0.0798|-0.1192|-0.1739|-0.2475|-0.3424|-0.4589|-0.5952|-0.7463|-0.9043|-1.0597|-1.2049|-1.3373|-1.4577|-1.5685|-1.6717|-1.7688|-1.8611|-1.9494|-2.0342|-2.1160|-2.1952|-2.2720|-2.8229|-3.3025|-3.7361|-4.1360|-4.5096|-4.8620|-5.1971|-5.5175|-5.8258|-6.1238|-6.4129|-6.6944|-6.9694|-7.2387|-7.5030,0,2,,False,,1336.8221705085466,0.1846195393007878,1.537520392876079e-06,0.0001811912832401,0.000177451864506,0.704,0.61,False,known_eb,,9.256814|10.479665|12.220829|9.949813|7.522427|11.813645|11.473795|9.548149|13.415928|11.452142,0.0485676351777094,0.0598247521643471,-0.0112571169866376,0.0126377740156027,not_convincing,3,"TIC 260128333 P=14.60855 d: the undetrended fold shows a -35 sigma U-shaped primary eclipse plus a shallow secondary near phase 0.55, i.e. an eccentric eclipsing binary; the detrended fold is just the filter ringing around it, with +12 sigma peaks.",known_eb,,,
267572272,,0.4354693233459553,0.40972019,0.0211561189723997,18.20167593550914,3.97,0.9172359063803665,0.8624248901683592,4.5276384252559225,0.0375616648489188,5435.229897416547,512,,-4.531463615446419,15.3256,0.386706,0.0000|0.0000|0.0000|0.0000|0.0000|0.0000|0.0000|0.0000|0.0000|0.0000|0.0000|0.0000|-0.0000|-0.0000|-0.0000|-0.0000|-0.0000|-0.0000|-0.0000|-0.0000|-0.0000|-0.0000|-0.0000|-0.0000|-0.0000|-0.0000|-0.0000|-0.0000|-0.0000|-0.0000|-0.0000|-0.0000|-0.0000|-0.0000|-0.0000|-0.0000|-0.0000|-0.0000|-0.0000|-0.0000|-0.0000|-0.0000|-0.0000|-0.0000|-0.0000|-0.0000|-0.0000|-0.0000|-0.0000|-0.0000|-0.0000|-0.0001|-0.0003|-0.0009|-0.0031|-0.0115|-0.0460|-0.1947|-0.7519|-1.9285|-3.1446|-4.0582|-4.7624|-5.3575|-5.8892|-9.3118|-12.3683|-15.3416|-18.2771|-21.1912|-24.0920|-26.9838|-29.8694|-32.7503|-35.6281|-38.5034|-41.3771|-44.2495|-47.1211|-49.9920,0,2,,False,,2012.5161458622904,0.0423122379447994,4.414104049237207e-07,0.0010647803334751,0.000837392230095,0.223,0.203,False,snrd|sharp_freq|harmonic|fold_shape,,15.712261|14.938848|14.938848|14.938848|14.938848|15.712261|15.712261|14.938848|15.712261|15.712261,0.9875355953191484,0.4314024674489192,0.5561331278702293,0.0971646811299834,not_convincing,3,"TIC 267572272 P=0.43547 d: a pure high-amplitude sinusoid with exactly two cycles across the fold, i.e. coherent stellar variability at 0.2177 d (the star's own candidate 1), not a transit.",harmonic,,,
384159646,,93.48556462237308,3.402143550016734,0.1935465086666417,14.640257791012552,7.228,1.2916299290519422,1.3421803914359065,4.286444046967715,-0.0675069328326684,6631.246450982592,2,,-5.432600967605365,7.8417,0.217458,-0.0000|-0.0000|-0.0000|-0.0000|-0.0000|-0.0000|-0.0000|-0.0000|-0.0000|-0.0000|-0.0000|-0.0000|-0.0000|-0.0000|-0.0000|-0.0000|-0.0000|-0.0000|-0.0000|-0.0000|-0.0000|-0.0000|-0.0000|-0.0000|-0.0000|-0.0000|-0.0000|-0.0000|-0.0000|-0.0000|-0.0000|-0.0000|-0.0000|-0.0000|-0.0001|-0.0002|-0.0006|-0.0017|-0.0057|-0.0215|-0.0900|-0.3580|-0.9659|-1.6617|-2.2348|-2.6942|-3.0798|-3.4163|-3.7171|-3.9899|-4.2394|-4.4689|-4.6808|-4.8771|-5.0594|-5.2295|-5.3888|-5.5387|-5.6804|-5.8153|-5.9442|-6.0680|-6.1876|-6.3034|-6.4162|-7.2411|-8.0007|-8.7319|-9.4491|-10.1592|-10.8654|-11.5696|-12.2727|-12.9752|-13.6773|-14.3793|-15.0811|-15.7829|-16.4846|-17.1864,0,2,,False,,1630.4894255523584,0.3870930173332834,0.0002393900545109,0.001398659533584,0.0019079570557102,0.4,0.356,False,ntransits|known_harmonic,,7.744860|7.965754|8.008807|7.916455|8.063770|7.815527|7.676552|8.149544|7.708113|7.367662,0.0018128777436112,0.0162286633259032,-0.0144157855822919,0.0041406715453547,not_convincing,3,"TIC 384159646 P=93.48556 d: a single 0.36 d box-shaped event covered by only one epoch, at a period that is the known 748 d planet's period divided by 8.001 - a harmonic the 1/2..1/5 test missed.",known_harmonic,,,
4918918,,3.8979488666336337,1.8472130550716848,0.0843203930690845,11.66653607692056,1.682,0.5582755691100276,0.5881830367782372,4.645134267394891,-0.0121106160780851,3466.0,12,,-4.237565481221648,7.1298,0.403074,-0.0000|-0.0000|-0.0000|-0.0000|-0.0000|-0.0000|-0.0000|-0.0000|-0.0000|-0.0000|-0.0000|-0.0000|-0.0000|-0.0000|-0.0000|-0.0000|-0.0000|-0.0000|-0.0000|-0.0000|-0.0000|-0.0000|-0.0000|-0.0000|-0.0000|-0.0000|-0.0000|-0.0000|-0.0000|-0.0000|-0.0001|-0.0002|-0.0005|-0.0013|-0.0035|-0.0103|-0.0326|-0.1024|-0.2700|-0.5665|-0.9716|-1.4151|-1.8313|-2.2007|-2.5310|-2.8327|-3.1128|-3.3758|-3.6249|-3.8620|-4.0889|-4.3068|-4.5166|-4.7190|-4.9148|-5.1045|-5.2884|-5.4671|-5.6407|-5.8095|-5.9739|-6.1340|-6.2900|-6.4421|-6.5905|-7.6573|-8.5788|-9.4206|-10.2230|-11.0063|-11.7799|-12.5484|-13.3139|-14.0775|-14.8401|-15.6018|-16.3630|-17.1239|-17.8845|-18.6449,0,2,,False,,1872.290859434902,0.168640786138169,1.2837982582080396e-05,0.0019063004788709,0.002517233612417,0.147,0.139,True,,,7.640299|7.356300|7.317464|6.610845|7.158003|6.918373|6.597419|7.826440|7.180383|6.692250,0.1950331541289907,0.1815821710426322,0.0134509830863585,0.043263981111125,plausible,2,"TIC 4918918 P=3.89795 d: in the undetrended view a deep V-shaped 0.2-d eclipse repeats in ~15 individual epochs, but the variability model swallows two thirds of it and leaves ringing, and the depth and V shape look like an eclipsing binary.",known_eb,"TIC 4918919 = Gaia DR3 796185373590623360 (background eclipsing binary, 55 arcsec)",1.79357 (Gaia); 3.898 as seen by TESS,https://arxiv.org/abs/2401.12150 ; https://exofop.ipac.caltech.edu/tess/target.php?id=4918918
38584799,,17.130365026394532,7.914950665983135,0.07299774775599,19.189895250458143,2.618,0.7619524195204861,0.7465686627962431,4.571159571441217,0.0002465412070376,4853.5,57,,-4.826751909078049,9.6598,0.497984,-0.0000|-0.0000|-0.0000|-0.0000|-0.0000|-0.0000|-0.0000|-0.0000|-0.0000|-0.0000|-0.0000|-0.0000|-0.0000|-0.0000|-0.0000|-0.0000|-0.0000|-0.0000|-0.0000|-0.0000|-0.0000|-0.0000|-0.0000|-0.0000|-0.0000|-0.0000|-0.0000|-0.0000|-0.0000|-0.0000|-0.0000|-0.0000|-0.0000|-0.0000|-0.0000|-0.0000|-0.0001|-0.0001|-0.0002|-0.0005|-0.0012|-0.0030|-0.0075|-0.0203|-0.0574|-0.1580|-0.3694|-0.7084|-1.1351|-1.5640|-1.9437|-2.2750|-2.5711|-2.8417|-3.0927|-3.3277|-3.5494|-3.7594|-3.9590|-4.1492|-4.3308|-4.5045|-4.6708|-4.8302|-4.9832|-6.0168|-6.8417|-7.5679|-8.2485|-8.9070|-9.5539|-10.1943|-10.8310|-11.4653|-12.0980|-12.7295|-13.3601|-13.9900|-14.6192|-15.2479,0,2,,True,,1333.252862302518,0.14599549551198,0.0001445081840719,0.018624080324687,0.0154882405098454,0.216,0.209,True,,,9.555871|9.512945|9.266266|10.086504|10.420204|9.264408|8.989844|10.201319|9.087204|10.213038,0.0463649644596477,0.0180763481871876,0.0282886162724601,0.0085226143918725,convincing,3,"TIC 38584799 P=17.13037 d: deep flat-bottomed 0.145-d box with sharp ingress/egress on a completely flat 17-d baseline, built from many epochs; the cleanest case of my set.",known_toi_harmonic,CTOI TIC 38584799.02,17.1304,https://exofop.ipac.caltech.edu/tess/target.php?id=38584799
41227743,,0.5399350812072724,0.0768346873288532,0.0508424340388797,14.745936453199638,1.107,,,4.30679,,5988.0,1317,,-6.324101559022864,8.0467,0.306904,-0.0000|-0.0000|-0.0000|-0.0000|-0.0000|-0.0000|-0.0000|-0.0000|-0.0000|-0.0000|-0.0000|-0.0000|-0.0000|-0.0000|-0.0000|-0.0000|-0.0000|-0.0000|-0.0000|-0.0000|-0.0000|-0.0000|-0.0000|-0.0000|-0.0000|-0.0000|-0.0000|-0.0000|-0.0000|-0.0000|-0.0000|-0.0000|-0.0000|-0.0001|-0.0002|-0.0004|-0.0011|-0.0028|-0.0075|-0.0214|-0.0641|-0.1938|-0.5255|-1.1107|-1.8009|-2.4348|-2.9716|-3.4305|-3.8351|-4.2012|-4.5385|-4.8535|-5.1506|-5.4329|-5.7027|-5.9616|-6.2109|-6.4518|-6.6850|-6.9114|-7.1316|-7.3461|-7.5556|-7.7605|-7.9613|-9.4500|-10.8305|-12.1657|-13.4812|-14.7871|-16.0876|-17.3850|-18.6804|-19.9745|-21.2676|-22.5600|-23.8520|-25.1436|-26.4350|-27.7262,0,2,,False,,1325.3811098635535,0.1016848680777594,5.184843477958606e-07,0.000858421131639,0.0010449452559174,0.637,0.635,False,snrd|sharp_freq|fold_shape,,8.082630|8.380564|8.471731|7.946453|7.414861|7.976568|8.154499|8.128782|8.271025|7.639733,0.7135308729434133,0.7050098307589237,0.0085210421844896,0.1883279520389678,not_convincing,3,"TIC 41227743 P=0.53994 d: the fold is a smooth asymmetric wave (broad +0.26 hump, broad -0.15 trough) and the model is fitted to the trough - rotational/pulsational variability.",known_variable,"Gaia DR3 5279708361017990144 (RR Lyrae RRAB, 27 arcsec)",0.539970,https://vsx.aavso.org/ ; https://exofop.ipac.caltech.edu/tess/target.php?id=41227743
72668830,,5.095930619558265,3.343122512929473,0.0549783681282586,13.87131064424264,2.263,0.8322278418476139,0.831273684646471,4.513897530897437,0.1545786525136902,5077.680262433736,22,,-5.965331487242243,7.4067,0.251392,-0.0000|-0.0000|-0.0000|-0.0000|-0.0000|-0.0000|-0.0000|-0.0000|-0.0000|-0.0000|-0.0000|-0.0000|-0.0000|-0.0000|-0.0000|-0.0000|-0.0000|-0.0000|-0.0000|-0.0000|-0.0000|-0.0000|-0.0000|-0.0000|-0.0000|-0.0000|-0.0000|-0.0000|-0.0000|-0.0000|-0.0000|-0.0000|-0.0001|-0.0002|-0.0005|-0.0014|-0.0047|-0.0166|-0.0628|-0.2209|-0.5886|-1.1291|-1.6982|-2.2129|-2.6671|-3.0748|-3.4478|-3.7936|-4.1174|-4.4227|-4.7120|-4.9874|-5.2502|-5.5017|-5.7430|-5.9748|-6.1981|-6.4135|-6.6218|-6.8235|-7.0195|-7.2101|-7.3961|-7.5778|-7.7557|-9.0782|-10.3114|-11.5061|-12.6815|-13.8458|-15.0030|-16.1555|-17.3046|-18.4512|-19.5959|-20.7391|-21.8812|-23.0224|-24.1628|-25.3026,0,2,,True,,1389.2875958487484,0.1099567362565172,2.946924626824e-06,0.0010131571144128,0.0015757904539846,0.156,0.148,True,,,7.490489|7.536823|7.284551|7.159785|7.728300|7.567119|7.402971|7.783789|6.967832|7.145618,0.113010740845408,0.0983839847876646,0.0146267560577434,0.0215773613232686,convincing,2,"TIC 72668830 P=5.09593 d: clean 0.11 d flat-bottomed box of 0.85 sigma with sharp edges on a flat baseline; P is within 2.1% of a quarter of the known 19.9703 d period, but those transits would walk about 3 durations per epoch so they cannot pile up here.",known_toi_harmonic,TOI 4296.02,5.0959342,https://exofop.ipac.caltech.edu/tess/target.php?id=72668830
81077799,,1.6285273781817629,1.4374928676866907,0.0576675698659162,13.864400741657512,3.116,1.5972440195942117,2.506940885971598,3.833916303331314,0.1371020410792201,6329.255697517741,102,,-5.168856445500937,4.9426,0.371096,-0.0000|-0.0000|-0.0000|-0.0000|-0.0000|-0.0000|-0.0000|-0.0000|-0.0000|-0.0000|-0.0000|-0.0000|-0.0000|-0.0000|-0.0000|-0.0000|-0.0000|-0.0000|-0.0000|-0.0000|-0.0001|-0.0002|-0.0004|-0.0009|-0.0021|-0.0053|-0.0144|-0.0429|-0.1244|-0.2871|-0.5193|-0.7938|-1.0827|-1.3632|-1.6246|-1.8664|-2.0921|-2.3051|-2.5078|-2.7020|-2.8888|-3.0692|-3.2440|-3.4136|-3.5787|-3.7395|-3.8965|-4.0500|-4.2001|-4.3472|-4.4915|-4.6331|-4.7721|-4.9089|-5.0434|-5.1759|-5.3064|-5.4350|-5.5619|-5.6872|-5.8108|-5.9331|-6.0539|-6.1734|-6.2916|-7.1941|-8.0462|-8.8645|-9.6597|-10.4386|-11.2060|-11.9647|-12.7170|-13.4642|-14.2075|-14.9477|-15.6853|-16.4207|-17.1544|-17.8866,0,2,,False,,2283.096909697692,0.1153351397318324,1.7766168495304591e-06,0.0009850163380022,0.0017259215659286,0.167,0.151,True,,,4.577217|5.202993|5.411891|4.621144|5.730528|4.998238|4.765265|4.836340|4.686736|4.596031,0.2375917460214214,0.3015085887827058,-0.0639168427612844,0.0708217382630699,plausible,2,"TIC 81077799 P=1.62853 d: a sharp ~3-hr dip that is transit-shaped on its own, but the full-period fold is dominated by a large smooth modulation at exactly the candidate period whose minimum coincides with the dip.",known_eb,"Gaia DR3 5347362002981716992 (eclipsing binary, 56 arcsec) + CTOI 81077799.02",1.628530,https://vsx.aavso.org/ ; https://exofop.ipac.caltech.edu/tess/target.php?id=81077799
141141249,,0.7678280859463873,0.2963418412894934,0.0545199281094532,9.891188195816785,3.601,0.5180652898475744,0.5398944204631572,4.682153080666315,0.2324765122351559,3635.020704243911,133,,-4.38683897834152,5.6164,0.341555,-0.0000|-0.0000|-0.0000|-0.0000|-0.0000|-0.0000|-0.0000|-0.0000|-0.0000|-0.0000|-0.0000|-0.0000|-0.0000|-0.0000|-0.0000|-0.0000|-0.0000|-0.0000|-0.0000|-0.0000|-0.0000|-0.0001|-0.0001|-0.0003|-0.0005|-0.0010|-0.0019|-0.0039|-0.0082|-0.0178|-0.0400|-0.0914|-0.2029|-0.4112|-0.7281|-1.1233|-1.5421|-1.9398|-2.2982|-2.6184|-2.9076|-3.1728|-3.4189|-3.6498|-3.8678|-4.0749|-4.2726|-4.4619|-4.6436|-4.8187|-4.9875|-5.1507|-5.3088|-5.4621|-5.6109|-5.7557|-5.8967|-6.0343|-6.1686|-6.2998|-6.4284|-6.5543|-6.6779|-6.7993|-6.9187|-7.8113|-8.6362|-9.4212|-10.1809|-10.9238|-11.6552|-12.3787|-13.0968|-13.8113|-14.5231|-15.2333|-15.9422|-16.6503|-17.3579|-18.0651,0,2,,False,,2964.0185630008377,0.1090398562189064,1.532708170089906e-06,0.0012044132532257,0.0015320926916662,0.329,0.315,False,sharp_freq|fold_shape,,6.139851|6.125151|5.654133|5.628815|5.461666|5.614261|5.710783|5.119619|5.683052|5.026396,0.7229086270726606,0.5918195397590782,0.1310890873135823,0.1420107680542959,not_convincing,2,"TIC 141141249 P=0.76783 d: 0.12-d U-shaped dip spanning ~15 pct of the 0.77-d period, too long for any transit at that period, and flanked by positive bumps.",known_eb,"Gaia DR3 5521656307026655232 (eclipsing binary, 36.9 arcsec)",0.767829,https://vizier.cds.unistra.fr/viz-bin/VizieR-3?-source=I/358/veb
149179763,,2.1910120668729256,1.5903248576212463,0.1308357290034647,9.973777318781334,1.57,0.9608751695490932,0.9510265232491932,4.4628821436754045,0.0256984611919065,5624.0,315,,-4.420849211666969,6.5967,0.198255,-0.0000|-0.0000|-0.0000|-0.0000|-0.0000|-0.0000|-0.0000|-0.0000|-0.0000|-0.0000|-0.0000|-0.0000|-0.0000|-0.0000|-0.0000|-0.0000|-0.0000|-0.0000|-0.0000|-0.0000|-0.0000|-0.0000|-0.0000|-0.0000|-0.0000|-0.0000|-0.0000|-0.0000|-0.0000|-0.0000|-0.0001|-0.0003|-0.0009|-0.0030|-0.0111|-0.0444|-0.1729|-0.5175|-1.0563|-1.6173|-2.1131|-2.5464|-2.9338|-3.2868|-3.6129|-3.9170|-4.2026|-4.4724|-4.7282|-4.9719|-5.2047|-5.4278|-5.6421|-5.8486|-6.0481|-6.2412|-6.4285|-6.6107|-6.7884|-6.9618|-7.1316|-7.2981|-7.4616|-7.6225|-7.7811|-8.9822|-10.1212|-11.2284|-12.3162|-13.3909|-14.4564|-15.5150|-16.5686|-17.6186|-18.6657|-19.7109|-20.7545|-21.7970|-22.8386|-23.8796,1,2,,False,,1326.9278193743764,0.2616714580069294,7.0802491732633925e-06,0.0046292478775246,0.0061378888022788,0.127,0.12,True,,,6.880496|6.504359|6.603241|6.702275|6.229920|6.555163|6.823025|6.813782|6.408194|6.446173,0.4214537911738267,0.4984463305530042,-0.0769925393791775,0.1194294919518149,not_convincing,2,"TIC 149179763 P=2.19101 d: rounded, internally structured 0.27 d depression spanning 12% of the period, roughly 3x longer than any physical transit at this period.",known_eb,"Gaia DR3 4660956856772289280 (eclipsing binary, 28.9 arcsec)",2.1908975,https://vizier.cds.unistra.fr/viz-bin/VizieR-3?-source=I/358/veb ; https://www.aavso.org/vsx/
160708862,,0.3695325038991666,0.2200683361140963,0.036101347950225,13.480589638598724,2.671,1.992178193016928,1.6257631468605318,4.317056843185044,-0.0693260934786404,9612.963958279646,281,,-5.326142731002828,6.2906,0.367608,-0.0000|-0.0000|-0.0000|-0.0000|-0.0000|-0.0000|-0.0000|-0.0000|-0.0000|-0.0000|-0.0000|-0.0000|-0.0000|-0.0000|-0.0000|-0.0000|-0.0000|-0.0000|-0.0000|-0.0000|-0.0000|-0.0000|-0.0000|-0.0000|-0.0000|-0.0001|-0.0002|-0.0003|-0.0007|-0.0015|-0.0032|-0.0072|-0.0173|-0.0434|-0.1112|-0.2645|-0.5331|-0.9002|-1.3144|-1.7233|-2.0984|-2.4356|-2.7409|-3.0213|-3.2820|-3.5267|-3.7580|-3.9779|-4.1876|-4.3885|-4.5812|-4.7667|-4.9455|-5.1182|-5.2852|-5.4469|-5.6037|-5.7558|-5.9036|-6.0473|-6.1871|-6.3233|-6.4560|-6.5854|-6.7118|-7.6259|-8.4287|-9.1720|-9.8857|-10.5851|-11.2772|-11.9658|-12.6525|-13.3382|-14.0233|-14.7082|-15.3929|-16.0774|-16.7620|-17.4465,0,2,,False,,1600.2914179894724,0.07220269590045,1.7854095956983786e-07,0.0009462746787569,0.0008183239128818,0.138,0.123,False,sharp_freq|fold_shape,,6.434509|6.212405|5.976137|6.611168|5.796334|5.859932|7.116378|6.215309|6.354110|6.329271,0.9978571551339688,0.7382844679220344,0.2595726872119342,0.1953892963097822,not_convincing,3,TIC 160708862 P=0.36953 d: the fold is a pure sinusoid with two maxima and two minima per period (true variability ~0.185 d) and the box model merely sits on one minimum.,known_eb,"ASASSN-V J150908.07-424254.1 (contact binary EW, 51 arcsec)",0.369526,https://vsx.aavso.org/ ; https://exofop.ipac.caltech.edu/tess/target.php?id=160708862
169461816,,0.2723144163150253,0.2422960826364098,0.0102200851394233,9.224842370644536,2.875,1.394363755250887,1.455211999910918,4.249593701785584,-0.0683555689984658,6938.355736527171,601,,-4.660718289501478,4.1644,0.396469,-0.0000|-0.0000|-0.0000|-0.0000|-0.0000|-0.0000|-0.0000|-0.0001|-0.0001|-0.0001|-0.0002|-0.0003|-0.0004|-0.0006|-0.0009|-0.0015|-0.0023|-0.0037|-0.0059|-0.0097|-0.0161|-0.0271|-0.0461|-0.0788|-0.1345|-0.2262|-0.3692|-0.5749|-0.8433|-1.1594|-1.4997|-1.8404|-2.1637|-2.4606|-2.7293|-2.9726|-3.1946|-3.3992|-3.5896|-3.7683|-3.9373|-4.0979|-4.2514|-4.3986|-4.5403|-4.6771|-4.8097|-4.9383|-5.0635|-5.1855|-5.3048|-5.4214|-5.5357|-5.6478|-5.7580|-5.8664|-5.9732|-6.0784|-6.1823|-6.2849|-6.3862|-6.4865|-6.5858|-6.6841|-6.7815|-7.5303|-8.2450|-8.9359|-9.6089|-10.2679|-10.9155|-11.5538|-12.1845|-12.8089|-13.4281|-14.0430|-14.6543|-15.2626|-15.8686|-16.4724,0,2,,False,,1683.6031006500634,0.0204401702788466,3.237295135030198e-07,0.0017707349743202,0.0013417388802324,0.201,0.204,False,sharp_freq|fold_shape,,3.528118|3.521402|4.540706|4.247229|3.718729|4.229224|4.579866|4.302701|4.465244|4.510859,0.8695937236949245,0.1418251150081186,0.7277686086868058,0.0750609187550339,not_convincing,3,"TIC 169461816 P=0.27231 d: a large-amplitude coherent pulsation with three sinusoidal cycles per fold period and tiny error bars, clearly a variable star rather than a transit.",known_variable,"ASASSN-V J194948.47+405921.6 (high-amplitude delta Scuti, 78 arcsec)",0.090771 (candidate = 3P),https://vsx.aavso.org/
224299081,,21.05863625206318,15.780375836408972,0.0787612749991518,12.324759330660996,4.076,1.1330575040786186,1.2632881339024469,4.277365770464882,0.1481021753761768,5956.929379480388,9,,-5.081555377346378,6.7538,0.242663,-0.0000|-0.0000|-0.0000|-0.0000|-0.0000|-0.0000|-0.0000|-0.0000|-0.0000|-0.0000|-0.0000|-0.0000|-0.0000|-0.0000|-0.0000|-0.0000|-0.0000|-0.0000|-0.0000|-0.0000|-0.0000|-0.0000|-0.0000|-0.0000|-0.0000|-0.0000|-0.0000|-0.0000|-0.0000|-0.0000|-0.0001|-0.0003|-0.0008|-0.0022|-0.0067|-0.0225|-0.0810|-0.2667|-0.6568|-1.1800|-1.6908|-2.1323|-2.5142|-2.8541|-3.1637|-3.4501|-3.7181|-3.9709|-4.2110|-4.4400|-4.6595|-4.8705|-5.0740|-5.2709|-5.4617|-5.6472|-5.8277|-6.0039|-6.1761|-6.3446|-6.5098|-6.6720|-6.8314|-6.9883|-7.1428|-8.3066|-9.3896|-10.4206|-11.4157|-12.3857|-13.3386|-14.2798|-15.2132|-16.1416|-17.0665|-17.9892|-18.9105|-19.8306|-20.7502|-21.6692,0,2,,True,,1727.176527160661,0.1575225499983036,8.385500946938855e-05,0.0045696363663745,0.005361541352943,0.273,0.252,True,,,6.861613|6.766124|7.110596|6.420863|6.640920|6.527842|7.133433|6.860649|6.411627|6.803862,0.0404023781001523,0.0201435037584888,0.0202588743416635,0.0074801876110505,convincing,2,"TIC 224299081 P=21.05864 d: flat-bottomed 0.17-d box with sharp ingress/egress at ~1.1 sigma depth over a flat FGP baseline in several epochs, only mildly compromised by an elevated post-egress shoulder.",known_toi_harmonic,CTOI TIC 224299081.02,21.0589,https://exofop.ipac.caltech.edu/tess/target.php?id=224299081
237204346,,3.0464821589202966,0.8748340691555162,0.0686992699092314,17.670704115128355,2.111,1.2407871260222938,1.3990459369331287,4.224467142513091,-0.0589362459908,6353.0,230,,-6.08748424253561,8.3933,0.397871,-0.0000|-0.0000|-0.0000|-0.0000|-0.0000|-0.0000|-0.0000|-0.0000|-0.0000|-0.0000|-0.0000|-0.0000|-0.0000|-0.0000|-0.0000|-0.0000|-0.0000|-0.0000|-0.0000|-0.0000|-0.0000|-0.0000|-0.0000|-0.0000|-0.0000|-0.0000|-0.0000|-0.0000|-0.0000|-0.0000|-0.0000|-0.0000|-0.0000|-0.0000|-0.0000|-0.0001|-0.0003|-0.0008|-0.0022|-0.0071|-0.0240|-0.0839|-0.2559|-0.5979|-1.0798|-1.5962|-2.0671|-2.4814|-2.8524|-3.1917|-3.5066|-3.8020|-4.0810|-4.3459|-4.5984|-4.8397|-5.0708|-5.2927|-5.5058|-5.7109|-5.9084|-6.0988|-6.2826|-6.4601|-6.6318|-7.8356|-8.8636|-9.8121|-10.7236|-11.6161|-12.4983|-13.3745|-14.2473|-15.1179|-15.9872|-16.8556|-17.7236|-18.5912|-19.4586|-20.3259,0,2,,True,,1684.2529389229132,0.1373985398184628,2.917864667649275e-06,0.0009534385845127,0.0011518440353062,0.112,0.099,True,,,7.761478|8.103430|8.990472|8.117409|8.462579|7.955072|8.728343|8.969664|8.312809|8.532192,0.2211285442784799,0.2059645488836563,0.0151639953948236,0.0451007203229964,convincing,3,"TIC 237204346 P=3.04648 d: textbook 0.14 d flat-bottomed transit of depth 0.28 sigma, flat baseline, dozens of epochs, no secondary at the antipode.",known_toi_harmonic,CTOI TIC 237204346.01,3.046148,https://exofop.ipac.caltech.edu/tess/target.php?id=237204346
273690178,,7.641591248087066,6.492968962512353,0.070916133462943,9.56112053647415,4.644,0.8817876108904377,0.8627427306119191,4.513005757465392,0.0198089527741101,5359.0,20,,-4.636331142386041,5.7135,0.214628,-0.0000|-0.0000|-0.0000|-0.0000|-0.0000|-0.0000|-0.0000|-0.0000|-0.0000|-0.0000|-0.0000|-0.0000|-0.0000|-0.0000|-0.0000|-0.0000|-0.0000|-0.0000|-0.0000|-0.0000|-0.0000|-0.0000|-0.0000|-0.0000|-0.0000|-0.0001|-0.0001|-0.0004|-0.0010|-0.0028|-0.0089|-0.0304|-0.1064|-0.3154|-0.6870|-1.1500|-1.6147|-2.0397|-2.4224|-2.7713|-3.0941|-3.3960|-3.6808|-3.9510|-4.2086|-4.4552|-4.6920|-4.9201|-5.1403|-5.3535|-5.5603|-5.7612|-5.9568|-6.1475|-6.3338|-6.5160|-6.6944|-6.8693|-7.0410|-7.2098|-7.3758|-7.5392|-7.7003|-7.8592|-8.0160|-9.2051|-10.3225|-11.3977|-12.4478|-13.4824|-14.5071|-15.5253|-16.5388|-17.5488|-18.5562|-19.5615|-20.5650|-21.5671|-22.5680|-23.5678,0,2,,True,,1689.8534508020382,0.141832266925886,2.764593788034381e-05,0.0054976226183516,0.0053912856036866,0.417,0.397,True,,,5.840796|5.851858|5.632917|5.637646|5.400935|5.445388|5.525611|6.091819|5.740578|5.967104,0.0613056780646712,0.0380290257081186,0.0232766523565526,0.0185605670757895,convincing,2,"TIC 273690178 P=7.64159 d: clean flat-bottomed 0.14 d box of depth 0.5 sigma with sharp ingress/egress on a flat baseline, quiet star, nothing at the antipodal phase.",known_planet,Kepler-18 c,7.641590,https://exoplanetarchive.ipac.caltech.edu/overview/Kepler-18
294394558,,10.900470541863877,6.703757459625903,0.0693019033411111,17.164687531503215,3.395,0.8081808926972972,0.7903552338018022,4.550362373557042,0.0090046575561616,5057.0,21,,-5.34830097943208,8.5048,0.381206,-0.0000|-0.0000|-0.0000|-0.0000|-0.0000|-0.0000|-0.0000|-0.0000|-0.0000|-0.0000|-0.0000|-0.0000|-0.0000|-0.0000|-0.0000|-0.0000|-0.0000|-0.0000|-0.0000|-0.0000|-0.0000|-0.0000|-0.0000|-0.0000|-0.0000|-0.0000|-0.0000|-0.0000|-0.0000|-0.0000|-0.0000|-0.0000|-0.0000|-0.0000|-0.0001|-0.0002|-0.0004|-0.0010|-0.0025|-0.0064|-0.0174|-0.0495|-0.1402|-0.3587|-0.7630|-1.2930|-1.8100|-2.2518|-2.6262|-2.9526|-3.2447|-3.5111|-3.7575|-3.9876|-4.2043|-4.4096|-4.6051|-4.7922|-4.9718|-5.1449|-5.3122|-5.4743|-5.6316|-5.7846|-5.9338|-7.0152|-7.9736|-8.8617|-9.7072|-10.5263|-11.3287|-12.1205|-12.9057|-13.6866|-14.4649|-15.2415|-16.0169|-16.7917|-17.5661|-18.3402,0,2,,True,,1475.0003628399788,0.1386038066822222,2.064322383270214e-05,0.0035839123599611,0.0033789187488736,0.308,0.296,True,,,8.763916|8.734291|8.015112|8.839165|8.724331|9.038935|8.619268|7.980313|7.910502|8.421710,0.0437411823781062,0.029858823436748,0.0138823589413581,0.0127153966564935,convincing,3,TIC 294394558 P=10.90047 d: textbook flat-bottomed 0.14-d box at 1.2 sigma with sharp ingress/egress on a dead-flat 10.9-d baseline.,known_planet,"CTOI TIC 294394558.02 (RAVEN, Lafarga et al. 2026)",10.900396,https://exofop.ipac.caltech.edu/tess/target.php?id=294394558 ; https://arxiv.org/abs/2603.22597
305048087,,1.744863491964162,1.4651983171738114,0.0151890270609817,10.182026884299322,1.188,0.1792939163383987,0.2052865117854156,5.063686212827903,-0.055715153477577,3142.809845797746,49,,-4.46130365782814,5.4923,0.32293,-0.0000|-0.0000|-0.0000|-0.0000|-0.0000|-0.0000|-0.0000|-0.0000|-0.0000|-0.0000|-0.0000|-0.0000|-0.0000|-0.0000|-0.0000|-0.0000|-0.0000|-0.0000|-0.0000|-0.0000|-0.0000|-0.0000|-0.0000|-0.0001|-0.0002|-0.0004|-0.0010|-0.0024|-0.0062|-0.0172|-0.0496|-0.1383|-0.3296|-0.6329|-1.0084|-1.3975|-1.7603|-2.0879|-2.3859|-2.6612|-2.9184|-3.1610|-3.3913|-3.6108|-3.8209|-4.0226|-4.2166|-4.4036|-4.5842|-4.7588|-4.9279|-5.0917|-5.2506|-5.4048|-5.5547|-5.7003|-5.8420|-5.9800|-6.1144|-6.2455|-6.3734|-6.4983|-6.6204|-6.7398|-6.8567|-7.7153|-8.4885|-9.2152|-9.9162|-10.6025|-11.2800|-11.9517|-12.6198|-13.2852|-13.9487|-14.6108|-15.2718|-15.9320|-16.5915|-17.2505,0,2,,True,,1355.5897301245925,0.0303780541219634,2.120216178723125e-06,0.0021061261264969,0.0022109446690638,0.311,0.301,True,,,4.881233|5.274266|5.344751|5.832942|5.889772|5.446339|5.422835|5.445556|5.348595|6.036664,0.1278757138936382,0.0719848902490759,0.0558908236445623,0.0174099889543607,convincing,2,"TIC 305048087 P=1.74486 d: narrow (~40 min) symmetric V-shaped dip of -0.8 sigma over four bins, clean flat baseline and no other structure anywhere in the fold.",known_planet,TOI-237 c,1.74486147,https://exoplanetarchive.ipac.caltech.edu/overview/TOI-237 ; https://exofop.ipac.caltech.edu/tess/target.php?id=305048087
306255021,,5.306543913004601,5.018797675984549,0.1386546995674778,13.52669898537182,8.786,2.48434482780453,1.516956507158746,4.458973935805992,-0.4980989794439179,12515.311287809049,18,,-5.452961487812231,6.2793,0.513741,-0.0000|-0.0000|-0.0000|-0.0000|-0.0000|-0.0000|-0.0000|-0.0000|-0.0000|-0.0000|-0.0000|-0.0000|-0.0000|-0.0000|-0.0000|-0.0000|-0.0000|-0.0000|-0.0000|-0.0000|-0.0000|-0.0000|-0.0000|-0.0000|-0.0001|-0.0001|-0.0002|-0.0005|-0.0009|-0.0020|-0.0043|-0.0096|-0.0219|-0.0506|-0.1144|-0.2427|-0.4675|-0.8065|-1.2393|-1.7055|-2.1438|-2.5291|-2.8660|-3.1663|-3.4393|-3.6911|-3.9259|-4.1463|-4.3543|-4.5512|-4.7382|-4.9163|-5.0859|-5.2480|-5.4029|-5.5512|-5.6934|-5.8299|-5.9612|-6.0877|-6.2098|-6.3279|-6.4423|-6.5534|-6.6615|-7.4432|-8.1453|-8.8114|-9.4592|-10.0965|-10.7271|-11.3531|-11.9755|-12.5953|-13.2129|-13.8287|-14.4431|-15.0564|-15.6686|-16.2801,0,2,,False,,3019.394431348476,0.2773093991349556,1.1859870253409745e-05,0.0016013334341964,0.0018413629489648,0.482,0.439,True,,,6.028005|6.526921|6.203125|5.964753|5.162600|5.836325|6.861685|6.738239|6.743125|6.728652,0.2063150266812441,0.2375351783205139,-0.0312201516392698,0.0522580051500866,not_convincing,3,"TIC 306255021 P=5.30654 d: the raw fold shows a 3.5-unit primary eclipse plus an unmistakable secondary at phase 0.5 with ~25% of the primary depth - an eclipsing binary, not a planet.",known_eb,"Gaia DR3 5340841276248117248 (eclipsing binary, 5.0 arcsec)",10.570755 (candidate ~ P/2),https://vizier.cds.unistra.fr/viz-bin/VizieR-3?-source=I/358/veb
306263608,,5.441010162982063,1.7361025072881768,0.0652181299204282,8.751251032622495,1.222,0.9768028822718045,0.9413290818682208,4.477680898974666,0.1104842620112098,5591.368247304433,21,,-4.398083079475926,5.4433,0.276582,-0.0000|-0.0000|-0.0000|-0.0000|-0.0000|-0.0000|-0.0000|-0.0000|-0.0000|-0.0000|-0.0000|-0.0000|-0.0000|-0.0000|-0.0000|-0.0000|-0.0000|-0.0000|-0.0000|-0.0000|-0.0000|-0.0000|-0.0000|-0.0001|-0.0002|-0.0005|-0.0011|-0.0026|-0.0067|-0.0181|-0.0505|-0.1382|-0.3363|-0.6792|-1.1315|-1.6135|-2.0658|-2.4702|-2.8319|-3.1601|-3.4625|-3.7443|-4.0093|-4.2601|-4.4988|-4.7270|-4.9461|-5.1571|-5.3610|-5.5584|-5.7500|-5.9364|-6.1182|-6.2957|-6.4693|-6.6393|-6.8062|-6.9701|-7.1312|-7.2899|-7.4463|-7.6005|-7.7528|-7.9033|-8.0520|-9.1874|-10.2630|-11.3011|-12.3145|-13.3110|-14.2955|-15.2714|-16.2411|-17.2061|-18.1676|-19.1263|-20.0829|-21.0378|-21.9913|-22.9437,0,3,,False,,1766.4300114192208,0.1304362598408564,1.946250020670694e-05,0.0044231087018014,0.0044864436754914,0.092,0.089,True,,,5.226304|5.213727|5.802488|5.256479|5.570591|5.591072|5.640588|5.688453|5.586135|4.856952,0.1753297691384084,0.1112739349185436,0.0640558342198648,0.0239728020962504,plausible,2,"TIC 306263608 P=5.44101 d: a ~3-hr dip of the right duration for the period but ragged, with one in-transit bin back at the baseline and a +0.6 post-egress ringing bump nearly as large as the dip, at the lowest SNR of the batch.",known_toi_harmonic,TOI 1471.03,5.4409615,https://exofop.ipac.caltech.edu/tess/target.php?id=306263608
306955329,,15.537666321400224,8.526752818020844,0.0604012369427015,10.10607360871897,3.203,0.8547234397420445,0.8240980360344803,4.535653460489297,0.2356834401255756,5067.542993093845,6,,-4.290707237083488,6.9035,0.158622,-0.0000|-0.0000|-0.0000|-0.0000|-0.0000|-0.0000|-0.0000|-0.0000|-0.0000|-0.0000|-0.0000|-0.0000|-0.0000|-0.0000|-0.0000|-0.0000|-0.0000|-0.0000|-0.0000|-0.0000|-0.0000|-0.0000|-0.0000|-0.0000|-0.0000|-0.0000|-0.0000|-0.0000|-0.0000|-0.0000|-0.0000|-0.0000|-0.0001|-0.0004|-0.0014|-0.0053|-0.0233|-0.1140|-0.4524|-1.0440|-1.6519|-2.1732|-2.6180|-3.0086|-3.3598|-3.6810|-3.9781|-4.2556|-4.5166|-4.7636|-4.9987|-5.2234|-5.4390|-5.6468|-5.8476|-6.0422|-6.2314|-6.4158|-6.5958|-6.7719|-6.9445|-7.1139|-7.2806|-7.4446|-7.6064|-8.8317|-9.9917|-11.1198|-12.2315|-13.3343|-14.4316|-15.5254|-16.6169|-17.7065|-18.7947|-19.8818|-20.9679|-22.0533|-23.1378|-24.2218,0,2,,False,,1773.2195928136423,0.120802473885403,4.036419330378296e-05,0.0044412163629831,0.0016191974032686,0.235,0.223,True,,,7.059194|6.819634|6.822996|7.207370|6.795903|6.665578|6.813470|7.109148|6.891297|6.850699,0.0415324563408766,0.0169575299269976,0.024574926413879,0.0077748145304819,plausible,2,"TIC 306955329 P=15.53767 d: 0.12 d flat-bottomed dip of 0.85 sigma, but flanked by +1.2 sigma brightenings immediately before ingress and after egress already in the raw flux, so an up-down-up variability feature is not excluded.",known_planet,TOI-1472 c,15.5381747,https://exoplanetarchive.ipac.caltech.edu/overview/TOI-1472
329148988,,9.673202018996085,8.973900422876287,0.021998289407963,9.102386310374971,1.635,0.4485441032004326,0.4635329408252104,4.752798361835382,-0.0118557722866414,3540.2800775407286,23,,-4.263828116775233,5.5049,0.229497,-0.0000|-0.0000|-0.0000|-0.0000|-0.0000|-0.0000|-0.0000|-0.0000|-0.0000|-0.0000|-0.0000|-0.0000|-0.0000|-0.0000|-0.0000|-0.0000|-0.0000|-0.0000|-0.0000|-0.0000|-0.0000|-0.0000|-0.0000|-0.0000|-0.0001|-0.0002|-0.0004|-0.0010|-0.0028|-0.0081|-0.0260|-0.0873|-0.2634|-0.6173|-1.1018|-1.5905|-2.0164|-2.3813|-2.7020|-2.9911|-3.2564|-3.5028|-3.7335|-3.9508|-4.1564|-4.3517|-4.5379|-4.7160|-4.8866|-5.0507|-5.2089|-5.3618|-5.5099|-5.6538|-5.7940|-5.9308|-6.0646|-6.1957|-6.3244|-6.4509|-6.5756|-6.6985|-6.8199|-6.9399|-7.0587|-7.9699|-8.8439|-9.6976|-10.5391|-11.3727|-12.2012|-13.0259|-13.8479|-14.6678|-15.4860|-16.3027|-17.1183|-17.9328|-18.7464|-19.5591,1,2,,False,,1747.6330691548044,0.043996578815926,1.3479706749871152e-05,0.0014311342175243,0.0025052497185496,0.168,0.157,True,,,5.560212|5.676418|5.520642|5.860529|5.337493|5.104880|5.221738|5.368166|5.650016|5.748856,0.0284310204761558,0.0198050390982401,0.0086259813779157,0.0045482952521332,plausible,2,"TIC 329148988 P=9.6732 d: a ~1-hr flat-bottomed dip, only 0.4% of the period, which would require an extremely grazing geometry that is inconsistent with the flat bottom, and per-epoch coherence is not visible.",known_planet,TOI 2285.02 / CTOI 329148988.02 (Fukui 2025),9.673205,https://doi.org/10.3847/2515-5172/adc7fb ; https://exofop.ipac.caltech.edu/tess/target.php?id=329148988
364186197,,2.3813313795981856,2.356213114211988,0.0594511603797728,10.061506612513105,1.301,1.285260721072779,1.4428819095309695,4.214042093837102,0.130824141128924,6253.019418455552,169,,-4.090348156752521,5.5321,0.347709,-0.0000|-0.0000|-0.0000|-0.0000|-0.0000|-0.0000|-0.0000|-0.0000|-0.0000|-0.0000|-0.0000|-0.0000|-0.0000|-0.0000|-0.0000|-0.0000|-0.0000|-0.0000|-0.0000|-0.0000|-0.0000|-0.0000|-0.0000|-0.0000|-0.0001|-0.0002|-0.0005|-0.0014|-0.0039|-0.0121|-0.0405|-0.1310|-0.3320|-0.6255|-0.9584|-1.2900|-1.6014|-1.8900|-2.1590|-2.4122|-2.6522|-2.8811|-3.1003|-3.3110|-3.5143|-3.7107|-3.9011|-4.0858|-4.2655|-4.4403|-4.6108|-4.7771|-4.9395|-5.0983|-5.2535|-5.4055|-5.5543|-5.7001|-5.8430|-5.9831|-6.1205|-6.2552|-6.3875|-6.5174|-6.6449|-7.5853|-8.4234|-9.1953|-9.9277|-10.6371|-11.3329|-12.0203|-12.7025|-13.3812|-14.0576|-14.7323|-15.4059|-16.0787|-16.7509|-17.4227,0,3,,False,,1741.0138655010403,0.1189023207595456,1.1361124214118051e-05,0.0053925449305259,0.0064227271177372,0.091,0.085,True,,,5.329113|5.460965|5.326353|6.268359|5.316430|5.608165|5.087451|6.061958|5.314555|5.548069,0.2642861142485503,0.2070087356630815,0.0572773785854687,0.0499310267265736,plausible,2,"TIC 364186197 P=2.38133 d: a shallow, smooth U-shaped dip of the right duration on a flat baseline, but very shallow, invisible per epoch, and on a star with a known planet at 2.2222 d only 7% away in period.",known_eb,"MarSEC_V77 (eclipsing binary EA, 74 arcsec)",4.762587 (candidate = P/2),https://vsx.aavso.org/index.php?view=api.object&ident=MarSEC_V77 ; https://arxiv.org/abs/2407.17798
381714186,,4.022697565310947,3.74303699,0.0432643307004542,8.776612068142615,2.19,0.8952787349875383,0.8571181937847259,4.51900122119086,0.1416936283182502,5268.061823691082,14,,-4.91735429078629,5.1131,0.107816,-0.0000|-0.0000|-0.0000|-0.0000|-0.0000|-0.0000|-0.0000|-0.0000|-0.0000|-0.0000|-0.0000|-0.0000|-0.0000|-0.0000|-0.0000|-0.0000|-0.0000|-0.0000|-0.0000|-0.0000|-0.0000|-0.0000|-0.0000|-0.0000|-0.0001|-0.0003|-0.0008|-0.0029|-0.0111|-0.0479|-0.2016|-0.5684|-1.0480|-1.5246|-1.9620|-2.3602|-2.7267|-3.0676|-3.3875|-3.6896|-3.9763|-4.2496|-4.5108|-4.7612|-5.0016|-5.2328|-5.4555|-5.6701|-5.8773|-6.0772|-6.2705|-6.4573|-6.6382|-6.8133|-6.9831|-7.1480|-7.3082|-7.4641|-7.6161|-7.7645|-7.9096|-8.0518|-8.1912|-8.3283|-8.4632|-9.4821|-10.4491|-11.3949|-12.3309|-13.2619|-14.1900|-15.1161|-16.0409|-16.9648|-17.8881|-18.8109|-19.7333|-20.6555|-21.5774|-22.4993,0,2,,False,,1933.948179939265,0.0865286614009084,1.4189810636632306e-05,0.0014533289088907,0.0027670961893246,0.176,0.167,True,,,5.082193|5.082193|5.051834|5.096418|4.946703|5.082193|5.312784|5.082193|5.082193|5.312784,0.0978263489501265,0.0883294470005997,0.0094969019495267,0.021510108576661,plausible,2,"TIC 381714186 P=4.0227 d: a 0.09-d box at 0.6 sigma with reasonably sharp edges, but flanked by +0.5 sigma bumps on both sides, one badly offset epoch, and only SNR 8.8.",known_planet,TOI-1839 c,4.02393854,https://exoplanetarchive.ipac.caltech.edu/overview/TOI-1839 ; https://arxiv.org/abs/2603.22597
399868187,,6.483484928404849,6.076016660789955,0.0936429311858093,11.5988280276544,5.688,1.3437108928056667,1.4138540521688152,4.264983319245005,-0.1712434013503377,7026.728446080407,17,,-5.404367268096496,6.165,0.296766,-0.0000|-0.0000|-0.0000|-0.0000|-0.0000|-0.0000|-0.0000|-0.0000|-0.0000|-0.0000|-0.0000|-0.0000|-0.0000|-0.0000|-0.0000|-0.0000|-0.0000|-0.0000|-0.0000|-0.0000|-0.0000|-0.0000|-0.0000|-0.0000|-0.0000|-0.0000|-0.0000|-0.0001|-0.0003|-0.0007|-0.0017|-0.0048|-0.0143|-0.0441|-0.1352|-0.3563|-0.7339|-1.2081|-1.6916|-2.1361|-2.5353|-2.8973|-3.2305|-3.5408|-3.8319|-4.1067|-4.3672|-4.6149|-4.8511|-5.0768|-5.2928|-5.5000|-5.6991|-5.8906|-6.0751|-6.2531|-6.4249|-6.5912|-6.7521|-6.9082|-7.0596|-7.2069|-7.3501|-7.4898|-7.6261|-8.6198|-9.5192|-10.3793|-11.2239|-12.0623|-12.8981|-13.7328|-14.5671|-15.4011|-16.2350|-17.0690|-17.9028|-18.7367|-19.5706|-20.4045,1,2,,False,,1444.0852578319843,0.1872858623716186,8.66437228692215e-06,0.002552771786814,0.0023572054308006,0.365,0.337,False,snrd,,6.020263|6.071490|6.400057|6.523380|6.059514|6.295782|5.533762|6.631092|6.049156|6.065177,0.1160125305276521,0.1089450660855316,0.0070674644421204,0.0288866041087099,not_convincing,2,"TIC 399868187 P=6.48348 d: 0.18 d depression flanked symmetrically by two positive bumps twice its amplitude, on a light curve whose individual epochs carry huge smooth trends.",known_eb,"CTOI 399868187.02, retired as an NEB on TIC 399868192",6.484910 / 6.483389,https://exofop.ipac.caltech.edu/tess/target.php?id=399868187
407156755,,0.8455721953791288,0.4155950034786065,0.0609066944417306,10.558401741813189,7.127,1.1659185840204471,1.299273475950549,4.264133774982692,-0.0337482993132696,6176.0,128,,-5.144889545706074,4.8675,0.267603,-0.0000|-0.0000|-0.0000|-0.0000|-0.0000|-0.0000|-0.0000|-0.0000|-0.0000|-0.0000|-0.0000|-0.0000|-0.0000|-0.0000|-0.0000|-0.0000|-0.0000|-0.0001|-0.0001|-0.0002|-0.0003|-0.0006|-0.0011|-0.0023|-0.0048|-0.0104|-0.0234|-0.0549|-0.1294|-0.2853|-0.5474|-0.8993|-1.2925|-1.6799|-2.0370|-2.3595|-2.6522|-2.9211|-3.1710|-3.4056|-3.6274|-3.8385|-4.0403|-4.2340|-4.4206|-4.6009|-4.7755|-4.9451|-5.1101|-5.2709|-5.4279|-5.5815|-5.7319|-5.8794|-6.0242|-6.1666|-6.3067|-6.4447|-6.5807|-6.7150|-6.8476|-6.9787|-7.1084|-7.2367|-7.3638|-8.3398|-9.2728|-10.1793|-11.0683|-11.9448|-12.8119|-13.6715|-14.5251|-15.3737|-16.2182|-17.0591|-17.8970|-18.7324|-19.5656|-20.3969,0,2,,False,,1765.1304964064682,0.1218133888834612,2.085187046146318e-06,0.004022491493997,0.0035925789410684,0.432,0.415,True,,,4.748403|5.059735|4.883964|5.270049|4.782933|4.792114|4.595122|4.986579|5.217085|4.339064,0.5895896376717844,0.5881031419154115,0.0014864957563729,0.1440603056121586,plausible,2,TIC 407156755 P=0.84557 d: a fairly sharp-ingress but round-bottomed ~3-hr dip that is long for a 0.85-d period and sits in a broad depression with clear out-of-transit modulation at the same period.,known_eb,"Gaia DR3 528794797236039040 (eclipsing binary, 37.4 arcsec)",1.6911300 (candidate = P/2),https://vizier.cds.unistra.fr/viz-bin/VizieR-3?-source=I/358/veb ; https://www.aavso.org/vsx/
408094424,,0.5649211311072622,0.0359452810987595,0.0362279698583447,9.003871927534124,4.686,1.6480406467413091,2.4743301788748364,3.858615814290913,-0.0036907756516291,6790.707190038112,336,,-4.196079402854444,4.6508,0.278704,-0.0000|-0.0000|-0.0000|-0.0000|-0.0000|-0.0000|-0.0000|-0.0000|-0.0000|-0.0000|-0.0000|-0.0000|-0.0000|-0.0000|-0.0000|-0.0001|-0.0001|-0.0001|-0.0003|-0.0005|-0.0009|-0.0017|-0.0033|-0.0066|-0.0139|-0.0309|-0.0715|-0.1611|-0.3232|-0.5676|-0.8814|-1.2284|-1.5704|-1.8856|-2.1696|-2.4266|-2.6625|-2.8821|-3.0887|-3.2847|-3.4718|-3.6513|-3.8240|-3.9907|-4.1521|-4.3085|-4.4605|-4.6083|-4.7524|-4.8928|-5.0300|-5.1640|-5.2951|-5.4234|-5.5491|-5.6723|-5.7931|-5.9117|-6.0282|-6.1426|-6.2551|-6.3658|-6.4747|-6.5819|-6.6874|-7.4782|-8.2018|-8.8797|-9.5265|-10.1522|-10.7636|-11.3654|-11.9607|-12.5515|-13.1394|-13.7253|-14.3098|-14.8934|-15.4763|-16.0588,0,2,,False,,2825.299382737918,0.0724559397166894,1.0305295359949889e-06,0.0011097673067661,0.0012769978648438,0.331,0.324,False,sharp_freq|fold_shape,,4.467573|4.290582|4.470339|4.335456|4.920511|4.995325|5.045601|4.766822|4.365943|4.849563,0.85497320284797,0.506624161378092,0.348349041469878,0.1282585049963941,not_convincing,3,"TIC 408094424 P=0.56492 d: two unequal smooth V-shaped minima half a period apart with broad maxima in between, plus a harmonic candidate at exactly P/2 - an eclipsing/ellipsoidal binary light curve, not a transit.",known_eb,"Gaia DR3 2217504018791519488 (eclipsing binary, 34.6 arcsec)",0.564933,https://vizier.cds.unistra.fr/viz-bin/VizieR-3?-source=I/358/veb
429036977,,3.2440460070674217,1.3518692136015642,0.0239354590786456,22.177726697883333,11.295,,,,,5757.3,13,,-4.325581830213706,10.9642,0.734361,0.0000|0.0000|0.0000|-0.0000|-0.0000|-0.0000|-0.0000|-0.0000|-0.0000|-0.0000|-0.0000|-0.0000|-0.0000|-0.0000|-0.0000|-0.0000|-0.0000|-0.0000|-0.0000|-0.0000|-0.0000|-0.0000|-0.0000|-0.0000|-0.0000|-0.0000|-0.0000|-0.0000|-0.0000|-0.0000|-0.0000|-0.0000|-0.0001|-0.0001|-0.0001|-0.0002|-0.0003|-0.0003|-0.0004|-0.0005|-0.0006|-0.0008|-0.0010|-0.0016|-0.0031|-0.0081|-0.0260|-0.0861|-0.2434|-0.5352|-0.9302|-1.3537|-1.7481|-2.0992|-2.4127|-2.6948|-2.9489|-3.1769|-3.3796|-3.5581|-3.7140|-3.8494|-3.9670|-4.0699|-4.1607|-4.6742|-5.0702|-5.4342|-5.7806|-6.1144|-6.4386|-6.7552|-7.0657|-7.3712|-7.6725|-7.9703|-8.2650|-8.5571|-8.8468|-9.1345,0,2,,True,,2798.4605127151026,0.0478709181572912,4.235569025687336e-06,0.0007839041754187,0.0009667437771998,6.478,6.43,True,,,9.840340|10.245023|11.051315|11.848564|11.338526|10.885079|10.903081|12.473644|10.613234|10.443443,0.0605421616965973,0.0603399203347317,0.0002022413618655,0.0147565472416237,convincing,3,TIC 429036977 P=3.24405 d: deep (3-4 sigma) narrow V-shaped eclipse repeating in ~12 individual epochs that all align; the V shape plus coherent out-of-eclipse modulation suggests an eclipsing binary rather than a planet.,known_toi_harmonic,TOI 3521.01,3.2440387,https://exofop.ipac.caltech.edu/tess/target.php?id=429036977
446463666,,1.3179148237077352,0.0902704988443239,0.0617296653206991,9.0346461775153,7.577,1.244721450769783,1.4199120287666074,4.226411558415067,-0.2812593638969605,6824.266634721175,54,,-4.081380077744503,5.395,0.353725,-0.0000|-0.0000|-0.0000|-0.0000|-0.0000|-0.0000|-0.0000|-0.0000|-0.0000|-0.0000|-0.0000|-0.0000|-0.0000|-0.0000|-0.0000|-0.0000|-0.0000|-0.0000|-0.0000|-0.0000|-0.0000|-0.0001|-0.0001|-0.0002|-0.0005|-0.0011|-0.0024|-0.0056|-0.0134|-0.0329|-0.0808|-0.1888|-0.3974|-0.7251|-1.1385|-1.5690|-1.9648|-2.3127|-2.6201|-2.8969|-3.1504|-3.3857|-3.6061|-3.8144|-4.0123|-4.2013|-4.3826|-4.5571|-4.7257|-4.8889|-5.0473|-5.2014|-5.3515|-5.4981|-5.6413|-5.7816|-5.9191|-6.0540|-6.1865|-6.3169|-6.4452|-6.5717|-6.6964|-6.8194|-6.9409|-7.8635|-8.7306|-9.5623|-10.3699|-11.1599|-11.9369|-12.7036|-13.4625|-14.2153|-14.9634|-15.7079|-16.4496|-17.1891|-17.9270|-18.6637,0,2,,False,,3014.4662973589343,0.1234593306413982,3.178332794616258e-06,0.0018395903705193,0.0026450555143338,0.587,0.557,True,,,5.864751|5.435237|4.713235|4.887465|5.432642|5.608391|5.493673|5.445203|5.857521|5.212250,0.4505548076328856,0.3989581365631536,0.0515966710697319,0.0936777767580349,plausible,2,TIC 446463666 P=1.31791 d: ragged 0.12 d dip of 0.3 sigma flanked by positive shoulders and sitting at the minimum of the star's ~1.3 d modulation.,known_eb,"Gaia DR3 5358789497895980416 (eclipsing binary, 33 arcsec)",1.317920,https://vsx.aavso.org/ ; https://vizier.cds.unistra.fr/viz-bin/VizieR-3?-source=I/358/veb
