TIC,TOI,Period,Phase,Tau,SNR,Radius_planet,Mass,Radius,logg,FEH,Teff,Number of Valid Transits,Has Visible TTVs,log10(p value),μ(SNR | null),σ(SNR | null),sm_sf_grid,Epoch,Duration,err_Period,err_Epoch,err_Duration,Radius_planet_errp,Radius_planet_errm,passed_all_tests,failed_tests,nst_samples,known_as,disposition,tfop_comment
260304296,187.01,0.5125912698366052,0.4763118049727577,0.0233002097399524,1315.033476052532,11.236,1.29505,1.50402,4.18845,-0.247267,6831.45,1896.0,False,-12.335969102820084,5.0611,0.441416,-0.0000|-0.0000|-0.0000|-0.0000|-0.0000|-0.0000|-0.0000|-0.0000|-0.0000|-0.0000|-0.0000|-0.0000|-0.0000|-0.0000|-0.0000|-0.0001|-0.0001|-0.0001|-0.0002|-0.0004|-0.0006|-0.0011|-0.0018|-0.0033|-0.0061|-0.0117|-0.0233|-0.0486|-0.1014|-0.1986|-0.3500|-0.5561|-0.8089|-1.0917|-1.3826|-1.6618|-1.9196|-2.1552|-2.3719|-2.5737|-2.7636|-2.9438|-3.1160|-3.2812|-3.4403|-3.5939|-3.7426|-3.8869|-4.0270|-4.1633|-4.2961|-4.4254|-4.5517|-4.6749|-4.7953|-4.9129|-5.0279|-5.1404|-5.2505|-5.3582|-5.4636|-5.5668|-5.6678|-5.7667|-5.8637|-6.5688|-7.1791|-7.7244|-8.2293|-8.7103|-9.1774|-9.6364|-10.0905|-10.5417|-10.9911|-11.4394|-11.8870|-12.3341|-12.7809|-13.2276,1325.7794276110417,0.0466004194799048,9.703173045713921e-09,2.880231559711504e-05,4.217767592569613e-05,0.56,0.502,False,known_eb|retired,4.868809|5.574406|5.142415|4.787540|4.838438|5.030382|5.451146|5.917553|4.517897|4.482022,,FP,v-shaped; very likely EB; TFOP APC previously retired as BEB due to chromaticity; retired as EB due to significant odd-even; actual period is 2x alerted period (
410450228,681.01,15.778506542062509,0.2405988453863527,0.050788889687362,272.7418441274266,12.762,1.54528,1.43967,4.30614,-0.160149,7896.7,33.0,False,-14.440947583354342,5.408,0.249226,-0.0000|-0.0000|-0.0000|-0.0000|-0.0000|-0.0000|-0.0000|-0.0000|-0.0000|-0.0000|-0.0000|-0.0000|-0.0000|-0.0000|-0.0000|-0.0000|-0.0000|-0.0000|-0.0000|-0.0000|-0.0000|-0.0000|-0.0000|-0.0000|-0.0001|-0.0002|-0.0006|-0.0016|-0.0043|-0.0129|-0.0410|-0.1337|-0.3813|-0.8155|-1.3346|-1.8296|-2.2636|-2.6426|-2.9805|-3.2881|-3.5720|-3.8369|-4.0856|-4.3205|-4.5431|-4.7547|-4.9566|-5.1494|-5.3340|-5.5110|-5.6810|-5.8446|-6.0022|-6.1545|-6.3018|-6.4446|-6.5834|-6.7185|-6.8504|-6.9793|-7.1056|-7.2296|-7.3516|-7.4718|-7.5903|-8.4944|-9.3608|-10.2098|-11.0485|-11.8800|-12.7060|-13.5275|-14.3455|-15.1606|-15.9734|-16.7844|-17.5939|-18.4023|-19.2098|-20.0166,1325.5769935287312,0.101577779374724,3.172995088098039e-06,0.0003152609891298,0.000388584502306,0.526,0.535,False,known_eb|retired,5.408258|5.503778|5.239036|4.822214|5.859048|5.406750|5.411921|5.458191|5.591056|5.380123,,FP,Likely EB;  likely too large to be a planet at this irradiation; low mass star (Grieves+2021); 89 +/- 2.5 M_Jup; retired as TFOP FP/SEB1
320536216,986.01,0.5476697456071014,0.2919925115019702,0.0214432973764564,198.7733120861844,8.386,1.64103,1.58076,4.25197,-0.0314187,7943.75,359.0,False,-7.507313422616665,4.8896,0.824939,-0.0000|-0.0000|-0.0000|-0.0000|-0.0000|-0.0000|-0.0000|-0.0000|-0.0000|-0.0001|-0.0001|-0.0001|-0.0002|-0.0003|-0.0004|-0.0005|-0.0008|-0.0012|-0.0017|-0.0027|-0.0043|-0.0071|-0.0125|-0.0234|-0.0464|-0.0889|-0.1531|-0.2366|-0.3366|-0.4509|-0.5782|-0.7172|-0.8658|-1.0206|-1.1768|-1.3295|-1.4752|-1.6124|-1.7415|-1.8637|-1.9804|-2.0926|-2.2012|-2.3067|-2.4095|-2.5098|-2.6080|-2.7041|-2.7984|-2.8909|-2.9818|-3.0711|-3.1589|-3.2454|-3.3305|-3.4143|-3.4969|-3.5784|-3.6587|-3.7379|-3.8161|-3.8933|-3.9696|-4.0449|-4.1193|-4.6827|-5.2046|-5.6946|-6.1600|-6.6057|-7.0358|-7.4528|-7.8588|-8.2556|-8.6442|-9.0259|-9.4015|-9.7717|-10.1373|-10.4989,1491.9473026357043,0.0428865947529128,8.780056695163542e-08,0.0002333468109039,0.0002099144027328,0.336,0.32,False,known_eb|retired,4.527600|5.574340|4.588121|4.146394|4.393451|4.048404|5.314128|6.452071|3.929819|5.921879,,FP,TFOP FP/EB/BEB; 8+ sigma odd-even from SPOC s1-s65
362709886,4420.01,4.725922927425613,1.4588383899860204,0.044992697649945,253.9277723114763,15.766,1.34187,1.78284,4.04507,0.0184854,6208.67,37.0,False,-14.695308582348284,5.2996,0.275973,-0.0000|-0.0000|-0.0000|-0.0000|-0.0000|-0.0000|-0.0000|-0.0000|-0.0000|-0.0000|-0.0000|-0.0000|-0.0000|-0.0000|-0.0000|-0.0000|-0.0000|-0.0000|-0.0000|-0.0000|-0.0000|-0.0000|-0.0001|-0.0001|-0.0003|-0.0007|-0.0017|-0.0045|-0.0125|-0.0371|-0.1101|-0.2818|-0.5777|-0.9679|-1.3890|-1.7899|-2.1523|-2.4790|-2.7776|-3.0545|-3.3141|-3.5596|-3.7932|-4.0166|-4.2312|-4.4380|-4.6380|-4.8318|-5.0200|-5.2032|-5.3817|-5.5559|-5.7261|-5.8927|-6.0558|-6.2157|-6.3726|-6.5267|-6.6781|-6.8270|-6.9735|-7.1178|-7.2600|-7.4001|-7.5384|-8.5816|-9.5508|-10.4727|-11.3640|-12.2352|-13.0930|-13.9415|-14.7837|-15.6214|-16.4558|-17.2880|-18.1185|-18.9478|-19.7762|-20.6039,1630.6332890160336,0.08998539529989,5.967918778005008e-07,0.0002667292642111,0.0002205193440579,0.669,0.679,False,known_eb|retired,5.558555|4.948975|4.901384|5.103841|5.337183|5.368890|5.835569|5.082369|5.440263|5.419037,,FP,V-shaped; ~600 ppm secondary; possible offset to N; retired as TFOP FP/EB
278866211,189.01,2.194062735630673,2.055053070268964,0.028135594221797,529.2210903207476,7.918,1.0527,1.04439,4.41993,-0.210226,6159.26,370.0,False,-21.993948864088186,5.5364,0.141007,-0.0000|-0.0000|-0.0000|-0.0000|-0.0000|-0.0000|-0.0000|-0.0000|-0.0000|-0.0000|-0.0000|-0.0000|-0.0000|-0.0000|-0.0000|-0.0000|-0.0000|-0.0000|-0.0000|-0.0000|-0.0000|-0.0000|-0.0000|-0.0000|-0.0000|-0.0000|-0.0001|-0.0004|-0.0013|-0.0043|-0.0157|-0.0625|-0.2342|-0.6253|-1.1460|-1.6566|-2.1110|-2.5146|-2.8801|-3.2168|-3.5307|-3.8260|-4.1056|-4.3718|-4.6266|-4.8713|-5.1072|-5.3356|-5.5572|-5.7730|-5.9837|-6.1899|-6.3921|-6.5909|-6.7867|-6.9797|-7.1704|-7.3590|-7.5456|-7.7306|-7.9141|-8.0962|-8.2771|-8.4569|-8.6356|-10.0290|-11.3877|-12.7235|-14.0429|-15.3496|-16.6465|-17.9355|-19.2183|-20.4961|-21.7698|-23.0401|-24.3077|-25.5731|-26.8366|-28.0985,1327.3578580028184,0.056271188443594,1.2329963137849464e-07,8.460614961959888e-05,0.0001206986860788,0.385,0.354,False,known_eb|retired,5.695399|5.351406|5.393869|5.622417|5.564382|5.520105|5.331929|5.537031|5.549124|5.798301,,FP,v-shaped; retired as TFOP EB/BEB
131081852,758.01,13.273590823157654,4.388786262558763,0.1182792426095136,347.8621888726935,19.518,1.12187,1.23203,4.29584,-0.0129994,6072.0,8.0,False,-13.189466614308571,7.533,0.443735,-0.0000|-0.0000|-0.0000|-0.0000|-0.0000|-0.0000|-0.0000|-0.0000|-0.0000|-0.0000|-0.0000|-0.0000|-0.0000|-0.0000|-0.0000|-0.0000|-0.0000|-0.0000|-0.0000|-0.0000|-0.0000|-0.0000|-0.0000|-0.0000|-0.0000|-0.0000|-0.0000|-0.0000|-0.0000|-0.0000|-0.0001|-0.0001|-0.0002|-0.0005|-0.0012|-0.0029|-0.0075|-0.0211|-0.0634|-0.1783|-0.4046|-0.7317|-1.1105|-1.4842|-1.8226|-2.1248|-2.3989|-2.6521|-2.8890|-3.1127|-3.3253|-3.5285|-3.7235|-3.9112|-4.0925|-4.2680|-4.4383|-4.6038|-4.7650|-4.9221|-5.0756|-5.2257|-5.3727|-5.5168|-5.6581|-6.7035|-7.6484|-8.5291|-9.3681|-10.1797|-10.9726|-11.7526|-12.5231|-13.2865|-14.0445|-14.7981|-15.5483|-16.2956|-17.0406|-17.7835,1575.7449812366683,0.2365584852190272,1.6384268973107524e-06,0.0001931563312847,0.0002647642789201,15.605,15.66,False,known_eb|retired,8.045582|7.757947|7.527405|7.272591|7.263605|7.695493|7.156854|7.296467|8.450867|6.862977,,FP,Possible EB; ~1000 ppm eccentric secondary near ~0.4 phase; retired as TFOP FP/EB
38680052,2208.01,0.6743458707639814,0.1544432504509967,0.0127423047913129,337.5317664311668,10.108,0.279135,0.311242,4.89805,0.0394629,3277.45,923.0,False,-14.0734279548099,5.2172,0.232957,-0.0000|-0.0000|-0.0000|-0.0000|-0.0000|-0.0000|-0.0000|-0.0000|-0.0000|-0.0000|-0.0000|-0.0000|-0.0000|-0.0000|-0.0000|-0.0000|-0.0000|-0.0000|-0.0000|-0.0000|-0.0000|-0.0001|-0.0001|-0.0003|-0.0006|-0.0012|-0.0029|-0.0072|-0.0191|-0.0548|-0.1603|-0.3924|-0.7429|-1.1506|-1.5560|-1.9301|-2.2688|-2.5774|-2.8618|-3.1267|-3.3753|-3.6099|-3.8323|-4.0438|-4.2456|-4.4384|-4.6232|-4.8005|-4.9710|-5.1351|-5.2934|-5.4464|-5.5945|-5.7381|-5.8775|-6.0132|-6.1454|-6.2745|-6.4007|-6.5244|-6.6457|-6.7648|-6.8821|-6.9976|-7.1116|-7.9768|-8.7982|-9.5977|-10.3849|-11.1645|-11.9388|-12.7093|-13.4770|-14.2424|-15.0059|-15.7679|-16.5287|-17.2885|-18.0473|-18.8053,2036.4443008367748,0.0254846095826258,4.314079928483024e-08,8.120783329251166e-05,9.99912847119814e-05,1.796,1.776,False,known_eb|retired,5.001287|5.418432|4.941429|5.349316|5.219351|5.249182|5.050623|4.982365|5.215566|5.744597,,FP,V-shaped; 7+ sigma odd-even in both TEC plots for spoc-s1-s69; retired TFOP FP/SEB1
176772671,2603.01,1.332648594585642,1.2947377752765417,0.0266535369393645,121.85653526346408,11.822,0.579044,0.604442,4.6365,-0.0815816,3930.73,64.0,False,-11.64481162596928,5.0007,0.287251,-0.0000|-0.0000|-0.0000|-0.0000|-0.0000|-0.0000|-0.0000|-0.0000|-0.0000|-0.0000|-0.0000|-0.0000|-0.0000|-0.0000|-0.0000|-0.0000|-0.0000|-0.0000|-0.0000|-0.0000|-0.0001|-0.0001|-0.0003|-0.0006|-0.0015|-0.0036|-0.0090|-0.0245|-0.0700|-0.1859|-0.4027|-0.7113|-1.0714|-1.4333|-1.7670|-2.0678|-2.3416|-2.5949|-2.8323|-3.0567|-3.2704|-3.4748|-3.6711|-3.8603|-4.0431|-4.2201|-4.3919|-4.5589|-4.7216|-4.8803|-5.0353|-5.1869|-5.3354|-5.4809|-5.6237|-5.7640|-5.9020|-6.0377|-6.1713|-6.3031|-6.4329|-6.5611|-6.6876|-6.8126|-6.9361|-7.8741|-8.7510|-9.5851|-10.3892|-11.1725|-11.9416|-12.7008|-13.4530|-14.2001|-14.9434|-15.6839|-16.4222|-17.1588|-17.8940|-18.6281,2257.154605682115,0.053307073878729,2.9256329963630774e-07,0.0002580505080211,0.0003061129420564,0.598,0.581,False,known_eb|retired,4.851905|5.180242|5.530554|5.160490|4.796602|4.690781|4.607451|5.388672|4.926460|4.873849,,FP,possibly synchronized; EB NGTS J0930-18 b (https://arxiv.org/abs/2008.07354); 85 Mjup; retired as TFOP FP/SEB1
283015592,4000.01,3.702716713656396,0.6668160767180137,0.0710176161221174,109.63006159612272,18.978,1.78865,1.60044,4.27107,-0.0334049,8461.26,31.0,False,-11.750747426753264,5.186,0.293571,-0.0000|-0.0000|-0.0000|-0.0000|-0.0000|-0.0000|-0.0000|-0.0000|-0.0000|-0.0000|-0.0000|-0.0000|-0.0000|-0.0000|-0.0000|-0.0000|-0.0000|-0.0000|-0.0000|-0.0000|-0.0000|-0.0001|-0.0001|-0.0003|-0.0007|-0.0016|-0.0037|-0.0095|-0.0261|-0.0745|-0.1939|-0.4158|-0.7416|-1.1344|-1.5359|-1.9057|-2.2352|-2.5316|-2.8032|-3.0561|-3.2941|-3.5199|-3.7352|-3.9415|-4.1396|-4.3305|-4.5149|-4.6932|-4.8660|-5.0337|-5.1968|-5.3555|-5.5103|-5.6613|-5.8089|-5.9533|-6.0948|-6.2336|-6.3699|-6.5039|-6.6357|-6.7656|-6.8936|-7.0200|-7.1448|-8.0936|-8.9891|-9.8519|-10.6929|-11.5183|-12.3321|-13.1368|-13.9344|-14.7263|-15.5136|-16.2972|-17.0777|-17.8557|-18.6316|-19.4058,2854.0284537799635,0.1420352322442348,3.8101547912544406e-06,0.0004632113009651,0.0006934616276916,0.842,0.684,False,known_eb|retired,5.032565|5.569113|5.364023|4.917124|5.445088|5.000303|5.610349|4.850023|5.307714|4.763915,,FP,found in faint-star QLP search; retired as TFOP FP/SEB1
161223358,2415.01,0.5153661292813672,0.1633344278192965,0.0188200594521349,138.6870301207363,12.573,0.537923,0.567239,4.65836,-0.152214,3815.55,284.0,False,-7.551003726912081,5.2273,0.825884,-0.0000|-0.0000|-0.0000|-0.0000|-0.0000|-0.0000|-0.0000|-0.0000|-0.0000|-0.0000|-0.0000|-0.0000|-0.0000|-0.0000|-0.0001|-0.0001|-0.0002|-0.0003|-0.0004|-0.0006|-0.0010|-0.0017|-0.0030|-0.0054|-0.0101|-0.0202|-0.0417|-0.0841|-0.1536|-0.2512|-0.3738|-0.5164|-0.6735|-0.8397|-1.0096|-1.1786|-1.3431|-1.5010|-1.6516|-1.7954|-1.9330|-2.0652|-2.1929|-2.3166|-2.4367|-2.5536|-2.6675|-2.7787|-2.8875|-2.9939|-3.0981|-3.2002|-3.3004|-3.3987|-3.4953|-3.5902|-3.6835|-3.7752|-3.8656|-3.9545|-4.0421|-4.1284|-4.2134|-4.2973|-4.3800|-5.0019|-5.5715|-6.1019|-6.6030|-7.0818|-7.5438|-7.9930|-8.4321|-8.8633|-9.2884|-9.7084|-10.1244|-10.5370|-10.9468|-11.3542,2062.022778400346,0.0376401189042698,6.453963531729274e-08,0.0002245607644879,0.0002034353222167,0.823,0.803,False,known_eb|retired,4.776018|7.061787|4.362547|5.368456|5.498018|6.262379|4.837714|4.662609|4.298895|5.144468,,FP,~7000 ppm secondary and phase modulations in SPOC s1-s69; retired as TFOP FP/EB
340700241,2944.01,7.792052557507338,3.133816934598868,0.0439082470309539,84.99001433285731,17.995,1.24515,1.29701,4.29932,-0.239774,6716.03,27.0,False,-12.84512579386216,5.0446,0.211885,-0.0000|-0.0000|-0.0000|-0.0000|-0.0000|-0.0000|-0.0000|-0.0000|-0.0000|-0.0000|-0.0000|-0.0000|-0.0000|-0.0000|-0.0000|-0.0000|-0.0000|-0.0000|-0.0000|-0.0000|-0.0000|-0.0001|-0.0001|-0.0003|-0.0007|-0.0016|-0.0044|-0.0126|-0.0386|-0.1190|-0.3136|-0.6469|-1.0727|-1.5147|-1.9252|-2.2943|-2.6282|-2.9349|-3.2205|-3.4891|-3.7436|-3.9862|-4.2185|-4.4418|-4.6571|-4.8654|-5.0674|-5.2636|-5.4546|-5.6409|-5.8229|-6.0010|-6.1754|-6.3466|-6.5146|-6.6799|-6.8425|-7.0028|-7.1608|-7.3167|-7.4708|-7.6230|-7.7736|-7.9227|-8.0703|-9.2030|-10.2829|-11.3280|-12.3489|-13.3519|-14.3417|-15.3215|-16.2938|-17.2605|-18.2231|-19.1825|-20.1396|-21.0950|-22.0491|-23.0023,2967.139811860509,0.0878164940619078,9.212615756645772e-06,0.0007730646209557,0.0010356427598682,0.988,0.95,False,known_eb|retired,5.280904|5.285796|4.814517|4.988700|4.873082|5.301459|4.698650|4.865528|5.191090|5.145947,,FP,found in faint-star QLP search; ~2000-3000 ppm secondary in SPOC s1-s65 at half phase; retired as TFOP FP/EB
40055053,5240.01,4.179305730525537,4.009932899630304,0.1077416242706926,83.90993979135125,16.573,1.8428,2.15065,4.02985,0.0131511,7911.96,24.0,False,-12.28041650044691,4.9628,0.21696,-0.0000|-0.0000|-0.0000|-0.0000|-0.0000|-0.0000|-0.0000|-0.0000|-0.0000|-0.0000|-0.0000|-0.0000|-0.0000|-0.0000|-0.0000|-0.0000|-0.0000|-0.0000|-0.0000|-0.0000|-0.0000|-0.0001|-0.0002|-0.0004|-0.0010|-0.0026|-0.0070|-0.0202|-0.0614|-0.1777|-0.4226|-0.7943|-1.2310|-1.6647|-2.0616|-2.4183|-2.7420|-3.0400|-3.3179|-3.5795|-3.8274|-4.0637|-4.2898|-4.5070|-4.7162|-4.9181|-5.1135|-5.3029|-5.4867|-5.6655|-5.8395|-6.0093|-6.1750|-6.3370|-6.4957|-6.6511|-6.8037|-6.9535|-7.1009|-7.2460|-7.3889|-7.5299|-7.6692|-7.8067|-7.9427|-8.9820|-9.9699|-10.9265|-11.8619|-12.7817|-13.6897|-14.5885|-15.4799|-16.3657|-17.2469|-18.1245|-18.9994|-19.8720|-20.7429|-21.6125,2424.0098471305782,0.2154832485413852,4.301043708704868e-06,0.0008542371641692,0.0009824133847593,0.622,0.409,False,retired,4.754300|4.880447|4.575595|5.169564|4.861207|4.765240|5.162607|5.044169|5.285143|5.130085,,FP,found in faint-star QLP search
126733133,570.01,1.468711611462794,1.1216094785613469,0.0167594407408842,74.4475345075451,5.492,1.15397,1.23905,4.306,-0.00660977,6178.38,125.0,False,-12.943300388306662,5.1169,0.219121,-0.0000|-0.0000|-0.0000|-0.0000|-0.0000|-0.0000|-0.0000|-0.0000|-0.0000|-0.0000|-0.0000|-0.0000|-0.0000|-0.0000|-0.0000|-0.0000|-0.0000|-0.0000|-0.0000|-0.0000|-0.0000|-0.0000|-0.0001|-0.0002|-0.0005|-0.0013|-0.0033|-0.0090|-0.0256|-0.0754|-0.2124|-0.5058|-0.9486|-1.4439|-1.9107|-2.3253|-2.6933|-3.0253|-3.3294|-3.6113|-3.8750|-4.1234|-4.3590|-4.5836|-4.7987|-5.0056|-5.2054|-5.3990|-5.5873|-5.7709|-5.9504|-6.1263|-6.2991|-6.4691|-6.6366|-6.8020|-6.9655|-7.1272|-7.2873|-7.4461|-7.6036|-7.7599|-7.9152|-8.0695|-8.2230|-9.4184|-10.5821|-11.7243|-12.8505|-13.9646|-15.0691|-16.1660|-17.2569|-18.3430|-19.4252|-20.5041|-21.5803|-22.6542|-23.7262|-24.7963,1518.9193408179603,0.0335188814817684,3.9141362631957373e-07,0.0004001585298627,0.0004995048441677,0.274,0.285,False,known_eb|retired,5.207613|5.071923|5.034674|5.359278|5.339451|5.113312|5.270408|4.935680|4.587064|5.249971,,FP,V-shaped; crowded field; retired as TFOP FP/EB due to 5+ sigma odd-even in spoc-s1-s65 report
63013648,5547.01,19.631523628108184,16.063891787024858,0.0463621945152785,73.78427835180337,9.087,0.970716,0.976132,4.4386,0.085898,5607.22,6.0,False,-10.434252586581865,6.0248,0.27955,-0.0000|-0.0000|-0.0000|-0.0000|-0.0000|-0.0000|-0.0000|-0.0000|-0.0000|-0.0000|-0.0000|-0.0000|-0.0000|-0.0000|-0.0000|-0.0000|-0.0000|-0.0000|-0.0000|-0.0000|-0.0000|-0.0000|-0.0000|-0.0000|-0.0000|-0.0000|-0.0001|-0.0001|-0.0004|-0.0009|-0.0024|-0.0070|-0.0225|-0.0781|-0.2410|-0.5500|-0.9605|-1.3874|-1.7735|-2.1122|-2.4152|-2.6924|-2.9501|-3.1922|-3.4214|-3.6395|-3.8480|-4.0480|-4.2403|-4.4257|-4.6049|-4.7783|-4.9465|-5.1099|-5.2689|-5.4238|-5.5750|-5.7228|-5.8674|-6.0091|-6.1482|-6.2848|-6.4192|-6.5516|-6.6821|-7.6699|-8.6014|-9.5027|-10.3859|-11.2572|-12.1202|-12.9769|-13.8287|-14.6766|-15.5213|-16.3632|-17.2027|-18.0403|-18.8761|-19.7104,2516.533563208071,0.092724389030557,2.492583437137404e-05,0.0007994611501851,0.0010896849624651,0.561,0.544,False,retired,6.278319|5.922954|5.971315|6.577492|5.840099|5.917356|6.321895|5.661635|6.090043|5.666418,,FP,odd-even; V-shaped; Rv error ~2.77 km/s
180987952,581.01,1.3891691011412686,0.7242456126229231,0.0319202309595014,63.54549669752189,5.088,1.49514,1.60803,4.19695,-0.111741,10585.0,115.0,False,-11.246233166946771,4.8301,0.246373,-0.0000|-0.0000|-0.0000|-0.0000|-0.0000|-0.0000|-0.0000|-0.0000|-0.0000|-0.0000|-0.0000|-0.0000|-0.0000|-0.0000|-0.0000|-0.0000|-0.0000|-0.0000|-0.0000|-0.0001|-0.0001|-0.0002|-0.0005|-0.0012|-0.0028|-0.0070|-0.0186|-0.0521|-0.1431|-0.3380|-0.6486|-1.0344|-1.4332|-1.8039|-2.1371|-2.4380|-2.7140|-2.9706|-3.2117|-3.4401|-3.6577|-3.8662|-4.0667|-4.2604|-4.4479|-4.6300|-4.8074|-4.9805|-5.1497|-5.3155|-5.4782|-5.6381|-5.7954|-5.9505|-6.1034|-6.2543|-6.4035|-6.5510|-6.6971|-6.8417|-6.9850|-7.1271|-7.2680|-7.4079|-7.5468|-8.6218|-9.6567|-10.6633|-11.6490|-12.6188|-13.5767|-14.5256|-15.4676|-16.4042|-17.3367|-18.2661|-19.1928|-20.1174|-21.0404|-21.9619,1518.6062219750447,0.0638404619190028,7.154535968689478e-07,0.0007833778372268,0.0008556050862819,0.2,0.179,False,known_eb|retired,4.670037|4.987164|4.868142|4.824535|4.517494|4.472335|5.079899|4.885231|5.320353|4.676076,,FP,slightly v-shaped; 4+ sigma odd-even; retired as TFOP FP/EB
83275782,5467.01,2.657097907217978,2.09253188855952,0.0456748244296699,63.38808298071173,11.257,1.28815,1.53422,4.16229,-0.0771613,6454.0,41.0,False,-7.680984660748636,5.2224,0.511863,-0.0000|-0.0000|-0.0000|-0.0000|-0.0000|-0.0000|-0.0000|-0.0000|-0.0000|-0.0000|-0.0000|-0.0000|-0.0000|-0.0000|-0.0000|-0.0000|-0.0000|-0.0000|-0.0001|-0.0001|-0.0002|-0.0004|-0.0007|-0.0013|-0.0026|-0.0054|-0.0117|-0.0271|-0.0619|-0.1275|-0.2350|-0.3956|-0.6155|-0.8874|-1.1847|-1.4722|-1.7283|-1.9521|-2.1515|-2.3335|-2.5029|-2.6626|-2.8147|-2.9605|-3.1009|-3.2366|-3.3682|-3.4962|-3.6208|-3.7425|-3.8614|-3.9778|-4.0918|-4.2036|-4.3134|-4.4213|-4.5274|-4.6318|-4.7347|-4.8360|-4.9358|-5.0343|-5.1315|-5.2275|-5.3223|-6.0399|-6.7058|-7.3327|-7.9294|-8.5020|-9.0552|-9.5924|-10.1166|-10.6302|-11.1350|-11.6326|-12.1244|-12.6115|-13.0947|-13.5747,2476.268711837037,0.0913496488593398,2.4345039731996203e-06,0.0004715435876129,0.000734406584656,0.575,0.533,False,retired,5.582066|5.327027|5.497163|5.199654|4.557868|6.050451|4.569705|4.575431|5.018059|5.846989,,FP,found in faint-star QLP search
231076038,2618.01,8.24996242813426,1.4467402959566211,0.0460017752417518,69.72915839420251,6.996,1.38713,1.47767,4.23507,-0.179047,7113.48,117.0,False,-10.3614876760856,5.5333,0.311923,-0.0000|-0.0000|-0.0000|-0.0000|-0.0000|-0.0000|-0.0000|-0.0000|-0.0000|-0.0000|-0.0000|-0.0000|-0.0000|-0.0000|-0.0000|-0.0000|-0.0000|-0.0000|-0.0000|-0.0000|-0.0000|-0.0000|-0.0000|-0.0001|-0.0002|-0.0004|-0.0010|-0.0022|-0.0055|-0.0144|-0.0391|-0.1058|-0.2586|-0.5341|-0.9246|-1.3729|-1.8124|-2.2096|-2.5626|-2.8802|-3.1706|-3.4397|-3.6914|-3.9284|-4.1528|-4.3660|-4.5692|-4.7633|-4.9492|-5.1274|-5.2988|-5.4638|-5.6229|-5.7766|-5.9254|-6.0696|-6.2098|-6.3461|-6.4790|-6.6087|-6.7356|-6.8598|-6.9816|-7.1012|-7.2188|-8.0989|-8.9150|-9.6948|-10.4525|-11.1959|-11.9299|-12.6574|-13.3804|-14.1002|-14.8176|-15.5334|-16.2480|-16.9616|-17.6746|-18.3871,1326.78483180761,0.0920035504835036,4.30287927028704e-06,0.0009167227934939,0.0008739663541792,0.322,0.322,False,known_eb|retired,5.466486|5.603826|5.474388|4.959641|5.708402|5.929026|5.189792|5.247635|5.813455|5.940264,,FP,found in faint-star QLP search; slight odd-even; consistent offset near TIC 231076041 (Tmag~16.4) in spoc-s01-s69; retired as TFOP FP/NEB
70785910,348.01,0.4947927588713289,0.2327532624671022,0.0185505943505821,67.60420732816961,9.278,1.13037,1.46178,4.15342,0.0941974,5916.16,174.0,False,-12.011205653608286,5.1421,0.188835,-0.0000|-0.0000|-0.0000|-0.0000|-0.0000|-0.0000|-0.0000|-0.0000|-0.0000|-0.0000|-0.0000|-0.0000|-0.0000|-0.0000|-0.0000|-0.0000|-0.0000|-0.0000|-0.0000|-0.0000|-0.0000|-0.0001|-0.0001|-0.0002|-0.0005|-0.0012|-0.0031|-0.0081|-0.0229|-0.0697|-0.2083|-0.5012|-0.9183|-1.3725|-1.8027|-2.1906|-2.5396|-2.8576|-3.1512|-3.4251|-3.6827|-3.9267|-4.1589|-4.3810|-4.5942|-4.7996|-4.9981|-5.1904|-5.3772|-5.5590|-5.7365|-5.9100|-6.0799|-6.2465|-6.4103|-6.5714|-6.7301|-6.8866|-7.0412|-7.1939|-7.3450|-7.4946|-7.6429|-7.7898|-7.9355|-9.0616|-10.1455|-11.2009|-12.2348|-13.2521|-14.2562|-15.2501|-16.2360|-17.2159|-18.1912|-19.1630|-20.1321|-21.0994|-22.0651|-23.0298,1354.3666802659902,0.0371011887011642,1.520827508978873e-07,0.0004777335345492,0.0007301837050759,0.476,0.473,False,known_eb|retired,5.002567|5.168095|4.843029|5.103036|4.974673|5.377047|5.495686|5.244599|4.996440|5.216220,,FP,a/Rs < 2; 5+ sigma odd-even in s1-s69 SPOC TEC plots; retired as TFOP FP/EB
38603673,459.01,4.429123692072259,3.5535195053369546,0.0156135376769206,86.47331072265615,6.772,1.34253,1.92688,3.97917,-0.421587,6742.45,203.0,False,-10.837870948345891,5.1977,0.371741,-0.0000|-0.0000|-0.0000|-0.0000|-0.0000|-0.0000|-0.0000|-0.0000|-0.0000|-0.0000|-0.0000|-0.0000|-0.0000|-0.0000|-0.0000|-0.0000|-0.0000|-0.0000|-0.0000|-0.0000|-0.0000|-0.0001|-0.0001|-0.0003|-0.0006|-0.0014|-0.0035|-0.0095|-0.0289|-0.0912|-0.2362|-0.4658|-0.7545|-1.0728|-1.3912|-1.6900|-1.9648|-2.2192|-2.4580|-2.6843|-2.9007|-3.1085|-3.3089|-3.5027|-3.6908|-3.8735|-4.0515|-4.2251|-4.3947|-4.5605|-4.7229|-4.8820|-5.0382|-5.1916|-5.3423|-5.4905|-5.6365|-5.7802|-5.9219|-6.0615|-6.1994|-6.3354|-6.4698|-6.6025|-6.7338|-7.7304|-8.6608|-9.5427|-10.3886|-11.2077|-12.0067|-12.7907|-13.5634|-14.3274|-15.0849|-15.8373|-16.5858|-17.3313|-18.0744|-18.8156,1328.8913362497058,0.0312270753538412,1.0760736374932753e-06,0.0004679281573429,0.0006066275721475,0.221,0.247,False,known_eb|retired,5.611962|5.078259|5.209317|5.894115|5.666869|4.783634|4.764710|5.013736|4.997886|4.956687,,FP,synchronized to variability; same period as Gaia SB1; retired as TFOP FP/EB
237101326,4051.01,1.5373950458462748,0.970986520504861,0.0249534639954507,53.463477557636125,4.826,0.892708,0.909124,4.46617,0.172043,5311.5,353.0,False,-8.229012559484095,4.9883,0.308603,-0.0000|-0.0000|-0.0000|-0.0000|-0.0000|-0.0000|-0.0000|-0.0000|-0.0000|-0.0000|-0.0000|-0.0000|-0.0000|-0.0000|-0.0000|-0.0000|-0.0000|-0.0000|-0.0000|-0.0000|-0.0001|-0.0001|-0.0003|-0.0006|-0.0013|-0.0033|-0.0088|-0.0251|-0.0744|-0.2001|-0.4292|-0.7401|-1.0866|-1.4280|-1.7446|-2.0342|-2.3012|-2.5500|-2.7840|-3.0055|-3.2162|-3.4174|-3.6100|-3.7947|-3.9722|-4.1428|-4.3071|-4.4653|-4.6177|-4.7645|-4.9059|-5.0422|-5.1734|-5.2999|-5.4218|-5.5393|-5.6526|-5.7621|-5.8678|-5.9700|-6.0690|-6.1650|-6.2582|-6.3489|-6.4372|-7.0783|-7.6543|-8.2000|-8.7305|-9.2523|-9.7690|-10.2824|-10.7936|-11.3032|-11.8118|-12.3197|-12.8271|-13.3341|-13.8408|-14.3474,1739.640512909007,0.0499069279909014,1.2204023604429812e-06,0.0010903413863884,0.0007923971995827,0.341,0.323,False,known_eb|retired,4.829187|4.567939|5.698637|5.098152|4.919667|5.301387|5.016079|4.984347|4.718060|4.749265,,FP,V-shaped; found in faint-star QLP search; SPOC s14-s78 shows a 6 odd/even depth difference; retired as TFOP FP/EB
100099031,353.01,1.2979939783750891,0.1488543184019196,0.0360009044854936,78.08723698270813,26.112,0.787282,0.77056,4.55976,0.00504521,4965.0,98.0,False,-8.944485175077869,4.9421,0.373896,-0.0000|-0.0000|-0.0000|-0.0000|-0.0000|-0.0000|-0.0000|-0.0000|-0.0000|-0.0000|-0.0000|-0.0000|-0.0000|-0.0000|-0.0000|-0.0000|-0.0000|-0.0000|-0.0001|-0.0001|-0.0002|-0.0005|-0.0009|-0.0018|-0.0039|-0.0086|-0.0206|-0.0527|-0.1283|-0.2643|-0.4668|-0.7342|-1.0457|-1.3621|-1.6517|-1.9076|-2.1365|-2.3465|-2.5428|-2.7286|-2.9060|-3.0762|-3.2404|-3.3991|-3.5530|-3.7025|-3.8481|-3.9900|-4.1285|-4.2639|-4.3963|-4.5259|-4.6529|-4.7775|-4.8997|-5.0197|-5.1375|-5.2534|-5.3673|-5.4794|-5.5897|-5.6983|-5.8054|-5.9108|-6.0148|-6.7952|-7.5089|-8.1742|-8.8044|-9.4093|-9.9958|-10.5687|-11.1315|-11.6865|-12.2357|-12.7803|-13.3214|-13.8597|-14.3958|-14.9303,2088.396195127485,0.0720018089709872,5.386889635423448e-07,0.0006488921742571,0.0009416259578711,9.966,9.978,False,known_eb|retired,4.498634|5.344351|5.514769|5.312911|4.550022|4.709359|4.651279|5.291164|5.002018|4.546934,,FP,Too large radius for a planet; 3 sigma odd-even in multisector report; retired as TFOP FP/EB
419858461,3165.01,2.543601965018357,0.850848511961628,0.0474557152204856,85.6432541812145,23.764,1.05282,1.04582,4.4168,-0.152715,6089.02,36.0,False,-12.030909726025827,5.3603,0.262044,-0.0000|-0.0000|-0.0000|-0.0000|-0.0000|-0.0000|-0.0000|-0.0000|-0.0000|-0.0000|-0.0000|-0.0000|-0.0000|-0.0000|-0.0000|-0.0000|-0.0000|-0.0000|-0.0000|-0.0000|-0.0000|-0.0000|-0.0000|-0.0001|-0.0001|-0.0003|-0.0008|-0.0023|-0.0069|-0.0222|-0.0751|-0.2280|-0.5203|-0.9033|-1.3034|-1.6786|-2.0206|-2.3341|-2.6252|-2.8983|-3.1564|-3.4018|-3.6361|-3.8606|-4.0763|-4.2841|-4.4847|-4.6787|-4.8669|-5.0496|-5.2274|-5.4008|-5.5700|-5.7356|-5.8977|-6.0568|-6.2131|-6.3669|-6.5183|-6.6676|-6.8150|-6.9606|-7.1046|-7.2471|-7.3882|-8.4730|-9.5130|-10.5260|-11.5213|-12.5041|-13.4776|-14.4440|-15.4046|-16.3607|-17.3128|-18.2617|-19.2079|-20.1517|-21.0933|-22.0331,3041.972924211958,0.0949114304409712,2.381814989672002e-06,0.0007102128027784,0.0010680979729624,1.173,0.998,False,known_eb|retired,5.547657|5.259142|5.997232|5.226359|4.995299|5.465196|5.098829|5.306276|5.386098|5.321147,,FP,found in faint-star QLP search; Rp ~ 29 Re in spoc-s1-s65; retired as TFOP FP/EB
142087638,2404.02,74.60677736834555,9.819733366824972,0.0740854014581835,53.71979813213376,5.849,1.12944,1.14086,4.37162,-0.0638039,6198.19,13.0,False,-9.616973661551008,5.4234,0.188189,-0.0000|-0.0000|-0.0000|-0.0000|-0.0000|-0.0000|-0.0000|-0.0000|-0.0000|-0.0000|-0.0000|-0.0000|-0.0000|-0.0000|-0.0000|-0.0000|-0.0000|-0.0000|-0.0000|-0.0000|-0.0000|-0.0000|-0.0000|-0.0000|-0.0000|-0.0001|-0.0003|-0.0008|-0.0023|-0.0075|-0.0271|-0.1067|-0.3715|-0.9082|-1.5258|-2.0413|-2.4533|-2.7984|-3.0999|-3.3705|-3.6174|-3.8456|-4.0582|-4.2577|-4.4460|-4.6247|-4.7950|-4.9580|-5.1144|-5.2651|-5.4108|-5.5520|-5.6891|-5.8227|-5.9530|-6.0804|-6.2051|-6.3275|-6.4478|-6.5660|-6.6825|-6.7973|-6.9107|-7.0226|-7.1333|-7.9788|-8.7832|-9.5637|-10.3297|-11.0862|-11.8362|-12.5817|-13.3239|-14.0636|-14.8014|-15.5378|-16.2731|-17.0076|-17.7413|-18.4746,1335.157663643596,0.148170802916367,8.751928877874477e-05,0.002419842234448,0.0027043521636357,0.289,0.285,False,known_eb|retired,5.663106|5.033267|5.511325|5.266451|5.254653|5.390877|5.532168|5.652363|5.378699|5.551218,,FP,possible eclipsing binary with TOI 2404.03 as eccentric secondary based on spoc-s01-s69; retired as TFOP FP/EB
291013124,6783.01,6.037174629144384,5.042085497250055,0.0347291371376078,82.71987426565437,15.398,0.558276,0.588183,4.64513,-0.0121106,3445.0,7.0,False,-11.020494292042358,4.6829,0.311549,-0.0000|-0.0000|-0.0000|-0.0000|-0.0000|-0.0000|-0.0000|-0.0000|-0.0000|-0.0000|-0.0000|-0.0000|-0.0000|-0.0000|-0.0000|-0.0000|-0.0000|-0.0001|-0.0001|-0.0002|-0.0004|-0.0008|-0.0016|-0.0035|-0.0079|-0.0191|-0.0483|-0.1217|-0.2741|-0.5224|-0.8534|-1.2322|-1.6170|-1.9775|-2.3037|-2.5990|-2.8701|-3.1224|-3.3597|-3.5847|-3.7991|-4.0043|-4.2015|-4.3912|-4.5744|-4.7515|-4.9229|-5.0891|-5.2505|-5.4074|-5.5601|-5.7088|-5.8538|-5.9954|-6.1337|-6.2690|-6.4015|-6.5314|-6.6588|-6.7840|-6.9071|-7.0283|-7.1476|-7.2654|-7.3816|-8.2638|-9.0978|-9.9056|-10.6986|-11.4825|-12.2607|-13.0349|-13.8064|-14.5759|-15.3438|-16.1105|-16.8762|-17.6410|-18.4051|-19.1686,3862.057983399887,0.0694582742752156,1.0770116908147952e-05,0.0004970079258996,0.0006733402894698,1.034,0.955,False,retired,4.635411|4.723911|4.646041|5.177623|4.137400|4.833752|4.415065|4.660659|5.187461|4.411897,,FP,found in faint-star QLP search
443042089,3078.01,0.5496842760617717,0.5138119015809655,0.0212495363580184,49.13636728492538,13.446,1.34299,1.74744,4.07449,-0.022952,6417.58,193.0,False,-9.772625574253604,4.8686,0.263124,-0.0000|-0.0000|-0.0000|-0.0000|-0.0000|-0.0000|-0.0000|-0.0000|-0.0000|-0.0000|-0.0000|-0.0000|-0.0000|-0.0000|-0.0000|-0.0000|-0.0000|-0.0001|-0.0001|-0.0002|-0.0003|-0.0006|-0.0011|-0.0023|-0.0047|-0.0101|-0.0223|-0.0512|-0.1184|-0.2635|-0.5266|-0.9019|-1.3304|-1.7536|-2.1425|-2.4911|-2.8036|-3.0866|-3.3460|-3.5863|-3.8110|-4.0225|-4.2229|-4.4135|-4.5958|-4.7705|-4.9387|-5.1009|-5.2578|-5.4100|-5.5579|-5.7019|-5.8424|-5.9798|-6.1143|-6.2462|-6.3758|-6.5032|-6.6287|-6.7524|-6.8745|-6.9951|-7.1144|-7.2324|-7.3494|-8.2478|-9.1086|-9.9465|-10.7694|-11.5816|-12.3862|-13.1851|-13.9797|-14.7709|-15.5594|-16.3458|-17.1305|-17.9137|-18.6957|-19.4768,3014.889152275076,0.0424990727160368,7.500478655795187e-07,0.0007196238527621,0.0011527357534608,0.667,0.674,False,known_eb|retired,4.828215|5.014757|4.957522|4.997526|4.718860|4.286294|5.115799|5.146749|5.073107|4.547629,,FP,found in faint-star QLP search; ~7 sigma odd-even in TEC plots; retired as TFOP FP/EB
66497310,343.01,1.7563199954156057,1.3910719876925608,0.028832145496729,49.96520802354759,7.844,1.03021,1.14185,4.32931,-0.155109,6044.17,50.0,False,-7.846541070280871,5.2792,0.379167,-0.0000|-0.0000|-0.0000|-0.0000|-0.0000|-0.0000|-0.0000|-0.0000|-0.0000|-0.0000|-0.0000|-0.0000|-0.0000|-0.0000|-0.0000|-0.0000|-0.0000|-0.0000|-0.0000|-0.0000|-0.0000|-0.0001|-0.0001|-0.0003|-0.0006|-0.0014|-0.0033|-0.0083|-0.0224|-0.0623|-0.1603|-0.3461|-0.6166|-0.9402|-1.2762|-1.5949|-1.8861|-2.1518|-2.3969|-2.6255|-2.8404|-3.0437|-3.2369|-3.4212|-3.5974|-3.7664|-3.9287|-4.0850|-4.2357|-4.3813|-4.5219|-4.6581|-4.7901|-4.9181|-5.0423|-5.1629|-5.2802|-5.3943|-5.5052|-5.6133|-5.7186|-5.8212|-5.9212|-6.0188|-6.1140|-6.8002|-7.3929|-7.9301|-8.4371|-8.9282|-9.4111|-9.8896|-10.3659|-10.8410|-11.3154|-11.7894|-12.2632|-12.7370|-13.2106|-13.6842,1355.5254389131233,0.057664290993458,8.936207174538346e-07,0.0008891231260581,0.0010689694668231,0.452,0.428,False,snrd|known_eb|retired,6.064701|5.086370|5.068672|5.246715|4.909183|5.225722|5.721123|5.512608|5.268049|4.688918,,FP,~8 sigma odd-even in SPOC s1-s69; retired as TFOP FP/EB
9100874,307.01,6.166813765492536,3.7032420552615166,0.0337051576542076,49.43754542171863,15.052,1.05517,1.17588,4.31135,0.151799,5785.8,15.0,False,-10.900976198141478,5.1034,0.199573,-0.0000|-0.0000|-0.0000|-0.0000|-0.0000|-0.0000|-0.0000|-0.0000|-0.0000|-0.0000|-0.0000|-0.0000|-0.0000|-0.0000|-0.0000|-0.0000|-0.0000|-0.0000|-0.0000|-0.0000|-0.0000|-0.0000|-0.0001|-0.0001|-0.0003|-0.0009|-0.0025|-0.0073|-0.0236|-0.0801|-0.2436|-0.5574|-0.9747|-1.4152|-1.8290|-2.2045|-2.5464|-2.8619|-3.1565|-3.4341|-3.6976|-3.9488|-4.1895|-4.4209|-4.6438|-4.8592|-5.0677|-5.2700|-5.4665|-5.6577|-5.8440|-6.0257|-6.2031|-6.3765|-6.5463|-6.7125|-6.8754|-7.0353|-7.1922|-7.3463|-7.4978|-7.6468|-7.7935|-7.9379|-8.0802|-9.1491|-10.1373|-11.0784|-11.9932|-12.8938|-13.7865|-14.6746|-15.5600|-16.4438|-17.3266|-18.2086|-19.0902|-19.9715|-20.8526|-21.7335,1357.8377340731945,0.0674103153084152,3.990606812475054e-06,0.0009419844139683,0.0014510533846289,0.879,0.872,False,snrd|known_eb|retired,5.041802|5.369681|5.041260|5.252800|4.969884|5.444458|5.194192|4.759389|5.036328|4.924011,,FP,~2000 ppm secondary in spoc-s01-s69; retired as TFOP FP/EB
42763678,2728.01,1.724589564832496,1.1513268555221214,0.0404099334128713,48.90237848784635,16.153,1.04838,1.25626,4.24778,-0.16946,6043.84,11.0,False,-8.170929867655566,4.1359,0.333117,-0.0000|-0.0000|-0.0000|-0.0000|-0.0000|-0.0000|-0.0000|-0.0000|-0.0000|-0.0000|-0.0000|-0.0001|-0.0001|-0.0001|-0.0002|-0.0004|-0.0006|-0.0011|-0.0020|-0.0037|-0.0069|-0.0137|-0.0288|-0.0638|-0.1394|-0.2748|-0.4742|-0.7286|-1.0219|-1.3325|-1.6370|-1.9183|-2.1710|-2.3988|-2.6074|-2.8016|-2.9847|-3.1588|-3.3253|-3.4853|-3.6396|-3.7889|-3.9336|-4.0741|-4.2108|-4.3439|-4.4738|-4.6005|-4.7244|-4.8455|-4.9639|-5.0799|-5.1935|-5.3049|-5.4140|-5.5211|-5.6261|-5.7292|-5.8305|-5.9300|-6.0278|-6.1240|-6.2185|-6.3116|-6.4033|-7.0881|-7.7139|-8.3016|-8.8654|-9.4143|-9.9537|-10.4871|-11.0165|-11.5433|-12.0683|-12.5920|-13.1148|-13.6371|-14.1588|-14.6802,3667.347777437612,0.0808198668257426,0.0001478082941202,0.0008672625338195,0.0012842737206955,0.981,0.893,False,retired,4.233092|4.855957|4.117323|3.968907|3.823346|4.166114|3.786608,,FP,found in faint-star QLP search
76420654,4462.01,4.913316036334589,2.816620178973244,0.1156425665190511,41.153976773226056,14.291,1.29067,2.08268,3.90709,-0.0382266,6014.53,28.0,False,-9.13709221671463,4.7484,0.2577,-0.0000|-0.0000|-0.0000|-0.0000|-0.0000|-0.0000|-0.0000|-0.0000|-0.0000|-0.0000|-0.0000|-0.0000|-0.0000|-0.0000|-0.0000|-0.0000|-0.0000|-0.0000|-0.0000|-0.0001|-0.0001|-0.0002|-0.0005|-0.0013|-0.0031|-0.0084|-0.0251|-0.0805|-0.2251|-0.4745|-0.8012|-1.1621|-1.5162|-1.8429|-2.1403|-2.4139|-2.6693|-2.9103|-3.1395|-3.3587|-3.5691|-3.7719|-3.9678|-4.1574|-4.3412|-4.5197|-4.6933|-4.8623|-5.0269|-5.1875|-5.3442|-5.4973|-5.6469|-5.7933|-5.9365|-6.0766|-6.2140|-6.3486|-6.4806|-6.6101|-6.7374|-6.8624|-6.9853|-7.1062|-7.2253|-8.1184|-8.9459|-9.7368|-10.5071|-11.2651|-12.0151|-12.7597|-13.5003|-14.2378|-14.9730|-15.7061|-16.4376|-17.1678|-17.8967|-18.6246,2013.114842144966,0.2312851330381022,6.88884819654097e-06,0.0012914273422823,0.0013712249598721,0.617,0.5,False,retired,4.508600|4.457138|5.019859|4.515279|4.898719|5.260765|4.636024|4.584485|4.623503|4.979719,,FP,TFOP SB1/APC
142087638,2404.03,74.60659392326056,37.6118052894758,0.0514084248051128,47.212729676484166,6.506,1.12944,1.14086,4.37162,-0.0638039,6198.19,11.0,False,-9.304901849650024,5.4234,0.188189,-0.0000|-0.0000|-0.0000|-0.0000|-0.0000|-0.0000|-0.0000|-0.0000|-0.0000|-0.0000|-0.0000|-0.0000|-0.0000|-0.0000|-0.0000|-0.0000|-0.0000|-0.0000|-0.0000|-0.0000|-0.0000|-0.0000|-0.0000|-0.0000|-0.0000|-0.0001|-0.0003|-0.0008|-0.0023|-0.0075|-0.0271|-0.1067|-0.3715|-0.9082|-1.5258|-2.0413|-2.4533|-2.7984|-3.0999|-3.3705|-3.6174|-3.8456|-4.0582|-4.2577|-4.4460|-4.6247|-4.7950|-4.9580|-5.1144|-5.2651|-5.4108|-5.5520|-5.6891|-5.8227|-5.9530|-6.0804|-6.2051|-6.3275|-6.4478|-6.5660|-6.6825|-6.7973|-6.9107|-7.0226|-7.1333|-7.9788|-8.7832|-9.5637|-10.3297|-11.0862|-11.8362|-12.5817|-13.3239|-14.0636|-14.8014|-15.5378|-16.2731|-17.0076|-17.7413|-18.4746,1362.9497355662468,0.1028168496102256,7.850023731167066e-05,0.0016639292619587,0.0018456488042756,0.302,0.321,False,known_eb|retired,5.663106|5.033267|5.511325|5.266451|5.254653|5.390877|5.532168|5.652363|5.378699|5.551218,,FP,period found to match that of TOI 2404.02 with additional data; likely eccentric secondary of TOI 2404.02; retired as TFOP FP/EB
2758565,287.01,3.7815665907966274,1.896777798065196,0.0295017236824968,92.79969651948744,16.676,0.7914,1.23073,4.14339,-0.651552,5783.77,24.0,False,-10.96846285374021,4.8434,0.331066,-0.0000|-0.0000|-0.0000|-0.0000|-0.0000|-0.0000|-0.0000|-0.0000|-0.0000|-0.0000|-0.0000|-0.0000|-0.0000|-0.0000|-0.0000|-0.0000|-0.0000|-0.0000|-0.0001|-0.0002|-0.0003|-0.0006|-0.0012|-0.0024|-0.0052|-0.0114|-0.0263|-0.0627|-0.1439|-0.2990|-0.5499|-0.8948|-1.2998|-1.7132|-2.0943|-2.4300|-2.7258|-2.9915|-3.2349|-3.4613|-3.6741|-3.8757|-4.0677|-4.2516|-4.4282|-4.5984|-4.7628|-4.9221|-5.0767|-5.2270|-5.3735|-5.5163|-5.6559|-5.7925|-5.9262|-6.0574|-6.1861|-6.3127|-6.4371|-6.5597|-6.6804|-6.7995|-6.9170|-7.0330|-7.1477|-8.0196|-8.8401|-9.6273|-10.3925|-11.1426|-11.8825|-12.6151|-13.3427|-14.0667|-14.7880|-15.5075|-16.2255|-16.9425|-17.6588|-18.3744,1356.031149647864,0.0590034473649936,1.3645871365061494e-06,0.0006550664015044,0.000661301926624,1.112,1.104,False,known_eb|retired,5.273267|5.198046|4.795592|4.672224|4.557735|4.418095|5.163442|4.308286|5.160805|4.886934,,FP,synchronized with stellar rotation; ~3000 ppm secondary in spoc-s1-s69; retired as TFOP FP/EB
242083025,1964.01,0.6467048596125489,0.4065802982143776,0.0206932154172571,50.7963723020375,6.04,1.39364,1.58921,4.1682,-0.000367389,6717.63,162.0,False,-8.737192043344697,6.0003,0.47016,-0.0000|-0.0000|-0.0000|-0.0000|-0.0000|-0.0000|-0.0000|-0.0000|-0.0000|-0.0000|-0.0000|-0.0000|-0.0000|-0.0000|-0.0000|-0.0000|-0.0000|-0.0000|-0.0000|-0.0000|-0.0001|-0.0001|-0.0002|-0.0003|-0.0005|-0.0009|-0.0015|-0.0028|-0.0051|-0.0097|-0.0188|-0.0370|-0.0736|-0.1442|-0.2707|-0.4767|-0.7758|-1.1524|-1.5608|-1.9525|-2.3021|-2.6081|-2.8788|-3.1231|-3.3475|-3.5565|-3.7533|-3.9398|-4.1177|-4.2881|-4.4520|-4.6101|-4.7631|-4.9114|-5.0555|-5.1958|-5.3327|-5.4663|-5.5971|-5.7252|-5.8508|-5.9741|-6.0954|-6.2147|-6.3322|-7.2157|-8.0363|-8.8188|-9.5773|-10.3201|-11.0523|-11.7774|-12.4972|-13.2132|-13.9263|-14.6372|-15.3464|-16.0541|-16.7606|-17.4661,1601.2906183996326,0.0413864308345142,2.180160654576173e-07,0.0006345295650952,0.0007027041122101,0.302,0.295,False,retired,6.455320|5.667820|6.247971|6.398994|6.494682|5.134050|6.538886|5.876603|5.740888|5.447896,,FP,two stars in pixel; ~350 ppm secondary in SPOC s1-s65 multisector
444977814,6999.01,11.369007300943068,7.763298463889789,0.1109420868999312,35.864672436156404,11.37,1.12356,1.23462,4.29462,-0.0137974,6076.0,5.0,False,-10.293033178937522,5.3003,0.143847,-0.0000|-0.0000|-0.0000|-0.0000|-0.0000|-0.0000|-0.0000|-0.0000|-0.0000|-0.0000|-0.0000|-0.0000|-0.0000|-0.0000|-0.0000|-0.0000|-0.0000|-0.0000|-0.0000|-0.0000|-0.0000|-0.0000|-0.0000|-0.0000|-0.0000|-0.0001|-0.0003|-0.0008|-0.0030|-0.0118|-0.0533|-0.2318|-0.6767|-1.2587|-1.7945|-2.2496|-2.6437|-2.9949|-3.3143|-3.6090|-3.8838|-4.1423|-4.3870|-4.6200|-4.8429|-5.0570|-5.2635|-5.4630|-5.6565|-5.8446|-6.0277|-6.2065|-6.3811|-6.5522|-6.7198|-6.8845|-7.0464|-7.2058|-7.3628|-7.5178|-7.6709|-7.8222|-7.9719|-8.1202|-8.2671|-9.4009|-10.4964|-11.5729|-12.6392|-13.6995|-14.7562|-15.8104|-16.8629|-17.9140|-18.9642|-20.0135|-21.0622|-22.1102|-23.1578|-24.2050,1850.292529049796,0.2218841737998624,3.2096183285778765e-05,0.0020090030364789,0.0027256827246219,0.56,0.477,False,retired,5.257438|5.233347|5.511241|5.204603|5.177825|5.018316|5.373869|5.495513|5.350827|5.380040,,FP,found in faint-star QLP search; also a CTOI from Rafael Rodrigues (TESS Planet Hunters)
153896150,4123.01,2.787928585572718,2.7990727884265008,0.0219022699144288,38.27567590624484,5.136,0.874967,0.841349,4.53233,0.116244,5250.77,45.0,False,-10.586539036798824,5.2344,0.113926,-0.0000|-0.0000|-0.0000|-0.0000|-0.0000|-0.0000|-0.0000|-0.0000|-0.0000|-0.0000|-0.0000|-0.0000|-0.0000|-0.0000|-0.0000|-0.0000|-0.0000|-0.0000|-0.0000|-0.0000|-0.0000|-0.0000|-0.0000|-0.0000|-0.0001|-0.0002|-0.0006|-0.0020|-0.0067|-0.0247|-0.0970|-0.3364|-0.8030|-1.3504|-1.8586|-2.3062|-2.7040|-3.0641|-3.3946|-3.7013|-3.9881|-4.2578|-4.5127|-4.7544|-4.9845|-5.2040|-5.4142|-5.6158|-5.8099|-5.9973|-6.1786|-6.3545|-6.5257|-6.6927|-6.8561|-7.0162|-7.1735|-7.3283|-7.4808|-7.6315|-7.7804|-7.9278|-8.0738|-8.2187|-8.3625|-9.4795|-10.5688|-11.6447|-12.7136|-13.7785|-14.8412|-15.9026|-16.9630|-18.0229|-19.0824|-20.1416|-21.2006|-22.2594|-23.3181|-24.3765,1845.327005401824,0.0438045398288576,3.2844592578604e-06,0.0009768718736818,0.0013774674405771,0.296,0.284,False,retired,5.297468|5.297468|5.297468|5.297468|5.019517|5.191265|5.297468|5.015199|5.297468|5.333605,,FP,V-shaped; found in faint-star QLP search; nearby TIC 802691143
459850897,3503.01,1.1882624359148002,0.3461581465199419,0.0401918826261944,45.48056384065004,8.582,1.5434,1.65293,4.17968,-0.778594,8872.07,124.0,False,-10.144705450191852,3.9394,0.408292,-0.0000|-0.0000|-0.0000|-0.0000|-0.0000|-0.0000|-0.0000|-0.0001|-0.0001|-0.0002|-0.0003|-0.0004|-0.0006|-0.0010|-0.0016|-0.0025|-0.0040|-0.0064|-0.0106|-0.0175|-0.0295|-0.0502|-0.0864|-0.1485|-0.2510|-0.4089|-0.6335|-0.9276|-1.2827|-1.6777|-2.0831|-2.4701|-2.8211|-3.1330|-3.4114|-3.6640|-3.8968|-4.1141|-4.3188|-4.5130|-4.6982|-4.8757|-5.0464|-5.2110|-5.3702|-5.5246|-5.6746|-5.8207|-5.9633|-6.1026|-6.2390|-6.3727|-6.5040|-6.6330|-6.7600|-6.8852|-7.0086|-7.1305|-7.2510|-7.3701|-7.4881|-7.6049|-7.7207|-7.8356|-7.9496|-8.8319|-9.6842|-10.5180|-11.3392|-12.1512|-12.9563|-13.7559|-14.5511|-15.3426|-16.1311|-16.9171|-17.7009|-18.4829|-19.2633|-20.0424,2307.634831010116,0.0803837652523888,9.883058163203875e-07,0.0009937400748578,0.0015171320472649,0.36,0.285,False,known_eb|retired,4.075841|4.585742|3.508471|3.912707|3.903902|3.102991|3.895352|3.810731|4.116657|4.481136,,FP,10+ sigma odd-even in spoc-s01-s65; star is a pulsator; retired as TFOP FP/EB
268727719,7173.01,0.6256596256594386,0.1936856393258821,0.0127149581920891,39.72666200202141,6.994,0.558276,0.588183,4.64513,-0.0121106,3718.0,76.0,False,-8.352116644519864,3.8735,0.22554,-0.0000|-0.0000|-0.0000|-0.0000|-0.0000|-0.0000|-0.0000|-0.0000|-0.0000|-0.0000|-0.0001|-0.0001|-0.0001|-0.0002|-0.0004|-0.0007|-0.0013|-0.0024|-0.0047|-0.0094|-0.0197|-0.0430|-0.0961|-0.2056|-0.3940|-0.6588|-0.9730|-1.3024|-1.6212|-1.9173|-2.1880|-2.4358|-2.6646|-2.8777|-3.0781|-3.2677|-3.4481|-3.6205|-3.7859|-3.9450|-4.0984|-4.2466|-4.3901|-4.5292|-4.6644|-4.7958|-4.9239|-5.0487|-5.1707|-5.2899|-5.4065|-5.5208|-5.6328|-5.7428|-5.8509|-5.9571|-6.0617|-6.1648|-6.2663|-6.3665|-6.4655|-6.5632|-6.6598|-6.7554|-6.8500|-7.5745|-8.2639|-8.9318|-9.5860|-10.2308|-10.8690|-11.5022|-12.1315|-12.7575|-13.3808|-14.0015|-14.6202|-15.2368|-15.8517|-16.4650,3584.7905006075284,0.0254299163841782,1.258148023565397e-05,0.0005855938137091,0.0006476902663622,0.424,0.4,False,retired,3.525817|3.516230|3.839429|4.078921|3.952873|4.242329|4.118773|3.817579|3.767793|3.875050,,FP,V-shaped; multiple stars in pixel; CTOI from Yoshi Eschen
19451711,522.01,0.3969740183427805,0.0982675680128528,0.0715085881221461,30.09660597686001,1.696,1.54002,1.7203,4.15045,-0.139744,7571.26,280.0,False,-6.792447224936698,5.5164,0.500841,-0.0000|-0.0000|-0.0000|-0.0000|-0.0000|-0.0000|-0.0000|-0.0000|-0.0000|-0.0000|-0.0000|-0.0000|-0.0000|-0.0000|-0.0000|-0.0000|-0.0000|-0.0000|-0.0000|-0.0000|-0.0001|-0.0001|-0.0002|-0.0003|-0.0007|-0.0013|-0.0026|-0.0055|-0.0129|-0.0325|-0.0871|-0.2103|-0.4021|-0.6367|-0.8926|-1.1543|-1.4108|-1.6558|-1.8872|-2.1059|-2.3136|-2.5120|-2.7024|-2.8858|-3.0630|-3.2346|-3.4010|-3.5627|-3.7200|-3.8732|-4.0225|-4.1682|-4.3105|-4.4494|-4.5852|-4.7180|-4.8479|-4.9749|-5.0993|-5.2211|-5.3403|-5.4571|-5.5715|-5.6837|-5.7937|-6.5999|-7.3140|-7.9714|-8.5961|-9.2020|-9.7965|-10.3837|-10.9660|-11.5446|-12.1203|-12.6939|-13.2656|-13.8357|-14.4044|-14.9720,1491.7389515183495,0.1430171762442922,2.560947825524827e-07,0.0010449459793903,0.0011834772871797,0.07,0.055,False,snrd|fold_shape|retired,6.613418|5.104650|5.659129|5.455893|5.269746|5.326364|6.280139|5.061515|5.295807|5.097390,,FA,V-shaped and short period; GAIA Rp=1.6 Rsun; sinusoidal light curve; likely SV; retired as TFOP FA
280830734,188.01,1.1619450470039678,0.47374883266724,0.0148023172515656,33.82581395986475,3.551,1.34191,1.61454,4.13613,0.032922,6404.68,252.0,False,-8.30293090572233,5.0603,0.249023,-0.0000|-0.0000|-0.0000|-0.0000|-0.0000|-0.0000|-0.0000|-0.0000|-0.0000|-0.0000|-0.0000|-0.0000|-0.0000|-0.0000|-0.0000|-0.0000|-0.0000|-0.0000|-0.0000|-0.0000|-0.0000|-0.0001|-0.0001|-0.0003|-0.0008|-0.0019|-0.0049|-0.0139|-0.0424|-0.1299|-0.3280|-0.6368|-1.0103|-1.3896|-1.7396|-2.0552|-2.3427|-2.6086|-2.8575|-3.0923|-3.3151|-3.5275|-3.7307|-3.9255|-4.1128|-4.2932|-4.4673|-4.6355|-4.7983|-4.9562|-5.1094|-5.2583|-5.4033|-5.5446|-5.6826|-5.8173|-5.9492|-6.0784|-6.2050|-6.3294|-6.4515|-6.5717|-6.6901|-6.8067|-6.9217|-7.7902|-8.6008|-9.3752|-10.1260|-10.8611|-11.5857|-12.3030|-13.0150|-13.7233|-14.4288|-15.1321|-15.8338|-16.5343|-17.2338|-17.9325,1325.7793472882731,0.0296046345031312,5.039341096198081e-07,0.000854254774075,0.0008374006837019,0.161,0.17,False,snrd|known_eb|retired,5.496251|5.327280|4.938778|5.398641|4.809753|4.978369|4.764351|4.882497|4.872405|5.134852,,FP,~10 sigma odd/even in spoc-s01-s69; retired as TFOP FP/EB
160222069,854.01,5.850882414734064,0.9870555165096352,0.0590842950368419,32.5142647483001,4.033,0.973949,1.3061,4.1868,-0.333015,6013.25,25.0,False,-9.32421814085513,5.3114,0.272352,-0.0000|-0.0000|-0.0000|-0.0000|-0.0000|-0.0000|-0.0000|-0.0000|-0.0000|-0.0000|-0.0000|-0.0000|-0.0000|-0.0000|-0.0000|-0.0000|-0.0000|-0.0000|-0.0000|-0.0000|-0.0000|-0.0000|-0.0000|-0.0001|-0.0002|-0.0004|-0.0010|-0.0028|-0.0084|-0.0281|-0.0971|-0.2813|-0.5945|-0.9794|-1.3751|-1.7481|-2.0906|-2.4063|-2.7005|-2.9772|-3.2395|-3.4895|-3.7289|-3.9588|-4.1805|-4.3948|-4.6024|-4.8039|-5.0000|-5.1910|-5.3775|-5.5598|-5.7382|-5.9130|-6.0845|-6.2530|-6.4186|-6.5815|-6.7419|-6.9000|-7.0559|-7.2097|-7.3615|-7.5115|-7.6598|-8.7861|-9.8419|-10.8509|-11.8295|-12.7879|-13.7326|-14.6676|-15.5955|-16.5178|-17.4358|-18.3503|-19.2618|-20.1709|-21.0780|-21.9834,1386.9531776829688,0.1181685900736838,6.82141867844027e-06,0.0021626001931608,0.0022365845358698,0.23,0.208,False,snrd|known_eb|retired,5.119301|5.398781|4.923531|5.504179|5.449738|5.175530|5.195317|5.155227|5.227841|5.964981,,FP,offset on TIC 160221748 (Tmag~14.4) in SPOC-s1-s69; retired as TFOP FP/NEB
306204904,5310.01,11.203615162335542,4.342030319947646,0.0639351992924977,33.59350692185403,5.165,0.715476,0.698865,4.59304,0.0201662,4555.96,10.0,False,-8.151576990527957,5.3227,0.300066,-0.0000|-0.0000|-0.0000|-0.0000|-0.0000|-0.0000|-0.0000|-0.0000|-0.0000|-0.0000|-0.0000|-0.0000|-0.0000|-0.0000|-0.0000|-0.0000|-0.0000|-0.0000|-0.0000|-0.0000|-0.0000|-0.0000|-0.0001|-0.0002|-0.0004|-0.0008|-0.0019|-0.0046|-0.0117|-0.0320|-0.0900|-0.2300|-0.4938|-0.8748|-1.3047|-1.7085|-2.0583|-2.3608|-2.6293|-2.8735|-3.0997|-3.3118|-3.5126|-3.7038|-3.8871|-4.0634|-4.2336|-4.3984|-4.5585|-4.7142|-4.8660|-5.0142|-5.1591|-5.3011|-5.4402|-5.5768|-5.7109|-5.8428|-5.9726|-6.1005|-6.2265|-6.3509|-6.4736|-6.5948|-6.7147|-7.6265|-8.4857|-9.3114|-10.1152|-10.9040|-11.6823|-12.4528|-13.2177|-13.9781|-14.7351|-15.4895|-16.2417|-16.9922|-17.7413|-18.4891,1769.0596017570697,0.1278703985849954,2.4420673703117538e-05,0.0023869217559767,0.0024151239125258,0.245,0.234,False,retired,5.454926|5.146468|5.606627|5.288115|4.901408|5.202566|5.420494|5.532422|4.825129|5.849011,,FP,found in faint-star QLP search
402848417,7146.01,28.467042662069066,10.591124693953551,0.1264787090303467,30.71132897017683,11.823,1.0506,1.11919,4.35686,0.0245235,5888.0,4.0,False,-7.03411866789397,5.3354,0.341505,-0.0000|-0.0000|-0.0000|-0.0000|-0.0000|-0.0000|-0.0000|-0.0000|-0.0000|-0.0000|-0.0000|-0.0000|-0.0000|-0.0000|-0.0000|-0.0000|-0.0000|-0.0000|-0.0000|-0.0000|-0.0000|-0.0000|-0.0001|-0.0001|-0.0003|-0.0006|-0.0014|-0.0035|-0.0099|-0.0320|-0.1068|-0.2769|-0.5378|-0.8540|-1.1840|-1.4956|-1.7774|-2.0326|-2.2677|-2.4873|-2.6946|-2.8915|-3.0794|-3.2596|-3.4327|-3.5995|-3.7605|-3.9163|-4.0672|-4.2136|-4.3559|-4.4942|-4.6290|-4.7603|-4.8885|-5.0137|-5.1360|-5.2556|-5.3727|-5.4875|-5.5999|-5.7102|-5.8184|-5.9246|-6.0290|-6.8026|-7.4990|-8.1437|-8.7545|-9.3431|-9.9172|-10.4815|-11.0392|-11.5923|-12.1421|-12.6895|-13.2352|-13.7796|-14.3230|-14.8657,1801.2846659932095,0.2529574180606934,0.0001307694414377,0.003003736554989,0.0038774285140151,0.587,0.506,False,retired,5.521816|5.254121|4.898460|5.220194|5.228530|5.798674|4.992326|6.030505|5.377230|5.032011,,FP,found in faint-star QLP search
271439193,3963.01,6.232861145398004,2.766569989969464,0.0442841238615193,28.16406262860484,8.023,1.24589,1.37074,4.25038,-0.180299,6631.08,30.0,False,-7.528254914603717,5.4301,0.453976,-0.0000|-0.0000|-0.0000|-0.0000|-0.0000|-0.0000|-0.0000|-0.0000|-0.0000|-0.0000|-0.0000|-0.0000|-0.0000|-0.0000|-0.0000|-0.0000|-0.0000|-0.0000|-0.0000|-0.0000|-0.0000|-0.0000|-0.0000|-0.0001|-0.0002|-0.0005|-0.0012|-0.0032|-0.0094|-0.0311|-0.1002|-0.2540|-0.4882|-0.7698|-1.0681|-1.3613|-1.6388|-1.8985|-2.1426|-2.3737|-2.5941|-2.8053|-3.0085|-3.2047|-3.3947|-3.5790|-3.7582|-3.9328|-4.1031|-4.2695|-4.4324|-4.5920|-4.7485|-4.9022|-5.0533|-5.2020|-5.3484|-5.4927|-5.6350|-5.7755|-5.9143|-6.0514|-6.1869|-6.3210|-6.4537|-7.4676|-8.4234|-9.3363|-10.2159|-11.0693|-11.9019|-12.7179|-13.5207|-14.3131|-15.0970|-15.8742|-16.6459|-17.4131|-18.1766|-18.9371,1767.4819498401412,0.0885682477230386,1.0849343572458372e-05,0.0026198170541849,0.0020022311090975,0.504,0.479,False,retired,5.810498|5.353010|6.475069|4.902133|5.238840|4.967262|5.236681|5.842050|5.175644|5.300015,,FP,found in faint-star QLP search; possible depth aperture correlation; asymmetric transit shape
354442783,3712.01,1.5224540081291815,0.8061700734822849,0.0233882570793708,28.42915636606696,7.412,0.714656,0.732201,4.56294,-0.312952,5051.35,27.0,False,-7.5465099604710835,5.3986,0.35982,-0.0000|-0.0000|-0.0000|-0.0000|-0.0000|-0.0000|-0.0000|-0.0000|-0.0000|-0.0000|-0.0000|-0.0000|-0.0000|-0.0000|-0.0000|-0.0000|-0.0000|-0.0000|-0.0000|-0.0000|-0.0000|-0.0001|-0.0001|-0.0003|-0.0005|-0.0012|-0.0026|-0.0061|-0.0149|-0.0377|-0.0935|-0.2099|-0.4155|-0.7218|-1.0999|-1.4879|-1.8394|-2.1457|-2.4165|-2.6615|-2.8877|-3.0994|-3.2996|-3.4903|-3.6730|-3.8488|-4.0186|-4.1831|-4.3429|-4.4985|-4.6503|-4.7987|-4.9440|-5.0864|-5.2262|-5.3637|-5.4989|-5.6322|-5.7635|-5.8932|-6.0213|-6.1479|-6.2731|-6.3971|-6.5199|-7.4631|-8.3642|-9.2385|-10.0947|-10.9379|-11.7715|-12.5978|-13.4184|-14.2345|-15.0468|-15.8562|-16.6630|-17.4677|-18.2706|-19.0719,2912.211817111597,0.0467765141587416,4.897369206012623e-06,0.0007438157080089,0.0012207659351408,0.522,0.492,False,snrd|retired,5.541104|5.651440|4.896475|5.331680|4.929115|5.864191|5.311095|4.925057|5.689204|5.846167,,FP,found in faint-star QLP search; potential secondary
360286627,1042.01,0.7580942668101537,0.2253599133548456,0.0279002488949051,26.03959675371221,10.498,2.39606,3.60142,3.70266,-0.124176,8854.29,218.0,False,-7.270810857158477,4.5817,0.628747,-0.0000|-0.0000|-0.0000|-0.0000|-0.0000|-0.0000|-0.0000|-0.0001|-0.0001|-0.0001|-0.0002|-0.0002|-0.0003|-0.0005|-0.0007|-0.0010|-0.0016|-0.0023|-0.0035|-0.0053|-0.0082|-0.0127|-0.0199|-0.0315|-0.0502|-0.0806|-0.1293|-0.2054|-0.3191|-0.4787|-0.6880|-0.9445|-1.2386|-1.5551|-1.8766|-2.1875|-2.4782|-2.7457|-2.9910|-3.2172|-3.4274|-3.6244|-3.8103|-3.9868|-4.1551|-4.3163|-4.4713|-4.6206|-4.7648|-4.9045|-5.0399|-5.1716|-5.2997|-5.4246|-5.5465|-5.6657|-5.7823|-5.8965|-6.0085|-6.1185|-6.2265|-6.3328|-6.4374|-6.5405|-6.6421|-7.4090|-8.1239|-8.8068|-9.4689|-10.1170|-10.7552|-11.3862|-12.0118|-12.6332|-13.2514|-13.8669|-14.4802|-15.0918|-15.7019|-16.3108,1544.4603823972973,0.0558004977898102,6.58965418340028e-07,0.0013006811641758,0.0013980273856879,0.387,0.436,False,known_eb|retired,4.579066|4.926343|4.580352|4.283461|3.027228|5.588466|4.476851|4.643440|4.581418|5.130086,,FP,v-shaped; offset near other stars in spoc-s01-s65-b0A consistent with ground follow up location; retired as TFOP FP/NEB
251878904,366.01,1.7025942522194548,0.0651258133122096,0.0353496224687475,26.94484942822872,11.563,0.976036,1.16156,4.28741,0.0386143,5678.91,37.0,False,-8.22561504430639,5.5666,0.258894,-0.0000|-0.0000|-0.0000|-0.0000|-0.0000|-0.0000|-0.0000|-0.0000|-0.0000|-0.0000|-0.0000|-0.0000|-0.0000|-0.0000|-0.0000|-0.0000|-0.0000|-0.0000|-0.0000|-0.0000|-0.0000|-0.0000|-0.0000|-0.0000|-0.0001|-0.0002|-0.0004|-0.0011|-0.0029|-0.0085|-0.0266|-0.0857|-0.2440|-0.5409|-0.9413|-1.3659|-1.7593|-2.1105|-2.4272|-2.7178|-2.9882|-3.2423|-3.4829|-3.7120|-3.9310|-4.1412|-4.3437|-4.5392|-4.7284|-4.9121|-5.0907|-5.2646|-5.4344|-5.6003|-5.7628|-5.9220|-6.0783|-6.2318|-6.3828|-6.5315|-6.6780|-6.8225|-6.9651|-7.1059|-7.2451|-8.3040|-9.3012|-10.2592|-11.1920|-12.1083|-13.0135|-13.9110|-14.8030|-15.6908|-16.5754|-17.4574|-18.3373|-19.2154|-20.0920|-20.9672,2088.3136298196587,0.070699244937495,1.4853668382627073e-06,0.000974605500259,0.0015524292968152,0.777,0.726,False,known_eb|retired,5.207327|5.236599|6.066433|5.453622|5.403719|5.792303|5.665151|5.418616|5.614351|5.808100,,FP,~2000 ppm secondary in spoc-s01-s69; retired as TFOP FP/EB
305026599,7245.01,1.6877662212348137,0.2219354603526707,0.0450369209018544,26.59089098091737,6.403,1.32488,1.48536,4.20172,-0.0791337,6599.0,57.0,False,-7.252364901575135,5.1709,0.316676,-0.0000|-0.0000|-0.0000|-0.0000|-0.0000|-0.0000|-0.0000|-0.0000|-0.0000|-0.0000|-0.0000|-0.0000|-0.0000|-0.0000|-0.0000|-0.0000|-0.0000|-0.0000|-0.0000|-0.0000|-0.0000|-0.0001|-0.0001|-0.0002|-0.0006|-0.0013|-0.0035|-0.0095|-0.0283|-0.0862|-0.2300|-0.4783|-0.7990|-1.1456|-1.4807|-1.7897|-2.0733|-2.3362|-2.5826|-2.8153|-3.0367|-3.2481|-3.4508|-3.6455|-3.8330|-4.0139|-4.1886|-4.3575|-4.5209|-4.6790|-4.8322|-4.9807|-5.1247|-5.2643|-5.3998|-5.5314|-5.6592|-5.7835|-5.9045|-6.0222|-6.1370|-6.2490|-6.3585|-6.4654|-6.5702|-7.3411|-8.0428|-8.7104|-9.3609|-10.0025|-10.6394|-11.2734|-11.9060|-12.5375|-13.1685|-13.7991|-14.4295|-15.0597|-15.6899|-16.3199,1683.605269276866,0.0900738418037088,4.728093337040632e-06,0.0024229404563113,0.0019722101921529,0.303,0.255,False,retired,5.319030|5.749095|5.035840|5.051434|5.708160|4.701731|5.158617|4.933292|5.084155|4.967988,,FP,found in faint-star QLP search
35315453,4412.01,2.0341287214077046,1.485717528011289,0.0838003587360373,36.04078051095529,6.864,1.48994,1.93448,4.02464,-0.0020176,6687.52,56.0,False,-7.824802660414381,4.9109,0.341576,-0.0000|-0.0000|-0.0000|-0.0000|-0.0000|-0.0000|-0.0000|-0.0000|-0.0000|-0.0000|-0.0000|-0.0000|-0.0000|-0.0000|-0.0000|-0.0000|-0.0000|-0.0000|-0.0001|-0.0001|-0.0002|-0.0004|-0.0008|-0.0016|-0.0036|-0.0082|-0.0194|-0.0476|-0.1153|-0.2548|-0.4878|-0.8051|-1.1701|-1.5374|-1.8770|-2.1821|-2.4576|-2.7100|-2.9442|-3.1635|-3.3704|-3.5667|-3.7537|-3.9323|-4.1034|-4.2677|-4.4257|-4.5779|-4.7247|-4.8665|-5.0036|-5.1363|-5.2649|-5.3897|-5.5110|-5.6288|-5.7436|-5.8553|-5.9644|-6.0709|-6.1750|-6.2769|-6.3767|-6.4746|-6.5707|-7.2840|-7.9359|-8.5524|-9.1481|-9.7314|-10.3070|-10.8776|-11.4451|-12.0105|-12.5745|-13.1376|-13.7000|-14.2620|-14.8236|-15.3851,1630.0570608198047,0.1676007174720746,1.7274946630651728e-06,0.0014651281321327,0.0015476000791316,0.296,0.239,False,snrd|known_eb|retired,5.489426|4.308742|4.831231|4.762056|4.516467|5.015885|5.428508|4.877912|4.982537|4.896238,,FP,crowded field; possible odd-even; slight increase in flux imeadiately after transit; retired as TFOP FP/EB
142938659,4668.01,1.0053681989459229,0.9743564842016588,0.0210127533260675,28.04934259846011,4.303,0.40894,0.429987,4.7733,0.348719,3382.72,61.0,False,-7.45728941563529,5.6353,0.317485,-0.0000|-0.0000|-0.0000|-0.0000|-0.0000|-0.0000|-0.0000|-0.0000|-0.0000|-0.0000|-0.0000|-0.0000|-0.0000|-0.0000|-0.0000|-0.0000|-0.0000|-0.0000|-0.0000|-0.0000|-0.0000|-0.0001|-0.0001|-0.0002|-0.0004|-0.0007|-0.0015|-0.0030|-0.0066|-0.0147|-0.0342|-0.0818|-0.1899|-0.3979|-0.7208|-1.1258|-1.5521|-1.9526|-2.3113|-2.6306|-2.9180|-3.1801|-3.4216|-3.6460|-3.8560|-4.0533|-4.2395|-4.4160|-4.5837|-4.7438|-4.8969|-5.0438|-5.1852|-5.3218|-5.4539|-5.5821|-5.7067|-5.8282|-5.9469|-6.0630|-6.1769|-6.2886|-6.3985|-6.5066|-6.6132|-7.4189|-8.1749|-8.9006|-9.6061|-10.2971|-10.9775|-11.6501|-12.3169|-12.9794|-13.6388|-14.2957|-14.9509|-15.6047|-16.2576|-16.9097,3937.154437485757,0.042025506652135,3.6734797442408537e-06,0.0008264680156778,0.0009943227702904,0.361,0.345,False,snrd|retired,6.210232|5.715330|5.309943|5.241008|5.617793|5.704177|5.655012|5.800935|5.974610|5.123749,,FP,V-shaped; found in faint-star QLP search
219338557,133.01,8.199723634089377,1.9620928319231663,0.042651340044381,32.3357136312887,1.93,0.619623,0.646046,4.61326,-0.0462604,4125.82,23.0,False,-9.74489860880994,5.3436,0.181942,-0.0000|-0.0000|-0.0000|-0.0000|-0.0000|-0.0000|-0.0000|-0.0000|-0.0000|-0.0000|-0.0000|-0.0000|-0.0000|-0.0000|-0.0000|-0.0000|-0.0000|-0.0000|-0.0000|-0.0000|-0.0000|-0.0000|-0.0000|-0.0000|-0.0001|-0.0002|-0.0005|-0.0016|-0.0049|-0.0167|-0.0615|-0.2112|-0.5296|-0.9649|-1.4233|-1.8516|-2.2399|-2.5939|-2.9209|-3.2261|-3.5134|-3.7854|-4.0443|-4.2917|-4.5289|-4.7569|-4.9768|-5.1892|-5.3948|-5.5941|-5.7877|-5.9761|-6.1596|-6.3385|-6.5134|-6.6844|-6.8518|-7.0160|-7.1771|-7.3355|-7.4914|-7.6449|-7.7962|-7.9456|-8.0931|-9.2177|-10.2880|-11.3311|-12.3598|-13.3806|-14.3966|-15.4096|-16.4206|-17.4300|-18.4384|-19.4459|-20.4527|-21.4588|-22.4645|-23.4697,1327.269679869227,0.085302680088762,9.10947490497715e-06,0.0026177272716294,0.0017578389730422,0.084,0.078,False,known_eb|retired,5.313448|5.296140|5.445702|5.255998|5.484404|5.144521|5.701338|5.181790|5.090180|5.522293,,FP,increasing odd-even from ~ 2 sigma in spoc-s01-s36 TEC plots to ~4 to 7 sigma odd-even in spoc-s01-s69 TEC plots; retired as TFOP FP/EB
309133240,7338.01,3.3847165374894224,1.314355999631628,0.0658672238223043,29.674367792385528,1.744,0.840866,0.821542,4.5353,0.0149284,5199.0,18.0,False,-8.731138758214753,5.3199,0.386618,-0.0000|-0.0000|-0.0000|-0.0000|-0.0000|-0.0000|-0.0000|-0.0000|-0.0000|-0.0000|-0.0000|-0.0000|-0.0000|-0.0000|-0.0000|-0.0000|-0.0000|-0.0000|-0.0000|-0.0000|-0.0001|-0.0001|-0.0002|-0.0004|-0.0009|-0.0018|-0.0039|-0.0087|-0.0199|-0.0471|-0.1106|-0.2425|-0.4732|-0.8105|-1.2268|-1.6689|-2.0880|-2.4632|-2.7964|-3.0963|-3.3708|-3.6256|-3.8645|-4.0902|-4.3049|-4.5100|-4.7067|-4.8962|-5.0791|-5.2563|-5.4284|-5.5957|-5.7589|-5.9183|-6.0743|-6.2270|-6.3770|-6.5242|-6.6690|-6.8116|-6.9521|-7.0907|-7.2275|-7.3627|-7.4963|-8.5142|-9.4752|-10.4004|-11.3023|-12.1893|-13.0664|-13.9369|-14.8030|-15.6660|-16.5267|-17.3857|-18.2434|-19.1001|-19.9559|-20.8109,1791.9797755290524,0.1317344476446086,4.114331022749488e-06,0.0013073701794903,0.0016952640136221,0.13,0.124,False,retired,5.003929|5.832984|5.132595|4.512306|5.057010|5.522612|5.690784|5.389575|5.757317|5.299862,,FP,V-shaped; possible offset; possible odd-even
449549170,3159.01,1.4754008579015174,0.280255502034727,0.0975591356898522,21.00769077647816,4.346,1.05119,1.65342,4.01618,-0.431767,6181.58,96.0,False,-5.395340296762524,6.1468,0.510613,-0.0000|-0.0000|-0.0000|-0.0000|-0.0000|-0.0000|-0.0000|-0.0000|-0.0000|-0.0000|-0.0000|-0.0000|-0.0000|-0.0000|-0.0000|-0.0000|-0.0000|-0.0000|-0.0000|-0.0000|-0.0000|-0.0000|-0.0000|-0.0000|-0.0000|-0.0001|-0.0001|-0.0003|-0.0008|-0.0021|-0.0058|-0.0176|-0.0536|-0.1406|-0.2932|-0.5073|-0.7644|-1.0367|-1.2993|-1.5416|-1.7645|-1.9723|-2.1682|-2.3545|-2.5328|-2.7043|-2.8699|-3.0303|-3.1859|-3.3373|-3.4849|-3.6289|-3.7695|-3.9072|-4.0420|-4.1741|-4.3037|-4.4310|-4.5560|-4.6789|-4.7997|-4.9187|-5.0359|-5.1513|-5.2650|-6.1185|-6.8999|-7.6297|-8.3228|-8.9898|-9.6382|-10.2733|-10.8987|-11.5170|-12.1299|-12.7386|-13.3440|-13.9467|-14.5471|-15.1457,2334.1487874894297,0.1951182713797044,2.1937845533387347e-06,0.0022507473624838,0.0023325367596903,0.241,0.213,False,snrd|known_eb|retired,5.669835|6.050634|6.090932|6.389645|5.486406|7.003206|5.475131|6.526100|5.925906|6.850407,,FP,found in faint-star QLP search; retired as TFOP FP/NEB; offset centered near star 54 (TIC 449548882 Tmag ~10.62) in spoc-s1-s65
154459165,611.01,3.147181074965128,0.2434229994861483,0.066864732330841,23.93681161228256,2.483,0.779106,0.7595,4.56897,0.0962168,4874.88,37.0,False,-8.080590418729443,4.8252,0.257521,-0.0000|-0.0000|-0.0000|-0.0000|-0.0000|-0.0000|-0.0000|-0.0000|-0.0000|-0.0000|-0.0000|-0.0000|-0.0000|-0.0000|-0.0000|-0.0000|-0.0000|-0.0000|-0.0000|-0.0000|-0.0001|-0.0002|-0.0004|-0.0009|-0.0021|-0.0055|-0.0155|-0.0474|-0.1426|-0.3518|-0.6696|-1.0465|-1.4330|-1.7984|-2.1334|-2.4410|-2.7264|-2.9940|-3.2471|-3.4879|-3.7178|-3.9383|-4.1502|-4.3543|-4.5513|-4.7417|-4.9260|-5.1047|-5.2781|-5.4466|-5.6104|-5.7699|-5.9254|-6.0771|-6.2252|-6.3700|-6.5117|-6.6505|-6.7867|-6.9203|-7.0516|-7.1808|-7.3081|-7.4335|-7.5572|-8.4948|-9.3798|-10.2370|-11.0790|-11.9121|-12.7397|-13.5637|-14.3852|-15.2051|-16.0236|-16.8411|-17.6577|-18.4737|-19.2892|-20.1041,1491.896776033862,0.133729464661682,3.7265882912675625e-06,0.0019897990548109,0.0016780312963117,0.136,0.129,False,known_eb|retired,4.818023|4.717703|4.683020|4.810492|5.214647|4.629364|4.811061|4.395012|4.841880|5.330743,,FP,possible offset towards 154459164; retired as TFOP FP/NEB
123627908,2515.01,5.903173797393205,1.911158832665116,0.0397132053732489,64.85942368247825,8.455,1.24192,1.6637,4.08614,0.0337454,6109.77,15.0,False,-8.52385667149301,7.1357,0.651764,-0.0000|-0.0000|-0.0000|-0.0000|-0.0000|-0.0000|-0.0000|-0.0000|-0.0000|-0.0000|-0.0000|-0.0000|-0.0000|-0.0000|-0.0000|-0.0000|-0.0000|-0.0000|-0.0000|-0.0000|-0.0000|-0.0000|-0.0000|-0.0000|-0.0000|-0.0000|-0.0000|-0.0000|-0.0000|-0.0001|-0.0001|-0.0004|-0.0009|-0.0025|-0.0075|-0.0243|-0.0749|-0.1901|-0.3850|-0.6494|-0.9537|-1.2639|-1.5577|-1.8291|-2.0803|-2.3153|-2.5373|-2.7485|-2.9506|-3.1448|-3.3321|-3.5132|-3.6886|-3.8588|-4.0244|-4.1855|-4.3426|-4.4958|-4.6453|-4.7915|-4.9345|-5.0743|-5.2112|-5.3454|-5.4769|-6.4402|-7.2885|-8.0566|-8.7700|-9.4465|-10.0979|-10.7319|-11.3537|-11.9668|-12.5735|-13.1755|-13.7740|-14.3698|-14.9636|-15.5557,2203.6552002083145,0.0794264107464978,4.147638647816055e-06,0.0008331230858992,0.0011238093351275,0.373,0.366,False,retired,7.154125|6.726219|6.489310|8.639438|7.617478|6.215078|7.430816|6.667363|7.162397|7.254442,,FP,v-shaped
418959198,1424.01,4.896253311638166,1.872092107892099,0.0337032042810672,23.699992840531465,2.574,0.7333,0.720358,4.57879,0.0517316,4656.88,15.0,False,-7.820639696487963,5.0729,0.338875,-0.0000|-0.0000|-0.0000|-0.0000|-0.0000|-0.0000|-0.0000|-0.0000|-0.0000|-0.0000|-0.0000|-0.0000|-0.0000|-0.0000|-0.0000|-0.0000|-0.0000|-0.0000|-0.0000|-0.0000|-0.0001|-0.0002|-0.0003|-0.0007|-0.0014|-0.0032|-0.0074|-0.0183|-0.0469|-0.1198|-0.2786|-0.5486|-0.9131|-1.3267|-1.7417|-2.1283|-2.4794|-2.7993|-3.0943|-3.3696|-3.6287|-3.8739|-4.1070|-4.3292|-4.5414|-4.7444|-4.9387|-5.1248|-5.3030|-5.4738|-5.6376|-5.7946|-5.9453|-6.0901|-6.2294|-6.3635|-6.4929|-6.6181|-6.7394|-6.8571|-6.9717|-7.0835|-7.1929|-7.2999|-7.4051|-8.1931|-8.9357|-9.6595|-10.3747|-11.0854|-11.7936|-12.5002|-13.2057|-13.9105|-14.6147|-15.3185|-16.0220|-16.7251|-17.4280|-18.1307,1740.533117633702,0.0674064085621344,5.261605079044656e-06,0.0013756635525077,0.0018679466384092,0.143,0.134,False,retired,5.228225|4.868957|5.134111|4.882609|5.218200|5.734115|4.997004|4.370213|5.339696|4.956023,,FP,L1 candidate; multiple stars in pixel; slightly asymmetric transit shape
313675203,4367.01,2.5025805567144284,0.9824846799993628,0.0525726581532162,33.828649747830084,2.01,0.931656,0.887539,4.50611,0.159957,5379.57,56.0,False,-7.692517514828189,5.1032,0.341995,-0.0000|-0.0000|-0.0000|-0.0000|-0.0000|-0.0000|-0.0000|-0.0000|-0.0000|-0.0000|-0.0000|-0.0000|-0.0000|-0.0000|-0.0000|-0.0000|-0.0000|-0.0000|-0.0000|-0.0000|-0.0001|-0.0001|-0.0002|-0.0005|-0.0011|-0.0025|-0.0061|-0.0167|-0.0504|-0.1466|-0.3270|-0.5738|-0.8657|-1.1724|-1.4643|-1.7306|-1.9745|-2.2015|-2.4158|-2.6199|-2.8155|-3.0038|-3.1856|-3.3617|-3.5325|-3.6985|-3.8602|-4.0179|-4.1719|-4.3224|-4.4697|-4.6139|-4.7554|-4.8942|-5.0304|-5.1644|-5.2961|-5.4256|-5.5532|-5.6789|-5.8028|-5.9249|-6.0454|-6.1644|-6.2819|-7.1704|-7.9955|-8.7755|-9.5229|-10.2464|-10.9523|-11.6451|-12.3277|-13.0027|-13.6716|-14.3356|-14.9958|-15.6528|-16.3072|-16.9595,1600.2124306140586,0.1051453163064324,2.0238117045419843e-06,0.0013898465640578,0.0019019518566664,0.109,0.101,False,snrd|known_eb|retired,5.522106|4.824011|5.522106|4.824011|4.824011|5.522106|5.522106|4.824011|4.824011|4.824011,,FP,possible L1 planet; possible centroid offset; weak signal; centroid offset near other stars 30
331484419,5811.01,6.257785577806748,3.4949602984500854,0.0813999499143712,22.701550925022627,10.881,0.955396,0.944448,4.46673,0.0254795,5608.0,4.0,False,-7.823322427183628,4.3432,0.338306,-0.0000|-0.0000|-0.0000|-0.0000|-0.0000|-0.0000|-0.0000|-0.0000|-0.0000|-0.0000|-0.0000|-0.0000|-0.0000|-0.0001|-0.0001|-0.0002|-0.0003|-0.0005|-0.0010|-0.0017|-0.0032|-0.0060|-0.0116|-0.0230|-0.0468|-0.0963|-0.1938|-0.3667|-0.6329|-0.9869|-1.4005|-1.8359|-2.2582|-2.6456|-2.9914|-3.2994|-3.5770|-3.8308|-4.0654|-4.2843|-4.4900|-4.6843|-4.8685|-5.0439|-5.2111|-5.3710|-5.5242|-5.6712|-5.8123|-5.9481|-6.0789|-6.2050|-6.3268|-6.4446|-6.5587|-6.6693|-6.7769|-6.8815|-6.9836|-7.0833|-7.1808|-7.2764|-7.3702|-7.4624|-7.5533|-8.2393|-8.8887|-9.5215|-10.1461|-10.7660|-11.3829|-11.9979|-12.6114|-13.2239|-13.8355|-14.4465|-15.0570|-15.6672|-16.2770|-16.8867,3536.8967385404394,0.1627998998287424,0.0014211810090874,0.0029621395989959,0.0026827214267905,2.878,2.86,False,retired,4.634324|4.315382|4.449540|4.317106|3.932239|3.709877|4.656776|4.730204,,FP,match to TIC 331484427 (which is a fainter star)
343774169,7163.01,5.391822424720528,4.446740883576058,0.0437389261017382,22.57326194613364,4.706,0.835895,0.816606,4.53789,0.0142552,5179.0,8.0,False,-5.98590599734165,5.8052,0.730279,-0.0000|-0.0000|-0.0000|-0.0000|-0.0000|-0.0000|-0.0000|-0.0000|-0.0000|-0.0000|-0.0000|-0.0000|-0.0000|-0.0000|-0.0000|-0.0000|-0.0000|-0.0000|-0.0000|-0.0000|-0.0000|-0.0001|-0.0001|-0.0002|-0.0004|-0.0008|-0.0017|-0.0035|-0.0076|-0.0171|-0.0391|-0.0867|-0.1775|-0.3259|-0.5357|-0.7982|-1.0945|-1.4012|-1.6984|-1.9754|-2.2302|-2.4653|-2.6840|-2.8894|-3.0833|-3.2675|-3.4430|-3.6107|-3.7714|-3.9256|-4.0739|-4.2166|-4.3543|-4.4872|-4.6156|-4.7399|-4.8604|-4.9773|-5.0909|-5.2013|-5.3089|-5.4138|-5.5163|-5.6165|-5.7145|-6.4363|-7.0909|-7.7085|-8.3044|-8.8863|-9.4585|-10.0233|-10.5824|-11.1366|-11.6867|-12.2331|-12.7763|-13.3165|-13.8540|-14.3891,1743.1202978270885,0.0874778522034764,0.0004799512394308,0.0022014591968171,0.003079507887931,0.406,0.393,False,retired,5.746680|6.170138|4.507194|5.409397|5.880454|5.275069|6.258350|5.374244|7.429734|6.000431,,FP,found in faint-star QLP search; retired as TFOP NPC (nearby planet candidate)
374919956,6042.01,7.795087135847912,6.458717071646273,0.0337557082433213,31.05519788955221,22.205,1.49514,1.60803,4.19695,-0.111741,9434.0,5.0,False,-8.567511432486576,5.0064,0.276102,-0.0000|-0.0000|-0.0000|-0.0000|-0.0000|-0.0000|-0.0000|-0.0000|-0.0000|-0.0000|-0.0000|-0.0000|-0.0000|-0.0000|-0.0000|-0.0000|-0.0000|-0.0000|-0.0000|-0.0000|-0.0000|-0.0001|-0.0001|-0.0003|-0.0007|-0.0019|-0.0052|-0.0161|-0.0552|-0.1768|-0.4145|-0.7357|-1.0917|-1.4434|-1.7716|-2.0741|-2.3551|-2.6191|-2.8691|-3.1075|-3.3358|-3.5553|-3.7667|-3.9710|-4.1686|-4.3603|-4.5463|-4.7271|-4.9031|-5.0746|-5.2419|-5.4053|-5.5650|-5.7212|-5.8742|-6.0242|-6.1713|-6.3157|-6.4575|-6.5970|-6.7342|-6.8693|-7.0024|-7.1335|-7.2629|-8.2371|-9.1373|-9.9864|-10.8005|-11.5909|-12.3657|-13.1303|-13.8881|-14.6417|-15.3925|-16.1415|-16.8892|-17.6361|-18.3825|-19.1286,2888.7973010519786,0.0675114164866426,1.802580520176529e-05,0.0008633939513064,0.0017389059741337,0.632,0.761,False,retired,5.571093|4.744370|5.099393|5.094162|4.730191|5.417971|4.823602|4.765030|4.876340|4.941870,,FP,slight odd-even likely due to detrending; possibly too large
160476088,4948.01,0.4722382089926423,0.1415792825013549,0.0253406613164747,28.99218805925109,6.775,1.03455,1.01842,4.43322,-0.0593154,5936.55,140.0,False,-7.827475925225494,5.1235,0.310105,-0.0000|-0.0000|-0.0000|-0.0000|-0.0000|-0.0000|-0.0000|-0.0000|-0.0000|-0.0000|-0.0000|-0.0000|-0.0000|-0.0000|-0.0000|-0.0000|-0.0000|-0.0000|-0.0000|-0.0001|-0.0001|-0.0003|-0.0005|-0.0010|-0.0019|-0.0040|-0.0087|-0.0198|-0.0488|-0.1236|-0.2775|-0.5155|-0.8214|-1.1649|-1.5098|-1.8322|-2.1259|-2.3944|-2.6430|-2.8763|-3.0970|-3.3073|-3.5086|-3.7020|-3.8884|-4.0686|-4.2430|-4.4122|-4.5766|-4.7366|-4.8925|-5.0446|-5.1932|-5.3385|-5.4807|-5.6201|-5.7569|-5.8912|-6.0232|-6.1530|-6.2809|-6.4068|-6.5310|-6.6536|-6.7747|-7.6944|-8.5614|-9.3971|-10.2134|-11.0169|-11.8116|-12.5998|-13.3832|-14.1628|-14.9393|-15.7134|-16.4853|-17.2555|-18.0241|-18.7915,3068.8902224018266,0.0506813226329494,4.440358536025508e-07,0.0008144397179429,0.0010367414511261,0.362,0.321,False,snrd|retired,4.953950|4.752761|5.598983|4.831441|5.232096|4.976087|5.521720|4.944184|5.561354|4.862536,,FP,found in faint-star QLP search; transit slightly difficult to see because period is folded on a multiple of the cadence
445496795,3644.01,1.831756046451676,0.6007449138763964,0.0381567374422481,19.35272988559246,12.099,1.8432,2.39513,3.94165,0.0113243,7720.39,25.0,False,-5.884828673433613,4.7065,0.430734,-0.0000|-0.0000|-0.0000|-0.0000|-0.0000|-0.0000|-0.0000|-0.0000|-0.0000|-0.0000|-0.0000|-0.0000|-0.0000|-0.0000|-0.0000|-0.0000|-0.0001|-0.0001|-0.0002|-0.0004|-0.0008|-0.0016|-0.0031|-0.0064|-0.0138|-0.0314|-0.0723|-0.1548|-0.2941|-0.4961|-0.7542|-1.0487|-1.3513|-1.6379|-1.8979|-2.1327|-2.3472|-2.5463|-2.7331|-2.9101|-3.0788|-3.2404|-3.3958|-3.5457|-3.6907|-3.8313|-3.9678|-4.1005|-4.2297|-4.3557|-4.4787|-4.5988|-4.7163|-4.8313|-4.9438|-5.0541|-5.1623|-5.2684|-5.3726|-5.4749|-5.5754|-5.6742|-5.7715|-5.8672|-5.9614|-6.6658|-7.3086|-7.9093|-8.4815|-9.0339|-9.5723|-10.1006|-10.6214|-11.1364|-11.6471|-12.1542|-12.6586|-13.1607|-13.6610|-14.1598,2882.938828851444,0.0763134748844962,5.202247627615812e-06,0.0013364262445104,0.0021015884278356,0.585,0.583,False,retired,4.908366|4.220026|5.634840|4.396474|4.125160|4.937178|4.714572|4.681651|4.386203|5.060816,,FP,found in faint-star QLP search
210337597,7324.01,0.525750425523272,0.0885110974306644,0.0245717171093525,22.917928365197422,2.341,0.718918,0.712361,4.58717,-0.00292859,4649.0,165.0,False,-7.030748701843531,5.1288,0.376801,-0.0000|-0.0000|-0.0000|-0.0000|-0.0000|-0.0000|-0.0000|-0.0000|-0.0000|-0.0000|-0.0000|-0.0000|-0.0000|-0.0000|-0.0000|-0.0000|-0.0000|-0.0001|-0.0001|-0.0002|-0.0004|-0.0007|-0.0012|-0.0021|-0.0040|-0.0075|-0.0146|-0.0292|-0.0594|-0.1207|-0.2371|-0.4329|-0.7164|-1.0690|-1.4514|-1.8253|-2.1689|-2.4778|-2.7559|-3.0089|-3.2417|-3.4582|-3.6613|-3.8530|-4.0351|-4.2087|-4.3750|-4.5347|-4.6887|-4.8375|-4.9816|-5.1215|-5.2576|-5.3901|-5.5195|-5.6459|-5.7696|-5.8908|-6.0098|-6.1266|-6.2414|-6.3545|-6.4658|-6.5756|-6.6839|-7.5037|-8.2719|-9.0079|-9.7226|-10.4224|-11.1111|-11.7915|-12.4654|-13.1344|-13.7996|-14.4616|-15.1213|-15.7790|-16.4353|-17.0904,1683.4507357191671,0.049143434218705,7.480621537996972e-07,0.0012306647967575,0.0014074487296904,0.231,0.228,False,known_eb|retired,5.037562|5.364737|5.205380|5.390041|5.044258|4.674107|5.448428|4.381568|5.751815|4.990488,,FP,found in faint-star QLP search; retired as TFOP FP/NEB
14956304,5896.01,0.9968068151966192,0.4677858612650144,0.0432052405086292,22.891002560150337,8.072,0.558276,0.588183,4.64513,-0.0121106,3662.0,46.0,False,-5.884254449179712,4.4625,0.485076,-0.0000|-0.0000|-0.0000|-0.0000|-0.0000|-0.0000|-0.0000|-0.0000|-0.0000|-0.0000|-0.0000|-0.0001|-0.0001|-0.0002|-0.0003|-0.0004|-0.0006|-0.0010|-0.0017|-0.0029|-0.0049|-0.0088|-0.0164|-0.0320|-0.0646|-0.1275|-0.2310|-0.3768|-0.5598|-0.7716|-1.0018|-1.2390|-1.4724|-1.6944|-1.9022|-2.0960|-2.2778|-2.4498|-2.6135|-2.7703|-2.9212|-3.0669|-3.2079|-3.3447|-3.4777|-3.6071|-3.7333|-3.8564|-3.9767|-4.0942|-4.2093|-4.3219|-4.4322|-4.5404|-4.6464|-4.7504|-4.8525|-4.9527|-5.0511|-5.1478|-5.2428|-5.3362|-5.4281|-5.5184|-5.6073|-6.2676|-6.8604|-7.4043|-7.9142|-8.4006|-8.8709|-9.3297|-9.7804|-10.2250|-10.6650|-11.1014|-11.5350|-11.9663|-12.3958|-12.8238,3507.027623684071,0.0864104810172584,7.276550381299223e-05,0.0021657840569716,0.0029479290692632,0.536,0.515,False,retired,4.995945|4.368332|4.137812|3.806319|4.432794|4.152350|5.557011|4.452699|4.038405|4.682908,,FP,found in faint-star QLP search
389999924,3176.01,4.759224170109075,1.350813242403626,0.0949527206286209,30.3843380351232,9.689,0.95702,1.12954,4.30404,-0.223345,5911.15,16.0,False,-7.192600043962324,5.2192,0.478255,-0.0000|-0.0000|-0.0000|-0.0000|-0.0000|-0.0000|-0.0000|-0.0000|-0.0000|-0.0000|-0.0000|-0.0000|-0.0000|-0.0000|-0.0000|-0.0000|-0.0000|-0.0000|-0.0000|-0.0000|-0.0001|-0.0002|-0.0003|-0.0006|-0.0012|-0.0027|-0.0062|-0.0161|-0.0451|-0.1178|-0.2525|-0.4495|-0.6988|-0.9836|-1.2802|-1.5656|-1.8278|-2.0668|-2.2874|-2.4942|-2.6904|-2.8780|-3.0583|-3.2324|-3.4010|-3.5647|-3.7239|-3.8790|-4.0303|-4.1781|-4.3228|-4.4643|-4.6031|-4.7391|-4.8726|-5.0037|-5.1326|-5.2593|-5.3839|-5.5066|-5.6274|-5.7464|-5.8638|-5.9795|-6.0937|-6.9545|-7.7503|-8.5018|-9.2235|-9.9250|-10.6125|-11.2901|-11.9604|-12.6252|-13.2858|-13.9429|-14.5972|-15.2491|-15.8989|-16.5470,3015.7258114609767,0.1899054412572418,2.007809369377524e-05,0.0016535868942413,0.0031496746761937,0.598,0.546,False,known_eb|retired,4.580534|5.097969|4.765069|6.118468|4.775017|5.130754|5.374410|4.942946|5.897730|5.508754,,FP,found in faint-star QLP search; offset on  another star TIC 389999912 (16.7 Tmag 12
284688043,5399.01,4.062683457469918,1.8295183112206428,0.0982796024935162,17.60854506947854,4.598,1.33325,2.13013,3.89234,-0.56087,6714.22,34.0,False,-6.765325966334657,4.889,0.321963,-0.0000|-0.0000|-0.0000|-0.0000|-0.0000|-0.0000|-0.0000|-0.0000|-0.0000|-0.0000|-0.0000|-0.0000|-0.0000|-0.0000|-0.0000|-0.0000|-0.0000|-0.0000|-0.0000|-0.0001|-0.0002|-0.0003|-0.0007|-0.0014|-0.0031|-0.0073|-0.0182|-0.0485|-0.1257|-0.2814|-0.5303|-0.8598|-1.2331|-1.6056|-1.9484|-2.2557|-2.5334|-2.7886|-3.0268|-3.2516|-3.4653|-3.6698|-3.8663|-4.0558|-4.2391|-4.4169|-4.5896|-4.7578|-4.9218|-5.0819|-5.2384|-5.3916|-5.5417|-5.6890|-5.8336|-5.9757|-6.1155|-6.2531|-6.3886|-6.5223|-6.6542|-6.7844|-6.9130|-7.0403|-7.1661|-8.1285|-9.0431|-9.9293|-10.7973|-11.6532|-12.5003|-13.3408|-14.1762|-15.0073|-15.8349|-16.6596|-17.4818|-18.3018|-19.1200|-19.9365,1685.2121771490413,0.1965592049870324,9.91998417207612e-06,0.0032876042628937,0.0024711034613142,0.226,0.192,False,snrd|retired,5.020464|4.566256|5.393451|5.412314|4.921295|4.951082|4.413977|4.668121|4.571571|4.971063,,FP,weak centroid offset; possibly multi
84788795,5446.01,4.498685257902325,3.616613226826756,0.0454451204434384,17.339255751305924,11.138,1.28805,1.39365,4.24926,-0.0612525,6574.35,7.0,False,-7.087544977216028,4.227,0.399309,-0.0000|-0.0000|-0.0000|-0.0000|-0.0000|-0.0000|-0.0000|-0.0000|-0.0000|-0.0000|-0.0000|-0.0001|-0.0001|-0.0002|-0.0003|-0.0005|-0.0009|-0.0015|-0.0025|-0.0043|-0.0076|-0.0137|-0.0253|-0.0480|-0.0925|-0.1753|-0.3141|-0.5216|-0.8021|-1.1482|-1.5390|-1.9433|-2.3295|-2.6774|-2.9835|-3.2548|-3.4999|-3.7258|-3.9369|-4.1361|-4.3253|-4.5057|-4.6786|-4.8447|-5.0046|-5.1589|-5.3082|-5.4527|-5.5929|-5.7292|-5.8618|-5.9910|-6.1171|-6.2402|-6.3607|-6.4787|-6.5944|-6.7079|-6.8195|-6.9292|-7.0372|-7.1437|-7.2487|-7.3524|-7.4549|-8.2353|-8.9760|-9.6955|-10.4034|-11.1048|-11.8024|-12.4978|-13.1918|-13.8850|-14.5775|-15.2695|-15.9613|-16.6528|-17.3440|-18.0351,3238.9840416145794,0.0908902408868768,0.0004930858124443,0.0026068232088633,0.0026777373852998,0.654,0.604,False,retired,4.118010|4.061990|4.412689|4.823832|3.443674|4.458187|4.819453|4.044180|3.891958|4.196053,,FP,found in faint-star QLP search; possible centroid offset towards TIC 84788789
66151343,2846.01,2.679260313955649,0.07628871859304,0.0567616099389668,19.06289032584064,13.519,1.29205,1.31785,4.30117,-0.07158,6636.33,25.0,False,-6.929088698685876,4.9282,0.300608,-0.0000|-0.0000|-0.0000|-0.0000|-0.0000|-0.0000|-0.0000|-0.0000|-0.0000|-0.0000|-0.0000|-0.0000|-0.0000|-0.0000|-0.0000|-0.0000|-0.0000|-0.0000|-0.0000|-0.0001|-0.0001|-0.0003|-0.0006|-0.0012|-0.0027|-0.0063|-0.0152|-0.0377|-0.0943|-0.2220|-0.4553|-0.7957|-1.2009|-1.6108|-1.9868|-2.3219|-2.6231|-2.8984|-3.1535|-3.3923|-3.6173|-3.8305|-4.0331|-4.2263|-4.4108|-4.5875|-4.7568|-4.9194|-5.0757|-5.2263|-5.3716|-5.5120|-5.6481|-5.7801|-5.9084|-6.0335|-6.1556|-6.2750|-6.3920|-6.5069|-6.6199|-6.7311|-6.8409|-6.9492|-7.0563|-7.8768|-8.6640|-9.4341|-10.1940|-10.9471|-11.6954|-12.4401|-13.1818|-13.9211|-14.6584|-15.3940|-16.1281|-16.8610|-17.5928|-18.3237,2964.0152594693022,0.1135232198779336,1.1517555168643789e-05,0.0022565697909026,0.0031240022571752,0.664,0.574,False,retired,4.820757|5.278562|5.005872|5.350728|4.996361|4.736439|4.310976|4.796287|4.731426|5.254213,,FP,found in faint-star QLP search
666567477,3745.01,1.68839943348269,0.3536902940876741,0.0529880191704892,18.916436407554954,7.774,0.873181,0.839018,4.53039,0.115102,5229.92,14.0,False,-8.703823069906505,4.3257,0.159217,-0.0000|-0.0000|-0.0000|-0.0000|-0.0000|-0.0000|-0.0000|-0.0000|-0.0000|-0.0000|-0.0000|-0.0000|-0.0000|-0.0000|-0.0000|-0.0000|-0.0000|-0.0001|-0.0001|-0.0003|-0.0007|-0.0016|-0.0039|-0.0101|-0.0275|-0.0784|-0.2181|-0.5141|-0.9460|-1.4233|-1.8801|-2.2933|-2.6641|-3.0005|-3.3097|-3.5971|-3.8667|-4.1213|-4.3633|-4.5943|-4.8158|-5.0291|-5.2351|-5.4347|-5.6287|-5.8177|-6.0022|-6.1828|-6.3597|-6.5335|-6.7045|-6.8728|-7.0388|-7.2028|-7.3648|-7.5250|-7.6837|-7.8410|-7.9970|-8.1517|-8.3054|-8.4580|-8.6097|-8.7606|-8.9106|-10.0815|-11.2247|-12.3503|-13.4641|-14.5693|-15.6682|-16.7623|-17.8527|-18.9401|-20.0251|-21.1082|-22.1897|-23.2699|-24.3489|-25.4271,2911.926067905463,0.1059760383409784,0.0002196432096844,0.0017678695090212,0.0022098639639256,0.486,0.451,False,retired,4.296801|4.452730|4.320596|4.247290|3.887941|4.458621|4.398251|4.398251|4.398251|4.398251,,FP,found in faint-star QLP search
259502942,6367.01,2.167324622612809,1.209473139692106,0.0667956553636421,28.965573435112,7.782,0.558276,0.588183,4.64513,-0.0121106,3510.0,14.0,False,-7.655845346647876,5.4765,0.297307,-0.0000|-0.0000|-0.0000|-0.0000|-0.0000|-0.0000|-0.0000|-0.0000|-0.0000|-0.0000|-0.0000|-0.0000|-0.0000|-0.0000|-0.0000|-0.0000|-0.0000|-0.0000|-0.0000|-0.0000|-0.0000|-0.0000|-0.0000|-0.0001|-0.0001|-0.0003|-0.0008|-0.0021|-0.0056|-0.0162|-0.0495|-0.1449|-0.3518|-0.6764|-1.0665|-1.4569|-1.8134|-2.1333|-2.4240|-2.6919|-2.9419|-3.1771|-3.3999|-3.6120|-3.8146|-4.0090|-4.1958|-4.3759|-4.5497|-4.7177|-4.8803|-5.0378|-5.1906|-5.3388|-5.4828|-5.6226|-5.7585|-5.8908|-6.0195|-6.1449|-6.2671|-6.3863|-6.5027|-6.6165|-6.7279|-7.5446|-8.2831|-8.9826|-9.6619|-10.3298|-10.9908|-11.6469|-12.2997|-12.9498|-13.5979|-14.2443|-14.8893|-15.5331|-16.1759|-16.8179,3287.017737747064,0.1335913107272842,2.039900732491027e-05,0.0025059522099296,0.0042112410817482,0.596,0.565,False,retired,5.696572|5.565009|6.124938|5.164949|5.626445|5.030947|5.542797|5.433144|5.372204|5.208243,,FP,found in faint-star QLP search
45465399,4879.01,5.376354123277276,1.993246705651868,0.0522943527784276,15.113003433587265,8.224,1.34376,1.40217,4.27044,-0.0622366,6815.31,23.0,False,-7.066409036253417,5.1835,0.225261,-0.0000|-0.0000|-0.0000|-0.0000|-0.0000|-0.0000|-0.0000|-0.0000|-0.0000|-0.0000|-0.0000|-0.0000|-0.0000|-0.0000|-0.0000|-0.0000|-0.0000|-0.0000|-0.0000|-0.0000|-0.0000|-0.0000|-0.0001|-0.0001|-0.0003|-0.0008|-0.0021|-0.0058|-0.0171|-0.0533|-0.1621|-0.4084|-0.7934|-1.2470|-1.6977|-2.1118|-2.4861|-2.8274|-3.1425|-3.4365|-3.7130|-3.9745|-4.2230|-4.4600|-4.6868|-4.9044|-5.1138|-5.3157|-5.5109|-5.7000|-5.8837|-6.0624|-6.2366|-6.4068|-6.5733|-6.7365|-6.8968|-7.0544|-7.2095|-7.3625|-7.5135|-7.6626|-7.8100|-7.9560|-8.1005|-9.2113|-10.2747|-11.3081|-12.3207|-13.3185|-14.3054|-15.2840|-16.2563|-17.2236|-18.1870|-19.1473|-20.1049|-21.0605|-22.0144|-22.9668,2991.675932568181,0.1045887055568552,2.520587019900232e-05,0.0026539211563691,0.0036404420671664,0.496,0.454,False,retired,5.065634|5.236644|5.152245|5.066220|5.518439|4.712817|5.355499|5.069441|5.498312|5.159995,,FP,found in faint-star QLP search
31553893,1058.01,11.12957183306922,5.782924153592418,0.1178007162426587,16.357484385998177,9.114,1.64734,2.97177,3.70464,0.0435053,6233.23,10.0,False,-5.692147006525468,5.1003,0.360381,-0.0000|-0.0000|-0.0000|-0.0000|-0.0000|-0.0000|-0.0000|-0.0000|-0.0000|-0.0000|-0.0000|-0.0000|-0.0000|-0.0000|-0.0000|-0.0000|-0.0000|-0.0000|-0.0000|-0.0001|-0.0002|-0.0003|-0.0005|-0.0010|-0.0021|-0.0042|-0.0090|-0.0203|-0.0480|-0.1100|-0.2312|-0.4427|-0.7633|-1.1642|-1.5734|-1.9331|-2.2319|-2.4845|-2.7069|-2.9092|-3.0973|-3.2746|-3.4433|-3.6049|-3.7604|-3.9108|-4.0566|-4.1983|-4.3364|-4.4712|-4.6030|-4.7321|-4.8587|-4.9830|-5.1051|-5.2253|-5.3436|-5.4601|-5.5751|-5.6885|-5.8005|-5.9111|-6.0204|-6.1286|-6.2356|-7.0529|-7.8246|-8.5653|-9.2846|-9.9887|-10.6818|-11.3669|-12.0458|-12.7200|-13.3905|-14.0581|-14.7231|-15.3862|-16.0475|-16.7074,1663.0256977196295,0.2356014324853174,1.4092821611141255e-05,0.0018870744286911,0.0023729332754351,0.441,0.407,False,known_eb|retired,4.739047|4.735858|5.392665|5.547028|5.181644|5.313667|5.312943|5.519510|4.497601|4.762605,,FP,Centroid offset and a single transit in Y3; centroid offset centered near TIC 31553886 Tmag ~13.3 in spoc-s1-s69; retired as TFOP FP/NEB
330944099,6196.01,3.611902377242089,3.460664397396679,0.0940719050065558,16.14653036386523,,1.08518,1.17561,4.32541,0.00704476,5979.0,21.0,False,-6.069933395705808,4.2873,0.36964,-0.0000|-0.0000|-0.0000|-0.0000|-0.0000|-0.0000|-0.0000|-0.0000|-0.0000|-0.0000|-0.0000|-0.0000|-0.0000|-0.0000|-0.0000|-0.0001|-0.0001|-0.0002|-0.0005|-0.0009|-0.0018|-0.0039|-0.0091|-0.0243|-0.0698|-0.1793|-0.3624|-0.6017|-0.8755|-1.1634|-1.4476|-1.7162|-1.9650|-2.1958|-2.4122|-2.6172|-2.8128|-3.0007|-3.1818|-3.3568|-3.5264|-3.6910|-3.8510|-4.0068|-4.1587|-4.3070|-4.4519|-4.5936|-4.7323|-4.8682|-5.0014|-5.1322|-5.2605|-5.3867|-5.5107|-5.6328|-5.7529|-5.8713|-5.9880|-6.1031|-6.2166|-6.3288|-6.4395|-6.5490|-6.6573|-7.4815|-8.2570|-8.9997|-9.7199|-10.4239|-11.1160|-11.7990|-12.4749|-13.1452|-13.8109|-14.4728|-15.1318|-15.7882|-16.4424|-17.0949,3371.160176567861,0.1881438100131116,6.564323057008682e-05,0.0028926280724346,0.0046960711739988,,,False,retired,3.840682|4.105305|4.060762|4.580488|4.042872|4.513096|4.025447|4.268414|4.246072|5.190140,,FP,found in faint-star QLP search
278726770,6654.01,9.515838669287977,0.8700435228671247,0.0416402252609865,17.56722453810291,22.415,0.68406,0.685416,4.59975,-0.00492101,4481.6,47.0,False,-7.475465827468348,4.6615,0.244812,-0.0000|-0.0000|-0.0000|-0.0000|-0.0000|-0.0000|-0.0000|-0.0000|-0.0000|-0.0000|-0.0000|-0.0000|-0.0000|-0.0000|-0.0000|-0.0000|-0.0000|-0.0000|-0.0001|-0.0001|-0.0002|-0.0005|-0.0011|-0.0026|-0.0063|-0.0161|-0.0436|-0.1182|-0.2853|-0.5700|-0.9480|-1.3640|-1.7683|-2.1373|-2.4696|-2.7715|-3.0499|-3.3098|-3.5547|-3.7870|-4.0088|-4.2213|-4.4259|-4.6234|-4.8146|-5.0002|-5.1808|-5.3568|-5.5287|-5.6968|-5.8614|-6.0228|-6.1813|-6.3370|-6.4901|-6.6409|-6.7895|-6.9361|-7.0807|-7.2234|-7.3645|-7.5040|-7.6420|-7.7786|-7.9139|-8.9504|-9.9355|-10.8866|-11.8144|-12.7256|-13.6247|-14.5148|-15.3979|-16.2758|-17.1495|-18.0199|-18.8878|-19.7536|-20.6177|-21.4805,2964.89756916898,0.083280450521973,2.1115590195470604e-05,0.0016812556878763,0.0014614237380041,2.83,2.799,False,retired,5.090242|4.307827|4.816579|4.945468|4.650485|4.280348|4.697294|4.667176|4.466434|4.692751,,FP,evolved host; Rstar may be smaller (~5.8 Rsun in Sharma+ 2018); possible depth aperture correlation; TFOP retired as NEB
420108587,4164.01,3.5229144817152944,2.523086404108389,0.0492235899524295,9.36328324989445,3.279,0.995188,1.59902,4.01878,-0.771005,6392.82,155.0,False,-4.8218616921644415,5.2823,0.261234,-0.0000|-0.0000|-0.0000|-0.0000|-0.0000|-0.0000|-0.0000|-0.0000|-0.0000|-0.0000|-0.0000|-0.0000|-0.0000|-0.0000|-0.0000|-0.0000|-0.0000|-0.0000|-0.0000|-0.0000|-0.0000|-0.0000|-0.0001|-0.0001|-0.0003|-0.0008|-0.0019|-0.0048|-0.0130|-0.0372|-0.1069|-0.2759|-0.5838|-1.0034|-1.4624|-1.9014|-2.2981|-2.6548|-2.9798|-3.2801|-3.5610|-3.8259|-4.0775|-4.3175|-4.5476|-4.7689|-4.9822|-5.1883|-5.3879|-5.5813|-5.7691|-5.9515|-6.1290|-6.3017|-6.4700|-6.6341|-6.7942|-6.9506|-7.1034|-7.2529|-7.3993|-7.5428|-7.6835|-7.8217|-7.9576|-8.9732|-9.9165|-10.8239|-11.7130|-12.5919|-13.4647|-14.3333|-15.1991|-16.0628|-16.9249|-17.7858|-18.6458|-19.5050|-20.3635|-21.2216,2584.9341743756027,0.098447179904859,1.5094993700833247e-05,0.003322153326513,0.0034663547749084,0.248,0.237,False,retired,4.798566|5.151721|5.301933|5.605434|5.688317|5.250627|5.437467|4.922030|5.305520|5.361794,,FP,found in faint-star QLP search; potential centroid offset; bad transit shape
100769500,6128.01,4.505079613842054,4.414350750253948,0.0442524753966299,12.142968691739563,11.462,0.991423,0.987701,4.44143,0.0269194,5713.2,5.0,False,-6.176064786169142,4.2683,0.315363,-0.0000|-0.0000|-0.0000|-0.0000|-0.0000|-0.0000|-0.0000|-0.0000|-0.0000|-0.0000|-0.0000|-0.0000|-0.0000|-0.0001|-0.0001|-0.0002|-0.0004|-0.0006|-0.0011|-0.0021|-0.0039|-0.0076|-0.0152|-0.0317|-0.0677|-0.1435|-0.2849|-0.5116|-0.8249|-1.2046|-1.6149|-2.0180|-2.3881|-2.7175|-3.0109|-3.2765|-3.5209|-3.7489|-3.9635|-4.1671|-4.3610|-4.5467|-4.7249|-4.8965|-5.0620|-5.2220|-5.3769|-5.5271|-5.6730|-5.8149|-5.9531|-6.0878|-6.2193|-6.3478|-6.4736|-6.5969|-6.7177|-6.8364|-6.9530|-7.0678|-7.1808|-7.2921|-7.4019|-7.5104|-7.6175|-8.4325|-9.2022|-9.9450|-10.6714|-11.3873|-12.0966|-12.8014|-13.5033|-14.2030|-14.9013|-15.5984|-16.2946|-16.9901|-17.6850|-18.3794,3563.878461387992,0.0885049507932598,0.0015199165836139,0.0034664132049776,0.0034461571541392,0.753,0.736,False,retired,4.604137|4.326687|3.911447|4.252049|4.028255|3.690849|4.722371|4.653186|4.200023|4.294453,,FP,found in faint-star QLP search
144441148,1837.01,5.818381053065288,0.982448057700125,0.020162499161192,30.717332578730613,6.989,1.29203,1.691,4.08042,0.00571507,6209.2,6.0,False,-8.995138193052432,4.6204,0.240298,-0.0000|-0.0000|-0.0000|-0.0000|-0.0000|-0.0000|-0.0000|-0.0000|-0.0000|-0.0000|-0.0000|-0.0000|-0.0000|-0.0000|-0.0000|-0.0000|-0.0000|-0.0000|-0.0001|-0.0001|-0.0003|-0.0006|-0.0013|-0.0029|-0.0072|-0.0192|-0.0550|-0.1525|-0.3513|-0.6554|-1.0305|-1.4250|-1.7991|-2.1382|-2.4448|-2.7259|-2.9874|-3.2335|-3.4669|-3.6895|-3.9029|-4.1082|-4.3063|-4.4979|-4.6836|-4.8641|-5.0396|-5.2107|-5.3778|-5.5410|-5.7007|-5.8572|-6.0107|-6.1614|-6.3095|-6.4552|-6.5986|-6.7399|-6.8793|-7.0168|-7.1527|-7.2869|-7.4197|-7.5511|-7.6811|-8.6785|-9.6292|-10.5508|-11.4529|-12.3411|-13.2186|-14.0875|-14.9494|-15.8054|-16.6564|-17.5031|-18.3463|-19.1864|-20.0241|-20.8596,1931.2488588611889,0.040324998322384,4.624311485766651e-06,0.000846374126627,0.0012422698993428,0.285,0.306,False,retired,4.677707|5.047620|4.826919|4.280922|4.471659|4.341556|4.485924|4.765775|4.437827|4.867999,,FP,Centroid offset at 3sigma; but consistent with a bright star.
9830791,3766.01,3.5485241161539904,0.8422160394535846,0.0740486581513815,19.04887151700653,6.878,0.958527,0.919306,4.49161,0.0260492,5615.31,9.0,False,-7.850903988640351,5.7472,0.19786,-0.0000|-0.0000|-0.0000|-0.0000|-0.0000|-0.0000|-0.0000|-0.0000|-0.0000|-0.0000|-0.0000|-0.0000|-0.0000|-0.0000|-0.0000|-0.0000|-0.0000|-0.0000|-0.0000|-0.0000|-0.0000|-0.0000|-0.0000|-0.0000|-0.0000|-0.0000|-0.0001|-0.0002|-0.0006|-0.0018|-0.0058|-0.0211|-0.0824|-0.2781|-0.6459|-1.1041|-1.5622|-1.9824|-2.3635|-2.7132|-3.0381|-3.3429|-3.6311|-3.9051|-4.1667|-4.4176|-4.6588|-4.8916|-5.1166|-5.3346|-5.5462|-5.7520|-5.9523|-6.1476|-6.3383|-6.5245|-6.7066|-6.8848|-7.0593|-7.2303|-7.3981|-7.5627|-7.7244|-7.8833|-8.0395|-9.2036|-10.2707|-11.2851|-12.2726|-13.2467|-14.2139|-15.1776|-16.1393|-17.1001|-18.0602|-19.0201|-19.9798|-20.9393|-21.8989|-22.8583,3286.6500558619387,0.148097316302763,3.242848865239984e-05,0.0021735691187791,0.0038135228076126,0.392,0.359,False,retired,5.588500|5.556455|5.859224|6.022775|6.129393|5.556455|5.767849|5.616653|5.818739|5.556455,,FP,low SNR; found in faint-star QLP search
422159302,7183.01,10.574420019831637,8.511968571310401,0.0698024516975139,7.0316874030817935,4.271,1.49514,1.60803,4.19695,-0.111741,9088.0,12.0,False,-2.264623150909379,5.7311,0.276491,-0.0000|-0.0000|-0.0000|-0.0000|-0.0000|-0.0000|-0.0000|-0.0000|-0.0000|-0.0000|-0.0000|-0.0000|-0.0000|-0.0000|-0.0000|-0.0000|-0.0000|-0.0000|-0.0000|-0.0000|-0.0000|-0.0000|-0.0000|-0.0000|-0.0001|-0.0001|-0.0003|-0.0006|-0.0015|-0.0039|-0.0110|-0.0332|-0.1038|-0.2814|-0.6034|-1.0336|-1.4771|-1.8717|-2.2126|-2.5138|-2.7870|-3.0396|-3.2760|-3.4993|-3.7114|-3.9141|-4.1085|-4.2956|-4.4761|-4.6509|-4.8203|-4.9850|-5.1452|-5.3014|-5.4539|-5.6029|-5.7487|-5.8915|-6.0316|-6.1691|-6.3043|-6.4372|-6.5680|-6.6968|-6.8239|-7.7824|-8.6766|-9.5323|-10.3643|-11.1812|-11.9880|-12.7878|-13.5825|-14.3734|-15.1613|-15.9468|-16.7304|-17.5123|-18.2929|-19.0723,2861.8746774906813,0.1396049033950278,7.807935963426281e-05,0.0046193569353733,0.0039090267244817,1.925,1.866,False,retired,6.220556|5.787343|6.018109|5.910305|5.767295|5.458134|5.483881|5.286811|5.502917|5.875512,,FP,weak transit shape; possibly SV
418133917,3991.01,2.2773622098880475,0.7305132294445369,0.0828042313711453,9.654675887392656,8.977,1.59053,3.38265,3.54457,-0.000561673,5651.0,59.0,False,-3.833985243321873,5.0837,0.453997,-0.0000|-0.0000|-0.0000|-0.0000|-0.0000|-0.0000|-0.0000|-0.0000|-0.0000|-0.0000|-0.0000|-0.0000|-0.0000|-0.0000|-0.0000|-0.0000|-0.0000|-0.0000|-0.0001|-0.0001|-0.0002|-0.0004|-0.0008|-0.0017|-0.0034|-0.0071|-0.0156|-0.0354|-0.0796|-0.1664|-0.3124|-0.5264|-0.8042|-1.1233|-1.4472|-1.7466|-2.0132|-2.2517|-2.4692|-2.6710|-2.8606|-3.0402|-3.2115|-3.3757|-3.5336|-3.6859|-3.8332|-3.9759|-4.1144|-4.2491|-4.3801|-4.5077|-4.6322|-4.7538|-4.8725|-4.9886|-5.1022|-5.2135|-5.3225|-5.4294|-5.5342|-5.6372|-5.7383|-5.8377|-5.9354|-6.6626|-7.3222|-7.9364|-8.5200|-9.0825|-9.6302|-10.1674|-10.6969|-11.2206|-11.7401|-12.2563|-12.7699|-13.2816|-13.7917|-14.3006,2854.0923185026736,0.1656084627422906,1.1730061547713631e-05,0.002396581961855,0.0040719903613444,0.892,0.843,False,snrd|retired,5.059317|5.000864|4.343040|4.566248|4.923484|5.327770|5.406449|5.807420|4.703060|5.699553,,FP,found in faint-star QLP search
72668830,4296.01,19.97028335780669,13.548818024402976,0.0311025011783913,11.227545183526669,2.59,0.832228,0.831274,4.5139,0.154579,5077.68,5.0,False,-3.7473424494971375,7.0654,0.378477,-0.0000|-0.0000|-0.0000|-0.0000|-0.0000|-0.0000|-0.0000|-0.0000|-0.0000|-0.0000|-0.0000|-0.0000|-0.0000|-0.0000|-0.0000|-0.0000|-0.0000|-0.0000|-0.0000|-0.0000|-0.0000|-0.0000|-0.0000|-0.0000|-0.0000|-0.0000|-0.0000|-0.0000|-0.0000|-0.0001|-0.0002|-0.0004|-0.0009|-0.0022|-0.0053|-0.0136|-0.0376|-0.1048|-0.2594|-0.5383|-0.9373|-1.3810|-1.7870|-2.1342|-2.4355|-2.7052|-2.9523|-3.1824|-3.3987|-3.6038|-3.7992|-3.9863|-4.1661|-4.3393|-4.5066|-4.6687|-4.8259|-4.9787|-5.1274|-5.2723|-5.4138|-5.5520|-5.6871|-5.8195|-5.9492|-6.9062|-7.7720|-8.5851|-9.3669|-10.1294|-10.8797|-11.6218|-12.3584|-13.0911|-13.8210|-14.5489|-15.2753|-16.0007|-16.7251|-17.4489,1399.493291360222,0.0622050023567826,1.778064780054062e-05,0.0013575788018334,0.0021699943194235,0.201,0.194,False,snrd|retired,7.595779|6.842959|7.346919|6.652358|7.301878|6.464961|7.435978|7.438124|6.836193|6.738938,,FA,retired as TFOP FA; this is a combination of two transits of ~5 day signal (.02) at TBJD ~ 1399.5 and TBJD ~ 2138.4) and one transit of the ~12 day signal (.03) at TBJD ~2118.4
279769094,4047.01,4.503489901829557,1.243171911765138,0.0704416680828321,8.986797115301686,6.004,1.99267,1.50616,4.37117,-0.252957,9921.4,31.0,False,-4.57677387188895,4.9319,0.23006,-0.0000|-0.0000|-0.0000|-0.0000|-0.0000|-0.0000|-0.0000|-0.0000|-0.0000|-0.0000|-0.0000|-0.0000|-0.0000|-0.0000|-0.0000|-0.0000|-0.0000|-0.0000|-0.0000|-0.0000|-0.0000|-0.0001|-0.0002|-0.0004|-0.0010|-0.0027|-0.0076|-0.0232|-0.0756|-0.2222|-0.4964|-0.8657|-1.2689|-1.6578|-2.0139|-2.3384|-2.6374|-2.9166|-3.1796|-3.4293|-3.6675|-3.8957|-4.1151|-4.3264|-4.5305|-4.7280|-4.9194|-5.1049|-5.2851|-5.4603|-5.6306|-5.7963|-5.9576|-6.1148|-6.2680|-6.4174|-6.5632|-6.7055|-6.8446|-6.9805|-7.1136|-7.2439|-7.3716|-7.4970|-7.6201|-8.5366|-9.3823|-10.1931|-10.9860|-11.7693|-12.5469|-13.3208|-14.0921|-14.8616|-15.6296|-16.3964|-17.1622|-17.9273|-18.6917|-19.4555,2854.6044557203018,0.1408833361656642,2.553145302780602e-05,0.0028840800531367,0.0039728960999035,0.427,0.41,False,retired,4.609556|4.848197|5.080135|4.715766|4.739386|4.888144|5.121518|5.401882|4.794875|5.119216,,FP,found in faint-star QLP search
64837857,6650.03,8.996491035978845,7.131011445458212,0.0642443568053355,19.257790887835377,4.087,1.29838,1.46627,4.20247,-0.0740579,6500.6,15.0,False,-6.808802548736635,5.7904,0.356526,-0.0000|-0.0000|-0.0000|-0.0000|-0.0000|-0.0000|-0.0000|-0.0000|-0.0000|-0.0000|-0.0000|-0.0000|-0.0000|-0.0000|-0.0000|-0.0000|-0.0000|-0.0000|-0.0000|-0.0000|-0.0000|-0.0000|-0.0000|-0.0000|-0.0001|-0.0001|-0.0003|-0.0006|-0.0016|-0.0041|-0.0118|-0.0362|-0.1104|-0.2833|-0.5665|-0.9262|-1.3124|-1.6833|-2.0226|-2.3322|-2.6183|-2.8859|-3.1385|-3.3786|-3.6079|-3.8277|-4.0390|-4.2427|-4.4394|-4.6298|-4.8143|-4.9934|-5.1673|-5.3364|-5.5008|-5.6609|-5.8168|-5.9685|-6.1164|-6.2604|-6.4007|-6.5374|-6.6706|-6.8005|-6.9270|-7.8338|-8.6152|-9.3328|-10.0215|-10.6974|-11.3675|-12.0348|-12.7006|-13.3658|-14.0306|-14.6951|-15.3596|-16.0240|-16.6884|-17.3527,1745.8044742329566,0.128488713610671,1.6518266886236947e-05,0.0025258329708489,0.0027624369186893,0.217,0.192,False,retired,6.103053|5.233742|5.467610|6.243856|6.467671|5.592246|5.604927|5.747841|5.792548|5.650766,,FP,potential multi; TFOP FP/NPC; true source of this of this signal is TIC 64837877 (Tmag = 12.9)
324609476,5041.01,0.7339107506174568,0.7255217402863612,0.0142217642914472,73.79507768452694,9.852,0.458203,0.476235,4.73884,0.0886318,3538.58,173.0,False,-12.117130444672537,5.2051,0.219809,-0.0000|-0.0000|-0.0000|-0.0000|-0.0000|-0.0000|-0.0000|-0.0000|-0.0000|-0.0000|-0.0000|-0.0000|-0.0000|-0.0000|-0.0000|-0.0000|-0.0000|-0.0000|-0.0000|-0.0000|-0.0000|-0.0001|-0.0002|-0.0003|-0.0007|-0.0015|-0.0034|-0.0082|-0.0211|-0.0575|-0.1585|-0.3861|-0.7511|-1.1907|-1.6310|-2.0353|-2.3985|-2.7273|-3.0292|-3.3101|-3.5741|-3.8241|-4.0622|-4.2903|-4.5094|-4.7208|-4.9252|-5.1234|-5.3159|-5.5033|-5.6860|-5.8643|-6.0387|-6.2094|-6.3767|-6.5409|-6.7022|-6.8608|-7.0169|-7.1706|-7.3222|-7.4717|-7.6194|-7.7654|-7.9097|-9.0114|-10.0569|-11.0696|-12.0623|-13.0423|-14.0138|-14.9795|-15.9408|-16.8988|-17.8544|-18.8079|-19.7597|-20.7102|-21.6596|-22.6079,3098.406338666224,0.0284435285828944,3.422562172544832e-07,0.0003563422369416,0.0004101020234865,0.952,0.909,False,known_eb|retired,5.452653|5.231001|5.163329|5.465662|4.772700|5.069248|5.123577|5.071126|5.152086|5.549687,,FP,found in faint-star QLP search; ~8-10 sigma odd-even in SPOC s1-s69; v-shaped; retired as TFOP FP/EB
115242351,297.01,5.674861942086901,1.7347365353932016,0.0245952737217634,20.612678221480955,8.962,0.795013,0.916747,4.39875,-0.0514565,5215.66,15.0,False,-6.797273034469543,5.5556,0.400781,-0.0000|-0.0000|-0.0000|-0.0000|-0.0000|-0.0000|-0.0000|-0.0000|-0.0000|-0.0000|-0.0000|-0.0000|-0.0000|-0.0000|-0.0000|-0.0000|-0.0000|-0.0000|-0.0000|-0.0000|-0.0000|-0.0000|-0.0000|-0.0001|-0.0002|-0.0004|-0.0009|-0.0022|-0.0055|-0.0150|-0.0435|-0.1229|-0.2927|-0.5579|-0.8893|-1.2475|-1.5977|-1.9221|-2.2193|-2.4937|-2.7500|-2.9915|-3.2206|-3.4389|-3.6479|-3.8484|-4.0414|-4.2274|-4.4071|-4.5810|-4.7496|-4.9131|-5.0721|-5.2267|-5.3773|-5.5241|-5.6675|-5.8075|-5.9445|-6.0786|-6.2100|-6.3388|-6.4653|-6.5896|-6.7118|-7.6236|-8.4606|-9.2521|-10.0149|-10.7587|-11.4894|-12.2109|-12.9257|-13.6356|-14.3416|-15.0448|-15.7456|-16.4447|-17.1423|-17.8387,1355.8683089326323,0.0491905474435268,8.778550199485393e-06,0.0021988034636223,0.0026770759812894,0.615,0.598,False,known_eb|retired,5.337009|5.434521|5.840186|5.250561|4.892919|5.517376|6.095631|5.442819|6.332874|5.411875,,FP,~6000 ppm secondary in SPOC s1-s69; retired as TFOP FP/EB
356158613,1449.01,21.3886565537317,8.25690349,0.0559784894768614,15.018877896719596,2.566,0.5883167706832826,0.6147458286143846,4.625878832242675,-0.0641232515247274,3951.411896846537,10.0,,-4.328836457003272,7.0641,0.491347,-0.0000|-0.0000|-0.0000|-0.0000|-0.0000|-0.0000|-0.0000|-0.0000|-0.0000|-0.0000|-0.0000|-0.0000|-0.0000|-0.0000|-0.0000|-0.0000|-0.0000|-0.0000|-0.0000|-0.0000|-0.0000|-0.0000|-0.0000|-0.0000|-0.0000|-0.0000|-0.0000|-0.0000|-0.0001|-0.0002|-0.0003|-0.0006|-0.0014|-0.0031|-0.0075|-0.0197|-0.0555|-0.1456|-0.3126|-0.5600|-0.8707|-1.2055|-1.5228|-1.8055|-2.0577|-2.2876|-2.5012|-2.7023|-2.8934|-3.0761|-3.2516|-3.4210|-3.5848|-3.7438|-3.8984|-4.0490|-4.1961|-4.3399|-4.4806|-4.6187|-4.7542|-4.8873|-5.0183|-5.1473|-5.2743|-6.2313|-7.1195|-7.9629|-8.7750|-9.5645|-10.3370|-11.0968|-11.8466|-12.5888|-13.3248|-14.0561|-14.7835|-15.5078|-16.2296|-16.9492,1691.6178223432332,0.1119569789537228,3.331042887011179e-05,0.0017379624564847,0.001822694775831,0.153,0.147,True,,7.793358|6.646929|7.094648|6.516353|6.438477|6.610431|7.901504|7.362797|7.204330|7.071904,,FA,single transit
